{
	"credit": "Made with Blockbench",
	"textures": {
		"0": "block/crafting_table_top",
		"3": "block/crafting_table_side",
		"4": "block/oak_planks",
		"6": "block/crafting_table_tools",
		"particle": "block/crafting_table_top"
	},
	"elements": [
		{
			"name": "crafting_table",
			"from": [0, 0, 0],
			"to": [16, 16, 16],
			"faces": {
				"north": {"uv": [0, 0, 16, 16], "texture": "#3"},
				"east": {"uv": [0, 0, 16, 16], "texture": "#3"},
				"south": {"uv": [0, 0, 16, 16], "texture": "#3"},
				"west": {"uv": [0, 0, 16, 16], "texture": "#3"},
				"up": {"uv": [0, 0, 16, 16], "texture": "#0"},
				"down": {"uv": [0, 0, 16, 16], "texture": "#4"}
			}
		},
		{
			"name": "crafting_table_tools_3",
			"from": [13.5, 16, -0.5],
			"to": [17, 16.5, 0.5],
			"rotation": {"angle": 45, "axis": "y", "origin": [14.25, 15.75, 9.25]},
			"faces": {
				"north": {"uv": [12.5, 0, 16, 0.5], "texture": "#6"},
				"east": {"uv": [12.5, 0, 13, 1], "rotation": 90, "texture": "#6"},
				"south": {"uv": [12.5, 0.5, 16, 1], "rotation": 180, "texture": "#6"},
				"west": {"uv": [15.5, 0, 16, 1], "rotation": 270, "texture": "#6"},
				"up": {"uv": [16, 0, 12.5, 1], "texture": "#6"},
				"down": {"uv": [12.5, 0, 16, 1], "rotation": 180, "texture": "#6"}
			}
		},
		{
			"name": "crafting_table_tools_5",
			"from": [16.5, 16, 0.5],
			"to": [17, 16.5, 5],
			"rotation": {"angle": 45, "axis": "y", "origin": [14.25, 15.75, 9.25]},
			"faces": {
				"north": {"uv": [12.5, 1, 13, 1.5], "texture": "#6"},
				"east": {"uv": [12.5, 1, 13, 5.5], "rotation": 90, "texture": "#6"},
				"south": {"uv": [12.5, 5, 13, 5.5], "rotation": 180, "texture": "#6"},
				"west": {"uv": [12.5, 1, 13, 5.5], "rotation": 270, "texture": "#6"},
				"up": {"uv": [13, 1, 12.5, 5.5], "texture": "#6"},
				"down": {"uv": [12.5, 1, 13, 5.5], "rotation": 180, "texture": "#6"}
			}
		},
		{
			"name": "crafting_table_tools_6",
			"from": [13.5, 16, 0.5],
			"to": [14, 16.5, 11],
			"rotation": {"angle": 45, "axis": "y", "origin": [14.25, 15.75, 9.25]},
			"faces": {
				"north": {"uv": [15.5, 1, 16, 1.5], "texture": "#6"},
				"east": {"uv": [15.5, 1, 16, 11.5], "rotation": 90, "texture": "#6"},
				"south": {"uv": [15.5, 11, 16, 11.5], "rotation": 180, "texture": "#6"},
				"west": {"uv": [15.5, 1, 16, 11.5], "rotation": 270, "texture": "#6"},
				"up": {"uv": [16, 1, 15.5, 11.5], "texture": "#6"},
				"down": {"uv": [15.5, 1, 16, 11.5], "rotation": 180, "texture": "#6"}
			}
		},
		{
			"name": "crafting_table_tools_7",
			"from": [14, 16, 1],
			"to": [16.5, 16.5, 6.5],
			"rotation": {"angle": 45, "axis": "y", "origin": [14.25, 15.75, 9.25]},
			"faces": {
				"north": {"uv": [13, 1.5, 15.5, 2], "texture": "#6"},
				"east": {"uv": [13, 1.5, 13.5, 7], "rotation": 90, "texture": "#6"},
				"south": {"uv": [13, 6.5, 15.5, 7], "rotation": 180, "texture": "#6"},
				"west": {"uv": [15, 1.5, 15.5, 7], "rotation": 270, "texture": "#6"},
				"up": {"uv": [15.5, 1.5, 13, 7], "texture": "#6"},
				"down": {"uv": [13, 1.5, 15.5, 7], "rotation": 180, "texture": "#6"}
			}
		},
		{
			"name": "crafting_table_tools_9",
			"from": [14, 16, 6.5],
			"to": [16, 16.5, 8],
			"rotation": {"angle": 45, "axis": "y", "origin": [14.25, 15.75, 9.25]},
			"faces": {
				"north": {"uv": [13.5, 7, 15.5, 7.5], "texture": "#6"},
				"east": {"uv": [13.5, 7, 14, 8.5], "rotation": 90, "texture": "#6"},
				"south": {"uv": [13.5, 8, 15.5, 8.5], "rotation": 180, "texture": "#6"},
				"west": {"uv": [15, 7, 15.5, 8.5], "rotation": 270, "texture": "#6"},
				"up": {"uv": [15.5, 7, 13.5, 8.5], "texture": "#6"},
				"down": {"uv": [13.5, 7, 15.5, 8.5], "rotation": 180, "texture": "#6"}
			}
		},
		{
			"name": "crafting_table_tools_11",
			"from": [14, 16, 8],
			"to": [15.5, 16.5, 9.5],
			"rotation": {"angle": 45, "axis": "y", "origin": [14.25, 15.75, 9.25]},
			"faces": {
				"north": {"uv": [14, 8.5, 15.5, 9], "texture": "#6"},
				"east": {"uv": [14, 8.5, 14.5, 10], "rotation": 90, "texture": "#6"},
				"south": {"uv": [14, 9.5, 15.5, 10], "rotation": 180, "texture": "#6"},
				"west": {"uv": [15, 8.5, 15.5, 10], "rotation": 270, "texture": "#6"},
				"up": {"uv": [15.5, 8.5, 14, 10], "texture": "#6"},
				"down": {"uv": [14, 8.5, 15.5, 10], "rotation": 180, "texture": "#6"}
			}
		},
		{
			"name": "crafting_table_tools_12",
			"from": [14.5, 16, 9.5],
			"to": [15.5, 16.5, 10],
			"rotation": {"angle": 45, "axis": "y", "origin": [14.25, 15.75, 9.25]},
			"faces": {
				"north": {"uv": [14, 10, 15, 10.5], "texture": "#6"},
				"east": {"uv": [14, 10, 14.5, 10.5], "rotation": 90, "texture": "#6"},
				"south": {"uv": [14, 10, 15, 10.5], "rotation": 180, "texture": "#6"},
				"west": {"uv": [14.5, 10, 15, 10.5], "rotation": 270, "texture": "#6"},
				"up": {"uv": [15, 10, 14, 10.5], "texture": "#6"},
				"down": {"uv": [14, 10, 15, 10.5], "rotation": 180, "texture": "#6"}
			}
		},
		{
			"name": "crafting_table_tools_13",
			"from": [14, 16, 10],
			"to": [15, 16.5, 11],
			"rotation": {"angle": 45, "axis": "y", "origin": [14.25, 15.75, 9.25]},
			"faces": {
				"north": {"uv": [14.5, 10.5, 15.5, 11], "texture": "#6"},
				"east": {"uv": [14.5, 10.5, 15, 11.5], "rotation": 90, "texture": "#6"},
				"south": {"uv": [14.5, 11, 15.5, 11.5], "rotation": 180, "texture": "#6"},
				"west": {"uv": [15, 10.5, 15.5, 11.5], "rotation": 270, "texture": "#6"},
				"up": {"uv": [15.5, 10.5, 14.5, 11.5], "texture": "#6"},
				"down": {"uv": [14.5, 10.5, 15.5, 11.5], "rotation": 180, "texture": "#6"}
			}
		},
		{
			"from": [2.81875, 16.35, 3.625],
			"to": [4.11875, 17.65, 10.775],
			"rotation": {"angle": -22.5, "axis": "y", "origin": [3, 17, 10.125]},
			"faces": {
				"north": {"uv": [9.5, 8.5, 10.5, 9], "rotation": 180, "texture": "#6"},
				"east": {"uv": [9.5, 2, 10.5, 9], "rotation": 270, "texture": "#6"},
				"west": {"uv": [9.5, 2, 10.5, 9], "rotation": 90, "texture": "#6"},
				"up": {"uv": [9.5, 2, 10.5, 9], "rotation": 180, "texture": "#6"},
				"down": {"uv": [9.5, 2, 10.5, 9], "texture": "#6"}
			}
		},
		{
			"from": [0.86875, 16.025, 10.775],
			"to": [6.06875, 17.975, 12.725],
			"rotation": {"angle": -22.5, "axis": "y", "origin": [3, 17, 10.125]},
			"faces": {
				"north": {"uv": [8, 0, 12, 1.5], "rotation": 180, "texture": "#6"},
				"east": {"uv": [8, 0, 12, 2], "rotation": 270, "texture": "#6"},
				"south": {"uv": [8, 0, 12, 1.5], "texture": "#6"},
				"west": {"uv": [8, 0, 12, 2], "rotation": 90, "texture": "#6"},
				"up": {"uv": [8, 0, 12, 2], "rotation": 180, "texture": "#6"},
				"down": {"uv": [8, 0, 12, 2], "texture": "#6"}
			}
		},
		{
			"from": [2.35, 16.35, 12.725],
			"to": [3.65, 17.65, 13.375],
			"rotation": {"angle": -22.5, "axis": "y", "origin": [3, 17, 10.125]},
			"faces": {
				"east": {"uv": [9.5, 2, 10.5, 3], "rotation": 270, "texture": "#6"},
				"south": {"uv": [9.5, 2, 10.5, 3], "texture": "#6"},
				"west": {"uv": [9.5, 2, 10.5, 3], "rotation": 90, "texture": "#6"},
				"up": {"uv": [9.5, 2, 10.5, 3], "rotation": 180, "texture": "#6"},
				"down": {"uv": [9.5, 2, 10.5, 3], "texture": "#6"}
			}
		}
	],
	"display": {
		"thirdperson_righthand": {
			"rotation": [75, 45, 0],
			"translation": [0, 2.5, 0],
			"scale": [0.375, 0.375, 0.375]
		},
		"thirdperson_lefthand": {
			"rotation": [75, 45, 0],
			"translation": [0, 2.5, 0],
			"scale": [0.375, 0.375, 0.375]
		},
		"firstperson_righthand": {
			"rotation": [0, 45, 0],
			"scale": [0.4, 0.4, 0.4]
		},
		"firstperson_lefthand": {
			"rotation": [0, 225, 0],
			"scale": [0.4, 0.4, 0.4]
		},
		"ground": {
			"translation": [0, 3, 0],
			"scale": [0.25, 0.25, 0.25]
		},
		"gui": {
			"rotation": [30, 225, 0],
			"scale": [0.625, 0.625, 0.625]
		},
		"fixed": {
			"scale": [0.5, 0.5, 0.5]
		}
	},
	"groups": [
		0,
		{
			"name": "crafting_table_tools",
			"origin": [8, 8, 8],
			"color": 0,
			"children": [1, 2, 3, 4, 5, 6, 7, 8, 9, 10, 11]
		}
	]
}