{
	"textures": {
		"cross": "block/crimson_fungus",
		"particle": "block/crimson_fungus"
	},
	"elements": [
		{
			"from": [7, 0, 7],
			"to": [9, 5, 9],
			"faces": {
				"north": {"uv": [7, 11, 9, 16], "texture": "#cross"},
				"east": {"uv": [7, 11, 9, 16], "texture": "#cross"},
				"south": {"uv": [7, 11, 9, 16], "texture": "#cross"},
				"west": {"uv": [7, 11, 9, 16], "texture": "#cross"},
				"up": {"uv": [7, 11, 9, 16], "texture": "#cross"},
				"down": {"uv": [7, 11, 9, 16], "texture": "#cross"}
			}
		},
		{
			"from": [4, 5, 4],
			"to": [12, 6, 12],
			"rotation": {"angle": 0, "axis": "y", "origin": [8, 13, 8]},
			"faces": {
				"north": {"uv": [4, 10, 12, 11], "texture": "#cross"},
				"east": {"uv": [4, 10, 12, 11], "texture": "#cross"},
				"south": {"uv": [4, 10, 12, 11], "texture": "#cross"},
				"west": {"uv": [4, 10, 12, 11], "texture": "#cross"},
				"up": {"uv": [4, 10, 12, 11], "texture": "#cross"},
				"down": {"uv": [9, 8, 12, 11], "texture": "#cross"}
			}
		},
		{
			"from": [3, 6, 3],
			"to": [13, 8, 13],
			"rotation": {"angle": 0, "axis": "y", "origin": [8, 14, 8]},
			"faces": {
				"north": {"uv": [3, 8, 13, 10], "texture": "#cross"},
				"east": {"uv": [3, 8, 13, 10], "texture": "#cross"},
				"south": {"uv": [3, 8, 13, 10], "texture": "#cross"},
				"west": {"uv": [3, 8, 13, 10], "texture": "#cross"},
				"up": {"uv": [5, 5, 11, 11], "rotation": 90, "texture": "#cross"},
				"down": {"uv": [3, 8, 13, 10], "texture": "#cross"}
			}
		},
		{
			"from": [5, 8, 5],
			"to": [11, 11, 11],
			"rotation": {"angle": 0, "axis": "y", "origin": [8, 16, 8]},
			"faces": {
				"north": {"uv": [5, 5, 11, 8], "texture": "#cross"},
				"east": {"uv": [5, 5, 11, 8], "rotation": 180, "texture": "#cross"},
				"south": {"uv": [5, 5, 11, 8], "texture": "#cross"},
				"west": {"uv": [5, 5, 11, 8], "texture": "#cross"},
				"up": {"uv": [5, 5, 11, 11], "texture": "#cross"},
				"down": {"uv": [5, 5, 11, 8], "texture": "#cross"}
			}
		},
		{
			"from": [6, 11, 6],
			"to": [10, 12, 10],
			"rotation": {"angle": 0, "axis": "y", "origin": [8, 19, 8]},
			"faces": {
				"north": {"uv": [6, 4, 10, 5], "texture": "#cross"},
				"east": {"uv": [6, 4, 10, 5], "texture": "#cross"},
				"south": {"uv": [6, 4, 10, 5], "texture": "#cross"},
				"west": {"uv": [6, 4, 10, 5], "texture": "#cross"},
				"up": {"uv": [6, 4, 10, 8], "texture": "#cross"},
				"down": {"uv": [6, 4, 10, 5], "texture": "#cross"}
			}
		}
	]
}