{
	"credit": "Made with Blockbench",
	"ambientocclusion": false,
	"textures": {
		"particle": "block/iron_bars",
		"edge": "block/iron_bars"
	},
	"elements": [
		{
			"from": [7.5, 0, 2],
			"to": [8.5, 16, 4],
			"faces": {
				"north": {"uv": [2, 0, 3, 16], "texture": "#edge"},
				"east": {"uv": [12, 0, 14, 16], "texture": "#edge"},
				"south": {"uv": [3, 0, 4, 16], "texture": "#edge"},
				"west": {"uv": [2, 0, 4, 16], "texture": "#edge"},
				"up": {"uv": [0, 7, 1, 9], "texture": "#edge"},
				"down": {"uv": [2, 15, 4, 16], "rotation": 270, "texture": "#edge"}
			}
		},
		{
			"from": [7.5, 0, 7],
			"to": [8.5, 16, 8],
			"faces": {
				"north": {"uv": [7, 0, 8, 16], "texture": "#edge"},
				"east": {"uv": [7, 0, 8, 16], "texture": "#edge"},
				"south": {"uv": [7, 0, 8, 16], "texture": "#edge"},
				"west": {"uv": [7, 0, 8, 16], "texture": "#edge"},
				"up": {"uv": [7, 7, 8, 8], "texture": "#edge"},
				"down": {"uv": [7, 8, 8, 9], "texture": "#edge"}
			}
		},
		{
			"from": [7.5, 12, 4],
			"to": [8.5, 14, 7],
			"faces": {
				"east": {"uv": [4, 2, 7, 4], "texture": "#edge"},
				"west": {"uv": [4, 2, 7, 4], "texture": "#edge"},
				"up": {"uv": [2, 4, 3, 7], "texture": "#edge"},
				"down": {"uv": [4, 3, 7, 4], "rotation": 90, "texture": "#edge"}
			}
		},
		{
			"from": [7.5, 7, 0],
			"to": [8.5, 9, 2],
			"faces": {
				"north": {"uv": [0, 7, 1, 9], "texture": "#edge"},
				"east": {"uv": [14, 7, 16, 9], "texture": "#edge"},
				"west": {"uv": [0, 7, 2, 9], "texture": "#edge"},
				"up": {"uv": [0, 7, 2, 8], "texture": "#edge"},
				"down": {"uv": [0, 8, 2, 9], "texture": "#edge"}
			}
		}
	],
	"groups": [
		{
			"name": "L",
			"origin": [0, 0, 0],
			"color": 0,
			"children": [0, 1, 2]
		},
		3
	]
}