{
	"credit": "Made with Blockbench",
	"textures": {
		"0": "custom/iron_door_t",
		"particle": "custom/iron_door_t"
	},
	"elements": [
		{
			"name": "bass 1",
			"from": [0, 0, 0],
			"to": [4, 16, 1],
			"faces": {
				"north": {"uv": [0, 0, 4, 16], "texture": "#0"},
				"east": {"uv": [0, 0, 4, 16], "texture": "#0"},
				"south": {"uv": [0, 0, 4, 16], "texture": "#0"},
				"west": {"uv": [0, 0, 4, 16], "texture": "#0"},
				"up": {"uv": [0, 0, 4, 16], "texture": "#0"},
				"down": {"uv": [0, 0, 4, 16], "texture": "#0"}
			}
		},
		{
			"name": "bass 2",
			"from": [0, 1.125, -1.4375],
			"to": [1, 4.6265, -0.4375],
			"rotation": {"angle": -22.5, "axis": "x", "origin": [2, 8, 1.5]},
			"faces": {
				"north": {"uv": [0, 0, 4, 16], "texture": "#0"},
				"east": {"uv": [0, 0, 4, 16], "texture": "#0"},
				"south": {"uv": [0, 0, 4, 16], "texture": "#0"},
				"west": {"uv": [0, 0, 4, 16], "texture": "#0"},
				"up": {"uv": [0, 0, 4, 16], "texture": "#0"},
				"down": {"uv": [0, 0, 4, 16], "texture": "#0"}
			}
		},
		{
			"name": "bass 3",
			"from": [0, 1.125, -1.9375],
			"to": [1, 2.2515, -1.4375],
			"rotation": {"angle": -22.5, "axis": "x", "origin": [2, 8, 1.5]},
			"faces": {
				"north": {"uv": [0, 0, 4, 16], "texture": "#0"},
				"east": {"uv": [0, 0, 4, 16], "texture": "#0"},
				"south": {"uv": [0, 0, 4, 16], "texture": "#0"},
				"west": {"uv": [0, 0, 4, 16], "texture": "#0"},
				"up": {"uv": [0, 0, 4, 16], "texture": "#0"},
				"down": {"uv": [0, 0, 4, 16], "texture": "#0"}
			}
		},
		{
			"name": "bass 4",
			"from": [3, 1.125, -1.9375],
			"to": [4, 2.2515, -1.4375],
			"rotation": {"angle": -22.5, "axis": "x", "origin": [5, 8, 1.5]},
			"faces": {
				"north": {"uv": [0, 0, 4, 16], "texture": "#0"},
				"east": {"uv": [0, 0, 4, 16], "texture": "#0"},
				"south": {"uv": [0, 0, 4, 16], "texture": "#0"},
				"west": {"uv": [0, 0, 4, 16], "texture": "#0"},
				"up": {"uv": [0, 0, 4, 16], "texture": "#0"},
				"down": {"uv": [0, 0, 4, 16], "texture": "#0"}
			}
		},
		{
			"name": "bass 3",
			"from": [0, 0.73675, -1.82875],
			"to": [1, 1.61325, -0.82875],
			"rotation": {"angle": -45, "axis": "x", "origin": [2, 4.98675, 1.10875]},
			"faces": {
				"north": {"uv": [0, 0, 4, 16], "texture": "#0"},
				"east": {"uv": [0, 0, 4, 16], "texture": "#0"},
				"south": {"uv": [0, 0, 4, 16], "texture": "#0"},
				"west": {"uv": [0, 0, 4, 16], "texture": "#0"},
				"up": {"uv": [0, 0, 4, 16], "texture": "#0"},
				"down": {"uv": [0, 0, 4, 16], "texture": "#0"}
			}
		},
		{
			"name": "bass 4",
			"from": [0, 0.4814, -2.54069],
			"to": [1, 1.4219, -1.82269],
			"rotation": {"angle": -45, "axis": "x", "origin": [2, 4.7954, 0.64681]},
			"faces": {
				"north": {"uv": [0, 0, 4, 16], "texture": "#0"},
				"east": {"uv": [0, 0, 4, 16], "texture": "#0"},
				"south": {"uv": [0, 0, 4, 16], "texture": "#0"},
				"west": {"uv": [0, 0, 4, 16], "texture": "#0"},
				"up": {"uv": [0, 0, 4, 16], "texture": "#0"},
				"down": {"uv": [0, 0, 4, 16], "texture": "#0"}
			}
		},
		{
			"name": "bass 5",
			"from": [3, 0.4814, -2.54069],
			"to": [4, 1.4219, -1.82269],
			"rotation": {"angle": -45, "axis": "x", "origin": [5, 4.7954, 0.64681]},
			"faces": {
				"north": {"uv": [0, 0, 4, 16], "texture": "#0"},
				"east": {"uv": [0, 0, 4, 16], "texture": "#0"},
				"south": {"uv": [0, 0, 4, 16], "texture": "#0"},
				"west": {"uv": [0, 0, 4, 16], "texture": "#0"},
				"up": {"uv": [0, 0, 4, 16], "texture": "#0"},
				"down": {"uv": [0, 0, 4, 16], "texture": "#0"}
			}
		},
		{
			"name": "bass 4",
			"from": [0, 0.9718, 3.41776],
			"to": [1, 1.9718, 4.60676],
			"rotation": {"angle": 22.5, "axis": "x", "origin": [2, 3.9093, 0.04426]},
			"faces": {
				"north": {"uv": [0, 0, 4, 16], "texture": "#0"},
				"east": {"uv": [0, 0, 4, 16], "texture": "#0"},
				"south": {"uv": [0, 0, 4, 16], "texture": "#0"},
				"west": {"uv": [0, 0, 4, 16], "texture": "#0"},
				"up": {"uv": [0, 0, 4, 16], "texture": "#0"},
				"down": {"uv": [0, 0, 4, 16], "texture": "#0"}
			}
		},
		{
			"name": "bass 5",
			"from": [0, 0, 3.13532],
			"to": [1, 0.38691, 16],
			"rotation": {"angle": 0, "axis": "x", "origin": [2, 2.38691, -0.23818]},
			"faces": {
				"north": {"uv": [0, 0, 4, 16], "texture": "#0"},
				"east": {"uv": [0, 0, 4, 16], "texture": "#0"},
				"south": {"uv": [0, 0, 4, 16], "texture": "#0"},
				"west": {"uv": [0, 0, 4, 16], "texture": "#0"},
				"up": {"uv": [0, 0, 4, 16], "texture": "#0"},
				"down": {"uv": [0, 0, 4, 16], "texture": "#0"}
			}
		},
		{
			"name": "bass 6",
			"from": [1, 0, 1.13532],
			"to": [3, 0.38691, 16],
			"rotation": {"angle": 0, "axis": "x", "origin": [2, 2.38691, -0.23818]},
			"faces": {
				"north": {"uv": [0, 0, 4, 16], "texture": "#0"},
				"east": {"uv": [0, 0, 4, 16], "texture": "#0"},
				"south": {"uv": [0, 0, 4, 16], "texture": "#0"},
				"west": {"uv": [0, 0, 4, 16], "texture": "#0"},
				"up": {"uv": [0, 0, 4, 16], "texture": "#0"},
				"down": {"uv": [0, 0, 4, 16], "texture": "#0"}
			}
		},
		{
			"name": "bass 3",
			"from": [3, 1.125, -1.4375],
			"to": [4, 4.6265, -0.4375],
			"rotation": {"angle": -22.5, "axis": "x", "origin": [2, 8, 1.5]},
			"faces": {
				"north": {"uv": [0, 0, 4, 16], "texture": "#0"},
				"east": {"uv": [0, 0, 4, 16], "texture": "#0"},
				"south": {"uv": [0, 0, 4, 16], "texture": "#0"},
				"west": {"uv": [0, 0, 4, 16], "texture": "#0"},
				"up": {"uv": [0, 0, 4, 16], "texture": "#0"},
				"down": {"uv": [0, 0, 4, 16], "texture": "#0"}
			}
		},
		{
			"name": "bass 4",
			"from": [3, 0.73675, -1.82875],
			"to": [4, 1.61325, -0.82875],
			"rotation": {"angle": -45, "axis": "x", "origin": [2, 4.98675, 1.10875]},
			"faces": {
				"north": {"uv": [0, 0, 4, 16], "texture": "#0"},
				"east": {"uv": [0, 0, 4, 16], "texture": "#0"},
				"south": {"uv": [0, 0, 4, 16], "texture": "#0"},
				"west": {"uv": [0, 0, 4, 16], "texture": "#0"},
				"up": {"uv": [0, 0, 4, 16], "texture": "#0"},
				"down": {"uv": [0, 0, 4, 16], "texture": "#0"}
			}
		},
		{
			"name": "bass 5",
			"from": [3, 0.9718, 3.41776],
			"to": [4, 1.9718, 4.60676],
			"rotation": {"angle": 22.5, "axis": "x", "origin": [2, 3.9093, 0.04426]},
			"faces": {
				"north": {"uv": [0, 0, 4, 16], "texture": "#0"},
				"east": {"uv": [0, 0, 4, 16], "texture": "#0"},
				"south": {"uv": [0, 0, 4, 16], "texture": "#0"},
				"west": {"uv": [0, 0, 4, 16], "texture": "#0"},
				"up": {"uv": [0, 0, 4, 16], "texture": "#0"},
				"down": {"uv": [0, 0, 4, 16], "texture": "#0"}
			}
		},
		{
			"name": "bass 6",
			"from": [3, 0, 3.13532],
			"to": [4, 0.38691, 16],
			"rotation": {"angle": 0, "axis": "x", "origin": [2, 2.38691, -0.23818]},
			"faces": {
				"north": {"uv": [0, 0, 4, 16], "texture": "#0"},
				"east": {"uv": [0, 0, 4, 16], "texture": "#0"},
				"south": {"uv": [0, 0, 4, 16], "texture": "#0"},
				"west": {"uv": [0, 0, 4, 16], "texture": "#0"},
				"up": {"uv": [0, 0, 4, 16], "texture": "#0"},
				"down": {"uv": [0, 0, 4, 16], "texture": "#0"}
			}
		},
		{
			"name": "bass 6",
			"from": [1, 0, -13.75],
			"to": [3, 16, 1.25],
			"rotation": {"angle": 0, "axis": "y", "origin": [8, 8, -6.75]},
			"faces": {
				"north": {"uv": [8, 8, 16, 16], "texture": "#0"},
				"east": {"uv": [8, 8, 16, 16], "texture": "#0"},
				"south": {"uv": [8, 8, 16, 16], "texture": "#0"},
				"west": {"uv": [8, 8, 16, 16], "texture": "#0"},
				"up": {"uv": [8, 8, 16, 16], "texture": "#0"},
				"down": {"uv": [8, 8, 16, 16], "texture": "#0"}
			}
		},
		{
			"name": "bass 7",
			"from": [0.875, 8, -10.75],
			"to": [1, 9, 8.672],
			"rotation": {"angle": 45, "axis": "x", "origin": [0.92356, 15.4885, -6.22458]},
			"faces": {
				"north": {"uv": [10, 7.5, 14.5, 8.5], "texture": "#0"},
				"east": {"uv": [10, 7.5, 14.5, 8.5], "texture": "#0"},
				"south": {"uv": [10, 7.5, 14.5, 8.5], "texture": "#0"},
				"west": {"uv": [10, 7.5, 14.5, 8.5], "texture": "#0"},
				"up": {"uv": [10, 7.5, 14.5, 8.5], "texture": "#0"},
				"down": {"uv": [10, 7.5, 14.5, 8.5], "texture": "#0"}
			}
		},
		{
			"name": "bass 8",
			"from": [3, 8, -10.75],
			"to": [3.125, 9, 8.672],
			"rotation": {"angle": 45, "axis": "x", "origin": [3.04856, 15.4885, -6.22458]},
			"faces": {
				"north": {"uv": [10, 7.5, 14.5, 8.5], "texture": "#0"},
				"east": {"uv": [10, 7.5, 14.5, 8.5], "texture": "#0"},
				"south": {"uv": [10, 7.5, 14.5, 8.5], "texture": "#0"},
				"west": {"uv": [10, 7.5, 14.5, 8.5], "texture": "#0"},
				"up": {"uv": [10, 7.5, 14.5, 8.5], "texture": "#0"},
				"down": {"uv": [10, 7.5, 14.5, 8.5], "texture": "#0"}
			}
		}
	],
	"groups": [
		{
			"name": "bass",
			"origin": [8, 8, 8],
			"children": [
				{
					"name": "b",
					"origin": [8, 8, 8],
					"children": [0, 1, 2, 3, 4, 5, 6, 7, 8, 9, 10, 11, 12, 13, 14, 15, 16]
				}
			]
		}
	]
}