{
	"credit": "Made with Blockbench",
	"ambientocclusion": false,
	"textures": {
		"particle": "block/iron_bars",
		"edge": "block/iron_bars"
	},
	"elements": [
		{
			"from": [7.5, 0, 8],
			"to": [8.5, 16, 9],
			"faces": {
				"north": {"uv": [8, 0, 9, 16], "texture": "#edge"},
				"east": {"uv": [8, 0, 9, 16], "texture": "#edge"},
				"south": {"uv": [8, 0, 9, 16], "texture": "#edge"},
				"west": {"uv": [8, 0, 9, 16], "texture": "#edge"},
				"up": {"uv": [8, 7, 9, 8], "texture": "#edge"},
				"down": {"uv": [8, 8, 9, 9], "texture": "#edge"}
			}
		},
		{
			"from": [7.5, 2, 9],
			"to": [8.5, 4, 12],
			"faces": {
				"east": {"uv": [9, 12, 12, 14], "texture": "#edge"},
				"west": {"uv": [9, 12, 12, 14], "texture": "#edge"},
				"up": {"uv": [9, 12, 12, 13], "texture": "#edge"},
				"down": {"uv": [9, 13, 12, 14], "texture": "#edge"}
			}
		},
		{
			"from": [7.5, 0, 12],
			"to": [8.5, 16, 14],
			"faces": {
				"north": {"uv": [12, 0, 13, 16], "texture": "#edge"},
				"east": {"uv": [14, 0, 12, 16], "texture": "#edge"},
				"south": {"uv": [13, 0, 14, 16], "texture": "#edge"},
				"west": {"uv": [12, 0, 14, 16], "texture": "#edge"},
				"up": {"uv": [7, 7, 8, 8], "texture": "#edge"},
				"down": {"uv": [7, 8, 8, 9], "texture": "#edge"}
			}
		},
		{
			"from": [7.5, 7, 14],
			"to": [8.5, 9, 16],
			"faces": {
				"north": {"uv": [14, 7, 16, 9], "texture": "#edge"},
				"east": {"uv": [14, 7, 16, 9], "texture": "#edge"},
				"south": {"uv": [14, 7, 16, 9], "texture": "#edge"},
				"west": {"uv": [14, 7, 16, 9], "texture": "#edge"},
				"up": {"uv": [14, 7, 16, 8], "texture": "#edge"},
				"down": {"uv": [14, 8, 16, 9], "texture": "#edge"}
			}
		}
	],
	"groups": [
		{
			"name": "L",
			"origin": [0, 0, 0],
			"color": 0,
			"children": []
		},
		{
			"name": "R",
			"origin": [0, 0, 0],
			"color": 0,
			"children": [0, 1, 2, 3]
		}
	]
}