{
	"credit": "Made with Blockbench",
	"textures": {
		"0": "custom/iron_door_t",
		"particle": "custom/iron_door_t"
	},
	"elements": [
		{
			"name": "bass 1",
			"from": [0, 0, 0],
			"to": [4, 16, 1],
			"faces": {
				"north": {"uv": [0, 0, 4, 16], "texture": "#0"},
				"east": {"uv": [0, 0, 4, 16], "texture": "#0"},
				"south": {"uv": [0, 0, 4, 16], "texture": "#0"},
				"west": {"uv": [0, 0, 4, 16], "texture": "#0"},
				"up": {"uv": [0, 0, 4, 16], "texture": "#0"},
				"down": {"uv": [0, 0, 4, 16], "texture": "#0"}
			}
		},
		{
			"name": "bass 2",
			"from": [0, 1.125, -0.6875],
			"to": [1, 4.6265, -0.4375],
			"rotation": {"angle": -22.5, "axis": "x", "origin": [2, 8, 1.5]},
			"faces": {
				"north": {"uv": [0, 0, 4, 16], "texture": "#0"},
				"east": {"uv": [0, 0, 4, 16], "texture": "#0"},
				"south": {"uv": [0, 0, 4, 16], "texture": "#0"},
				"west": {"uv": [0, 0, 4, 16], "texture": "#0"},
				"up": {"uv": [0, 0, 4, 16], "texture": "#0"},
				"down": {"uv": [0, 0, 4, 16], "texture": "#0"}
			}
		},
		{
			"name": "bass 3",
			"from": [3, 1.125, -0.6875],
			"to": [4, 4.6265, -0.4375],
			"rotation": {"angle": -22.5, "axis": "x", "origin": [5, 8, 1.5]},
			"faces": {
				"north": {"uv": [0, 0, 4, 16], "texture": "#0"},
				"east": {"uv": [0, 0, 4, 16], "texture": "#0"},
				"south": {"uv": [0, 0, 4, 16], "texture": "#0"},
				"west": {"uv": [0, 0, 4, 16], "texture": "#0"},
				"up": {"uv": [0, 0, 4, 16], "texture": "#0"},
				"down": {"uv": [0, 0, 4, 16], "texture": "#0"}
			}
		},
		{
			"name": "bass 3",
			"from": [0, 0.49343, -0.91617],
			"to": [1, 1.36993, -0.66617],
			"rotation": {"angle": -45, "axis": "x", "origin": [2, 4.74343, 1.27133]},
			"faces": {
				"north": {"uv": [0, 0, 4, 16], "texture": "#0"},
				"east": {"uv": [0, 0, 4, 16], "texture": "#0"},
				"south": {"uv": [0, 0, 4, 16], "texture": "#0"},
				"west": {"uv": [0, 0, 4, 16], "texture": "#0"},
				"up": {"uv": [0, 0, 4, 16], "texture": "#0"},
				"down": {"uv": [0, 0, 4, 16], "texture": "#0"}
			}
		},
		{
			"name": "bass 4",
			"from": [3, 0.49343, -0.91617],
			"to": [4, 1.36993, -0.66617],
			"rotation": {"angle": -45, "axis": "x", "origin": [5, 4.74343, 1.27133]},
			"faces": {
				"north": {"uv": [0, 0, 4, 16], "texture": "#0"},
				"east": {"uv": [0, 0, 4, 16], "texture": "#0"},
				"south": {"uv": [0, 0, 4, 16], "texture": "#0"},
				"west": {"uv": [0, 0, 4, 16], "texture": "#0"},
				"up": {"uv": [0, 0, 4, 16], "texture": "#0"},
				"down": {"uv": [0, 0, 4, 16], "texture": "#0"}
			}
		},
		{
			"name": "bass 5",
			"from": [0, 0, 1],
			"to": [1, 0.38691, 16],
			"rotation": {"angle": 0, "axis": "x", "origin": [2, 2.38691, -0.23818]},
			"faces": {
				"north": {"uv": [0, 0, 4, 16], "texture": "#0"},
				"east": {"uv": [0, 0, 4, 16], "texture": "#0"},
				"south": {"uv": [0, 0, 4, 16], "texture": "#0"},
				"west": {"uv": [0, 0, 4, 16], "texture": "#0"},
				"up": {"uv": [0, 0, 4, 16], "texture": "#0"},
				"down": {"uv": [0, 0, 4, 16], "texture": "#0"}
			}
		},
		{
			"name": "bass 6",
			"from": [3, 0, 1],
			"to": [4, 0.38691, 16],
			"rotation": {"angle": 0, "axis": "x", "origin": [5, 2.38691, -0.23818]},
			"faces": {
				"north": {"uv": [0, 0, 4, 16], "texture": "#0"},
				"east": {"uv": [0, 0, 4, 16], "texture": "#0"},
				"south": {"uv": [0, 0, 4, 16], "texture": "#0"},
				"west": {"uv": [0, 0, 4, 16], "texture": "#0"},
				"up": {"uv": [0, 0, 4, 16], "texture": "#0"},
				"down": {"uv": [0, 0, 4, 16], "texture": "#0"}
			}
		},
		{
			"name": "bass 6",
			"from": [0, 0.38691, 1],
			"to": [1, 3.52382, 1.25],
			"rotation": {"angle": 0, "axis": "x", "origin": [2, 2.27382, -0.23818]},
			"faces": {
				"north": {"uv": [0, 0, 4, 16], "texture": "#0"},
				"east": {"uv": [0, 0, 4, 16], "texture": "#0"},
				"south": {"uv": [0, 0, 4, 16], "texture": "#0"},
				"west": {"uv": [0, 0, 4, 16], "texture": "#0"},
				"up": {"uv": [0, 0, 4, 16], "texture": "#0"},
				"down": {"uv": [0, 0, 4, 16], "texture": "#0"}
			}
		},
		{
			"name": "bass 7",
			"from": [3, 0.38691, 1],
			"to": [4, 3.52382, 1.25],
			"rotation": {"angle": 0, "axis": "x", "origin": [5, 2.27382, -0.23818]},
			"faces": {
				"north": {"uv": [0, 0, 4, 16], "texture": "#0"},
				"east": {"uv": [0, 0, 4, 16], "texture": "#0"},
				"south": {"uv": [0, 0, 4, 16], "texture": "#0"},
				"west": {"uv": [0, 0, 4, 16], "texture": "#0"},
				"up": {"uv": [0, 0, 4, 16], "texture": "#0"},
				"down": {"uv": [0, 0, 4, 16], "texture": "#0"}
			}
		},
		{
			"name": "bass 7",
			"from": [0, 0.38691, 1.25],
			"to": [1, 1.72582, 2],
			"rotation": {"angle": 0, "axis": "x", "origin": [2, 2.27382, -0.23818]},
			"faces": {
				"north": {"uv": [0, 0, 4, 16], "texture": "#0"},
				"east": {"uv": [0, 0, 4, 16], "texture": "#0"},
				"south": {"uv": [0, 0, 4, 16], "texture": "#0"},
				"west": {"uv": [0, 0, 4, 16], "texture": "#0"},
				"up": {"uv": [0, 0, 4, 16], "texture": "#0"},
				"down": {"uv": [0, 0, 4, 16], "texture": "#0"}
			}
		},
		{
			"name": "bass 8",
			"from": [3, 0.38691, 1.25],
			"to": [4, 1.72582, 2],
			"rotation": {"angle": 0, "axis": "x", "origin": [5, 2.27382, -0.23818]},
			"faces": {
				"north": {"uv": [0, 0, 4, 16], "texture": "#0"},
				"east": {"uv": [0, 0, 4, 16], "texture": "#0"},
				"south": {"uv": [0, 0, 4, 16], "texture": "#0"},
				"west": {"uv": [0, 0, 4, 16], "texture": "#0"},
				"up": {"uv": [0, 0, 4, 16], "texture": "#0"},
				"down": {"uv": [0, 0, 4, 16], "texture": "#0"}
			}
		},
		{
			"name": "bass 8",
			"from": [0, 0.38691, 2],
			"to": [1, 1.09782, 2.25],
			"rotation": {"angle": 0, "axis": "x", "origin": [2, 2.27382, -0.23818]},
			"faces": {
				"north": {"uv": [0, 0, 4, 16], "texture": "#0"},
				"east": {"uv": [0, 0, 4, 16], "texture": "#0"},
				"south": {"uv": [0, 0, 4, 16], "texture": "#0"},
				"west": {"uv": [0, 0, 4, 16], "texture": "#0"},
				"up": {"uv": [0, 0, 4, 16], "texture": "#0"},
				"down": {"uv": [0, 0, 4, 16], "texture": "#0"}
			}
		},
		{
			"name": "bass 9",
			"from": [3, 0.38691, 2],
			"to": [4, 1.09782, 2.25],
			"rotation": {"angle": 0, "axis": "x", "origin": [5, 2.27382, -0.23818]},
			"faces": {
				"north": {"uv": [0, 0, 4, 16], "texture": "#0"},
				"east": {"uv": [0, 0, 4, 16], "texture": "#0"},
				"south": {"uv": [0, 0, 4, 16], "texture": "#0"},
				"west": {"uv": [0, 0, 4, 16], "texture": "#0"},
				"up": {"uv": [0, 0, 4, 16], "texture": "#0"},
				"down": {"uv": [0, 0, 4, 16], "texture": "#0"}
			}
		},
		{
			"name": "bass 9",
			"from": [0, 0.38691, 2.25],
			"to": [1, 0.67782, 2.564],
			"rotation": {"angle": 0, "axis": "x", "origin": [2, 2.27382, -0.23818]},
			"faces": {
				"north": {"uv": [0, 0, 4, 16], "texture": "#0"},
				"east": {"uv": [0, 0, 4, 16], "texture": "#0"},
				"south": {"uv": [0, 0, 4, 16], "texture": "#0"},
				"west": {"uv": [0, 0, 4, 16], "texture": "#0"},
				"up": {"uv": [0, 0, 4, 16], "texture": "#0"},
				"down": {"uv": [0, 0, 4, 16], "texture": "#0"}
			}
		},
		{
			"name": "bass 10",
			"from": [3, 0.38691, 2.25],
			"to": [4, 0.67782, 2.564],
			"rotation": {"angle": 0, "axis": "x", "origin": [5, 2.27382, -0.23818]},
			"faces": {
				"north": {"uv": [0, 0, 4, 16], "texture": "#0"},
				"east": {"uv": [0, 0, 4, 16], "texture": "#0"},
				"south": {"uv": [0, 0, 4, 16], "texture": "#0"},
				"west": {"uv": [0, 0, 4, 16], "texture": "#0"},
				"up": {"uv": [0, 0, 4, 16], "texture": "#0"},
				"down": {"uv": [0, 0, 4, 16], "texture": "#0"}
			}
		},
		{
			"name": "bass 8",
			"from": [0, 1.72582, 1.25],
			"to": [1, 2.88582, 1.5],
			"rotation": {"angle": 0, "axis": "x", "origin": [2, 2.27382, -0.23818]},
			"faces": {
				"north": {"uv": [0, 0, 4, 16], "texture": "#0"},
				"east": {"uv": [0, 0, 4, 16], "texture": "#0"},
				"south": {"uv": [0, 0, 4, 16], "texture": "#0"},
				"west": {"uv": [0, 0, 4, 16], "texture": "#0"},
				"up": {"uv": [0, 0, 4, 16], "texture": "#0"},
				"down": {"uv": [0, 0, 4, 16], "texture": "#0"}
			}
		},
		{
			"name": "bass 9",
			"from": [3, 1.72582, 1.25],
			"to": [4, 2.88582, 1.5],
			"rotation": {"angle": 0, "axis": "x", "origin": [5, 2.27382, -0.23818]},
			"faces": {
				"north": {"uv": [0, 0, 4, 16], "texture": "#0"},
				"east": {"uv": [0, 0, 4, 16], "texture": "#0"},
				"south": {"uv": [0, 0, 4, 16], "texture": "#0"},
				"west": {"uv": [0, 0, 4, 16], "texture": "#0"},
				"up": {"uv": [0, 0, 4, 16], "texture": "#0"},
				"down": {"uv": [0, 0, 4, 16], "texture": "#0"}
			}
		},
		{
			"name": "bass 9",
			"from": [0, 1.72582, 1.5],
			"to": [1, 2.32182, 1.75],
			"rotation": {"angle": 0, "axis": "x", "origin": [2, 2.27382, -0.23818]},
			"faces": {
				"north": {"uv": [0, 0, 4, 16], "texture": "#0"},
				"east": {"uv": [0, 0, 4, 16], "texture": "#0"},
				"south": {"uv": [0, 0, 4, 16], "texture": "#0"},
				"west": {"uv": [0, 0, 4, 16], "texture": "#0"},
				"up": {"uv": [0, 0, 4, 16], "texture": "#0"},
				"down": {"uv": [0, 0, 4, 16], "texture": "#0"}
			}
		},
		{
			"name": "bass 10",
			"from": [3, 1.72582, 1.5],
			"to": [4, 2.32182, 1.75],
			"rotation": {"angle": 0, "axis": "x", "origin": [5, 2.27382, -0.23818]},
			"faces": {
				"north": {"uv": [0, 0, 4, 16], "texture": "#0"},
				"east": {"uv": [0, 0, 4, 16], "texture": "#0"},
				"south": {"uv": [0, 0, 4, 16], "texture": "#0"},
				"west": {"uv": [0, 0, 4, 16], "texture": "#0"},
				"up": {"uv": [0, 0, 4, 16], "texture": "#0"},
				"down": {"uv": [0, 0, 4, 16], "texture": "#0"}
			}
		},
		{
			"name": "bass 6",
			"from": [1, 0, 1],
			"to": [3, 16, 16],
			"faces": {
				"north": {"uv": [8, 8, 16, 16], "texture": "#0"},
				"east": {"uv": [8, 8, 16, 16], "rotation": 270, "texture": "#0"},
				"south": {"uv": [8, 8, 16, 16], "texture": "#0"},
				"west": {"uv": [8, 8, 16, 16], "texture": "#0"},
				"up": {"uv": [8, 8, 16, 16], "texture": "#0"},
				"down": {"uv": [8, 8, 16, 16], "texture": "#0"}
			}
		},
		{
			"name": "bass 7",
			"from": [0.875, 8, 4],
			"to": [1, 9, 23.422],
			"rotation": {"angle": 45, "axis": "x", "origin": [0.92356, 15.4885, 8.52542]},
			"faces": {
				"north": {"uv": [10, 7.5, 14.5, 8.5], "texture": "#0"},
				"east": {"uv": [10, 7.5, 14.5, 8.5], "texture": "#0"},
				"south": {"uv": [10, 7.5, 14.5, 8.5], "texture": "#0"},
				"west": {"uv": [10, 7.5, 14.5, 8.5], "texture": "#0"},
				"up": {"uv": [10, 7.5, 14.5, 8.5], "texture": "#0"},
				"down": {"uv": [10, 7.5, 14.5, 8.5], "texture": "#0"}
			}
		},
		{
			"name": "bass 8",
			"from": [3, 8, 4],
			"to": [3.125, 9, 23.422],
			"rotation": {"angle": 45, "axis": "x", "origin": [3.04856, 15.4885, 8.52542]},
			"faces": {
				"north": {"uv": [10, 7.5, 14.5, 8.5], "texture": "#0"},
				"east": {"uv": [10, 7.5, 14.5, 8.5], "texture": "#0"},
				"south": {"uv": [10, 7.5, 14.5, 8.5], "texture": "#0"},
				"west": {"uv": [10, 7.5, 14.5, 8.5], "texture": "#0"},
				"up": {"uv": [10, 7.5, 14.5, 8.5], "texture": "#0"},
				"down": {"uv": [10, 7.5, 14.5, 8.5], "texture": "#0"}
			}
		}
	],
	"groups": [
		{
			"name": "bass",
			"origin": [8, 8, 8],
			"children": [
				{
					"name": "b",
					"origin": [8, 8, 8],
					"children": [0, 1, 2, 3, 4, 5, 6, 7, 8, 9, 10, 11, 12, 13, 14, 15, 16, 17, 18, 19, 20, 21]
				}
			]
		}
	]
}