{
	"credit": "Made with Blockbench",
	"ambientocclusion": false,
	"textures": {
		"texture": "block/ladder",
		"particle": "block/ladder"
	},
	"elements": [
		{
			"name": "bass 1",
			"from": [2, 0, 15.1875],
			"to": [4, 16, 16],
			"faces": {
				"north": {"uv": [2, 3, 4, 5], "texture": "#texture"},
				"east": {"uv": [2, 3, 4, 5], "texture": "#texture"},
				"south": {"uv": [2, 3, 4, 5], "texture": "#texture"},
				"west": {"uv": [2, 3, 4, 5], "texture": "#texture"},
				"up": {"uv": [2, 3, 4, 5], "texture": "#texture"},
				"down": {"uv": [2, 3, 4, 5], "texture": "#texture"}
			}
		},
		{
			"name": "bass 2",
			"from": [12, 0, 15.1875],
			"to": [14, 16, 16],
			"faces": {
				"north": {"uv": [2, 3, 4, 5], "texture": "#texture"},
				"east": {"uv": [2, 3, 4, 5], "texture": "#texture"},
				"south": {"uv": [2, 3, 4, 5], "texture": "#texture"},
				"west": {"uv": [2, 3, 4, 5], "texture": "#texture"},
				"up": {"uv": [2, 3, 4, 5], "texture": "#texture"},
				"down": {"uv": [2, 3, 4, 5], "texture": "#texture"}
			}
		},
		{
			"name": "bass 7",
			"from": [3, 1, 14.1875],
			"to": [4, 2, 14.25],
			"faces": {
				"north": {"uv": [12, 14, 13, 15], "texture": "#texture"},
				"east": {"uv": [12, 14, 13, 15], "texture": "#texture"},
				"south": {"uv": [12, 14, 13, 15], "texture": "#texture"},
				"west": {"uv": [12, 14, 13, 15], "texture": "#texture"},
				"up": {"uv": [12, 14, 13, 15], "texture": "#texture"},
				"down": {"uv": [12, 14, 13, 15], "texture": "#texture"}
			}
		},
		{
			"name": "bass 8",
			"from": [12, 1, 14.1875],
			"to": [13, 2, 14.25],
			"faces": {
				"north": {"uv": [12, 14, 13, 15], "texture": "#texture"},
				"east": {"uv": [12, 14, 13, 15], "texture": "#texture"},
				"south": {"uv": [12, 14, 13, 15], "texture": "#texture"},
				"west": {"uv": [12, 14, 13, 15], "texture": "#texture"},
				"up": {"uv": [12, 14, 13, 15], "texture": "#texture"},
				"down": {"uv": [12, 14, 13, 15], "texture": "#texture"}
			}
		},
		{
			"name": "bass 9",
			"from": [13, 5, 14.1875],
			"to": [14, 6, 14.25],
			"faces": {
				"north": {"uv": [12, 14, 13, 15], "texture": "#texture"},
				"east": {"uv": [12, 14, 13, 15], "texture": "#texture"},
				"south": {"uv": [12, 14, 13, 15], "texture": "#texture"},
				"west": {"uv": [12, 14, 13, 15], "texture": "#texture"},
				"up": {"uv": [12, 14, 13, 15], "texture": "#texture"},
				"down": {"uv": [12, 14, 13, 15], "texture": "#texture"}
			}
		},
		{
			"name": "bass 10",
			"from": [2, 5, 14.1875],
			"to": [3, 6, 14.25],
			"faces": {
				"north": {"uv": [12, 14, 13, 15], "texture": "#texture"},
				"east": {"uv": [12, 14, 13, 15], "texture": "#texture"},
				"south": {"uv": [12, 14, 13, 15], "texture": "#texture"},
				"west": {"uv": [12, 14, 13, 15], "texture": "#texture"},
				"up": {"uv": [12, 14, 13, 15], "texture": "#texture"},
				"down": {"uv": [12, 14, 13, 15], "texture": "#texture"}
			}
		},
		{
			"name": "bass 11",
			"from": [3, 10, 14.1875],
			"to": [4, 11, 14.25],
			"faces": {
				"north": {"uv": [12, 14, 13, 15], "texture": "#texture"},
				"east": {"uv": [12, 14, 13, 15], "texture": "#texture"},
				"south": {"uv": [12, 14, 13, 15], "texture": "#texture"},
				"west": {"uv": [12, 14, 13, 15], "texture": "#texture"},
				"up": {"uv": [12, 14, 13, 15], "texture": "#texture"},
				"down": {"uv": [12, 14, 13, 15], "texture": "#texture"}
			}
		},
		{
			"name": "bass 12",
			"from": [12, 9, 14.1875],
			"to": [13, 10, 14.25],
			"faces": {
				"north": {"uv": [12, 14, 13, 15], "texture": "#texture"},
				"east": {"uv": [12, 14, 13, 15], "texture": "#texture"},
				"south": {"uv": [12, 14, 13, 15], "texture": "#texture"},
				"west": {"uv": [12, 14, 13, 15], "texture": "#texture"},
				"up": {"uv": [12, 14, 13, 15], "texture": "#texture"},
				"down": {"uv": [12, 14, 13, 15], "texture": "#texture"}
			}
		},
		{
			"name": "bass 13",
			"from": [13, 14, 14.1875],
			"to": [14, 15, 14.25],
			"faces": {
				"north": {"uv": [12, 14, 13, 15], "texture": "#texture"},
				"east": {"uv": [12, 14, 13, 15], "texture": "#texture"},
				"south": {"uv": [12, 14, 13, 15], "texture": "#texture"},
				"west": {"uv": [12, 14, 13, 15], "texture": "#texture"},
				"up": {"uv": [12, 14, 13, 15], "texture": "#texture"},
				"down": {"uv": [12, 14, 13, 15], "texture": "#texture"}
			}
		},
		{
			"name": "bass 14",
			"from": [2, 13, 14.1875],
			"to": [3, 14, 14.25],
			"faces": {
				"north": {"uv": [12, 14, 13, 15], "texture": "#texture"},
				"east": {"uv": [12, 14, 13, 15], "texture": "#texture"},
				"south": {"uv": [12, 14, 13, 15], "texture": "#texture"},
				"west": {"uv": [12, 14, 13, 15], "texture": "#texture"},
				"up": {"uv": [12, 14, 13, 15], "texture": "#texture"},
				"down": {"uv": [12, 14, 13, 15], "texture": "#texture"}
			}
		},
		{
			"name": "bass 6",
			"from": [1, 1, 14.25],
			"to": [15, 3, 15.1875],
			"faces": {
				"north": {"uv": [3, 1, 13, 3], "texture": "#texture"},
				"east": {"uv": [3, 1, 13, 3], "texture": "#texture"},
				"south": {"uv": [3, 1, 13, 3], "texture": "#texture"},
				"west": {"uv": [3, 1, 13, 3], "texture": "#texture"},
				"up": {"uv": [3, 1, 13, 3], "texture": "#texture"},
				"down": {"uv": [3, 1, 13, 3], "texture": "#texture"}
			}
		},
		{
			"name": "bass 5",
			"from": [1, 5, 14.25],
			"to": [15, 7, 15.1875],
			"faces": {
				"north": {"uv": [3, 1, 13, 3], "texture": "#texture"},
				"east": {"uv": [3, 1, 13, 3], "texture": "#texture"},
				"south": {"uv": [3, 1, 13, 3], "texture": "#texture"},
				"west": {"uv": [3, 1, 13, 3], "texture": "#texture"},
				"up": {"uv": [3, 1, 13, 3], "texture": "#texture"},
				"down": {"uv": [3, 1, 13, 3], "texture": "#texture"}
			}
		},
		{
			"name": "bass 4",
			"from": [1, 9, 14.25],
			"to": [15, 11, 15.1875],
			"faces": {
				"north": {"uv": [3, 1, 13, 3], "texture": "#texture"},
				"east": {"uv": [3, 1, 13, 3], "texture": "#texture"},
				"south": {"uv": [3, 1, 13, 3], "texture": "#texture"},
				"west": {"uv": [3, 1, 13, 3], "texture": "#texture"},
				"up": {"uv": [3, 1, 13, 3], "texture": "#texture"},
				"down": {"uv": [3, 1, 13, 3], "texture": "#texture"}
			}
		},
		{
			"name": "bass 3",
			"from": [1, 13, 14.25],
			"to": [15, 15, 15.1875],
			"faces": {
				"north": {"uv": [3, 1, 13, 3], "texture": "#texture"},
				"east": {"uv": [3, 1, 13, 3], "texture": "#texture"},
				"south": {"uv": [3, 1, 13, 3], "texture": "#texture"},
				"west": {"uv": [3, 1, 13, 3], "texture": "#texture"},
				"up": {"uv": [3, 1, 13, 3], "texture": "#texture"},
				"down": {"uv": [3, 1, 13, 3], "texture": "#texture"}
			}
		}
	],
	"groups": [
		{
			"name": "bass",
			"children": [0, 1,
				{
					"name": "nails",
					"children": [2, 3, 4, 5, 6, 7, 8, 9]
				},
				{
					"name": "front",
					"children": [10, 11, 12, 13]
				}
			]
		}
	]
}