{
	"credit": "Made with Blockbench",
	"parent": "block/redstone_dust_side_alt",
	"textures": {
		"0": "block/redstone_dust_dot",
		"particle": "block/redstone_dust_dot"
	},
	"elements": [
		{
			"from": [7.5, 0, 0],
			"to": [8.5, 17, 1],
			"rotation": {"angle": 0, "axis": "y", "origin": [8, 0.5, 8]},
			"faces": {
				"north": {"uv": [1, 1, 0, 0], "rotation": 180, "texture": "#0"},
				"east": {"uv": [0, 0, 1, 1], "rotation": 270, "texture": "#0"},
				"south": {"uv": [16, 16, 0, 15], "rotation": 90, "texture": "#0"},
				"west": {"uv": [0, 0, 1, 1], "rotation": 90, "texture": "#0"},
				"up": {"uv": [0, 0, 1, 1], "rotation": 180, "texture": "#0"},
				"down": {"uv": [0, 0, 1, 1], "texture": "#0"}
			}
		}
	]
}