{
	"credit": "Made with Blockbench",
	"parent": "block/redstone_dust_side_alt",
	"textures": {
		"0": "block/redstone_dust_dot",
		"particle": "block/redstone_dust_dot"
	},
	"elements": [
		{
			"from": [7.5, 0, 8],
			"to": [8.5, 1, 16],
			"rotation": {"angle": 0, "axis": "y", "origin": [7.5, 7.5, 0]},
			"faces": {
				"north": {"uv": [0, 0, 1, 1], "texture": "#0"},
				"east": {"uv": [0, 0, 1, 1], "texture": "#0"},
				"south": {"uv": [0, 0, 1, 1], "texture": "#0"},
				"west": {"uv": [0, 0, 1, 1], "texture": "#0"},
				"up": {"uv": [0, 15, 16, 16], "rotation": 90, "texture": "#0"},
				"down": {"uv": [0, 0, 1, 1], "texture": "#0"}
			}
		}
	]
}