{
	"credit": "Made with Blockbench",
	"parent": "minecraft:block/tinted_cross",
	"textures": {
		"1": "block/sugar_cane_top",
		"cross": "block/sugar_cane",
		"particle": "block/sugar_cane_top"
	},
	"elements": [
		{
			"name": "sugar_cane",
			"from": [10.5, 0, 2.25],
			"to": [12.5, 16, 4.25],
			"rotation": {"angle": 0, "axis": "y", "origin": [11.5, 8, 3.25]},
			"faces": {
				"north": {"uv": [1, 0, 3, 16], "texture": "#cross"},
				"east": {"uv": [1, 0, 3, 16], "texture": "#cross"},
				"south": {"uv": [1, 0, 3, 16], "texture": "#cross"},
				"west": {"uv": [1, 0, 3, 16], "texture": "#cross"},
				"up": {"uv": [0, 4, 4, 8], "texture": "#1"},
				"down": {"uv": [1, 0, 3, 16], "texture": "#cross"}
			}
		},
		{
			"name": "sugar_cane",
			"from": [3.75, 0, 12.25],
			"to": [5.75, 16, 14.25],
			"rotation": {"angle": 0, "axis": "y", "origin": [4.75, 8, 13.25]},
			"faces": {
				"north": {"uv": [9, 0, 11, 16], "texture": "#cross"},
				"east": {"uv": [9, 0, 11, 16], "texture": "#cross"},
				"south": {"uv": [9, 0, 11, 16], "texture": "#cross"},
				"west": {"uv": [9, 0, 11, 16], "texture": "#cross"},
				"up": {"uv": [4, 4, 8, 8], "texture": "#1"},
				"down": {"uv": [9, 0, 11, 16], "texture": "#cross"}
			}
		},
		{
			"name": "sugar_cane",
			"from": [2.5, 0, 2.25],
			"to": [4.5, 16, 4.25],
			"rotation": {"angle": 0, "axis": "y", "origin": [3.5, 8, 3.25]},
			"faces": {
				"north": {"uv": [13, 0, 15, 16], "texture": "#cross"},
				"east": {"uv": [13, 0, 15, 16], "texture": "#cross"},
				"south": {"uv": [13, 0, 15, 16], "texture": "#cross"},
				"west": {"uv": [13, 0, 15, 16], "texture": "#cross"},
				"up": {"uv": [0, 0, 4, 4], "texture": "#1"},
				"down": {"uv": [13, 0, 15, 16], "texture": "#cross"}
			}
		},
		{
			"name": "sugar_cane",
			"from": [5.5, 0, 5.5],
			"to": [8.25, 16, 8.25],
			"rotation": {"angle": 0, "axis": "y", "origin": [6.75, 8, 6.75]},
			"faces": {
				"north": {"uv": [5, 0, 7, 16], "texture": "#cross"},
				"east": {"uv": [5, 0, 7, 16], "texture": "#cross"},
				"south": {"uv": [5, 0, 7, 16], "texture": "#cross"},
				"west": {"uv": [5, 0, 7, 16], "texture": "#cross"},
				"up": {"uv": [0, 4, 4, 8], "texture": "#1"},
				"down": {"uv": [5, 0, 7, 16], "texture": "#cross"}
			}
		},
		{
			"name": "sugar_cane",
			"from": [12.75, 0, 8],
			"to": [14.5, 16, 9.75],
			"rotation": {"angle": 0, "axis": "y", "origin": [13.75, 8, 8.5]},
			"faces": {
				"north": {"uv": [9, 0, 11, 16], "texture": "#cross"},
				"east": {"uv": [9, 0, 11, 16], "texture": "#cross"},
				"south": {"uv": [9, 0, 11, 16], "texture": "#cross"},
				"west": {"uv": [9, 0, 11, 16], "texture": "#cross"},
				"up": {"uv": [4, 0, 8, 4], "texture": "#1"},
				"down": {"uv": [9, 0, 11, 16], "texture": "#cross"}
			}
		},
		{
			"name": "sugar_cane",
			"from": [9.75, 0, 11.4375],
			"to": [11.25, 16, 12.9375],
			"rotation": {"angle": 0, "axis": "y", "origin": [10.25, 8, 12]},
			"faces": {
				"north": {"uv": [1, 0, 3, 16], "texture": "#cross"},
				"east": {"uv": [1, 0, 3, 16], "texture": "#cross"},
				"south": {"uv": [1, 0, 3, 16], "texture": "#cross"},
				"west": {"uv": [1, 0, 3, 16], "texture": "#cross"},
				"up": {"uv": [0, 0, 4, 4], "texture": "#1"},
				"down": {"uv": [1, 0, 3, 16], "texture": "#cross"}
			}
		},
		{
			"name": "sugar_cane_leave",
			"from": [12.5, 5, 3.25],
			"to": [13.5, 7, 3.25],
			"rotation": {"angle": -45, "axis": "y", "origin": [11.5, 10, 3.25]},
			"faces": {
				"north": {"uv": [0, 8, 1, 10], "texture": "#cross"},
				"east": {"uv": [0, 8, 1, 10], "texture": "#cross"},
				"south": {"uv": [0, 8, 1, 10], "texture": "#cross"},
				"west": {"uv": [0, 8, 1, 10], "texture": "#cross"},
				"up": {"uv": [0, 8, 1, 10], "texture": "#cross"},
				"down": {"uv": [0, 8, 1, 10], "texture": "#cross"}
			}
		},
		{
			"name": "sugar_cane_leave",
			"from": [6.0625, 5, 13.0625],
			"to": [7.0625, 7, 13.0625],
			"rotation": {"angle": -45, "axis": "y", "origin": [4.5, 10, 13.25]},
			"faces": {
				"north": {"uv": [8, 10, 9, 12], "texture": "#cross"},
				"east": {"uv": [8, 10, 9, 12], "texture": "#cross"},
				"south": {"uv": [8, 10, 9, 12], "texture": "#cross"},
				"west": {"uv": [8, 10, 9, 12], "texture": "#cross"},
				"up": {"uv": [8, 10, 9, 12], "texture": "#cross"},
				"down": {"uv": [8, 10, 9, 12], "texture": "#cross"}
			}
		},
		{
			"name": "sugar_cane_leave",
			"from": [12.5, 1, 3.25],
			"to": [13.5, 3, 3.25],
			"rotation": {"angle": 45, "axis": "y", "origin": [11.5, 6, 3.25]},
			"faces": {
				"north": {"uv": [0, 8, 1, 10], "texture": "#cross"},
				"east": {"uv": [0, 8, 1, 10], "texture": "#cross"},
				"south": {"uv": [0, 8, 1, 10], "texture": "#cross"},
				"west": {"uv": [0, 8, 1, 10], "texture": "#cross"},
				"up": {"uv": [0, 8, 1, 10], "texture": "#cross"},
				"down": {"uv": [0, 8, 1, 10], "texture": "#cross"}
			}
		},
		{
			"name": "sugar_cane_leave",
			"from": [6.0625, 1, 13.4375],
			"to": [7.0625, 3, 13.4375],
			"rotation": {"angle": 45, "axis": "y", "origin": [4.5, 6, 13.25]},
			"faces": {
				"north": {"uv": [8, 10, 9, 12], "texture": "#cross"},
				"east": {"uv": [8, 10, 9, 12], "texture": "#cross"},
				"south": {"uv": [8, 10, 9, 12], "texture": "#cross"},
				"west": {"uv": [8, 10, 9, 12], "texture": "#cross"},
				"up": {"uv": [8, 10, 9, 12], "texture": "#cross"},
				"down": {"uv": [8, 10, 9, 12], "texture": "#cross"}
			}
		},
		{
			"name": "sugar_cane_leave",
			"from": [9.5, 13, 3.25],
			"to": [10.5, 15, 3.25],
			"rotation": {"angle": -45, "axis": "y", "origin": [11.5, 10, 3.25]},
			"faces": {
				"north": {"uv": [3, 2, 4, 4], "texture": "#cross"},
				"east": {"uv": [3, 2, 4, 4], "texture": "#cross"},
				"south": {"uv": [3, 2, 4, 4], "texture": "#cross"},
				"west": {"uv": [3, 2, 4, 4], "texture": "#cross"},
				"up": {"uv": [3, 2, 4, 4], "texture": "#cross"},
				"down": {"uv": [3, 2, 4, 4], "texture": "#cross"}
			}
		},
		{
			"name": "sugar_cane_leave",
			"from": [2.3125, 14, 13.0625],
			"to": [3.3125, 15, 13.0625],
			"rotation": {"angle": -45, "axis": "y", "origin": [4.5, 10, 13.25]},
			"faces": {
				"north": {"uv": [11, 2, 12, 3], "texture": "#cross"},
				"east": {"uv": [11, 2, 12, 3], "texture": "#cross"},
				"south": {"uv": [11, 2, 12, 3], "texture": "#cross"},
				"west": {"uv": [11, 2, 12, 3], "texture": "#cross"},
				"up": {"uv": [11, 2, 12, 3], "texture": "#cross"},
				"down": {"uv": [11, 2, 12, 3], "texture": "#cross"}
			}
		},
		{
			"name": "sugar_cane_leave",
			"from": [9.5, 9, 3.25],
			"to": [10.5, 11, 3.25],
			"rotation": {"angle": 45, "axis": "y", "origin": [11.5, 6, 3.25]},
			"faces": {
				"north": {"uv": [3, 2, 4, 4], "texture": "#cross"},
				"east": {"uv": [3, 2, 4, 4], "texture": "#cross"},
				"south": {"uv": [3, 2, 4, 4], "texture": "#cross"},
				"west": {"uv": [3, 2, 4, 4], "texture": "#cross"},
				"up": {"uv": [3, 2, 4, 4], "texture": "#cross"},
				"down": {"uv": [3, 2, 4, 4], "texture": "#cross"}
			}
		},
		{
			"name": "sugar_cane_leave",
			"from": [2.3125, 10, 13.4375],
			"to": [3.3125, 11, 13.4375],
			"rotation": {"angle": 45, "axis": "y", "origin": [4.5, 6, 13.25]},
			"faces": {
				"north": {"uv": [11, 2, 12, 3], "texture": "#cross"},
				"east": {"uv": [11, 2, 12, 3], "texture": "#cross"},
				"south": {"uv": [11, 2, 12, 3], "texture": "#cross"},
				"west": {"uv": [11, 2, 12, 3], "texture": "#cross"},
				"up": {"uv": [11, 2, 12, 3], "texture": "#cross"},
				"down": {"uv": [11, 2, 12, 3], "texture": "#cross"}
			}
		},
		{
			"name": "sugar_cane_leave",
			"from": [1.5, 12, 3.25],
			"to": [2.5, 14, 3.25],
			"rotation": {"angle": -45, "axis": "y", "origin": [3.5, 9.75, 3.25]},
			"faces": {
				"north": {"uv": [15, 6, 16, 8], "texture": "#cross"},
				"east": {"uv": [15, 6, 16, 8], "texture": "#cross"},
				"south": {"uv": [15, 6, 16, 8], "texture": "#cross"},
				"west": {"uv": [15, 6, 16, 8], "texture": "#cross"},
				"up": {"uv": [15, 6, 16, 8], "texture": "#cross"},
				"down": {"uv": [15, 6, 16, 8], "texture": "#cross"}
			}
		},
		{
			"name": "sugar_cane_leave",
			"from": [4.5, 6, 3.25],
			"to": [5.5, 7, 3.25],
			"rotation": {"angle": -45, "axis": "y", "origin": [3.5, 9.75, 3.25]},
			"faces": {
				"north": {"uv": [12, 13, 13, 14], "texture": "#cross"},
				"east": {"uv": [12, 13, 13, 14], "texture": "#cross"},
				"south": {"uv": [12, 13, 13, 14], "texture": "#cross"},
				"west": {"uv": [12, 13, 13, 14], "texture": "#cross"},
				"up": {"uv": [12, 13, 13, 14], "texture": "#cross"},
				"down": {"uv": [12, 13, 13, 14], "texture": "#cross"}
			}
		},
		{
			"name": "sugar_cane_leave",
			"from": [4.5, 2, 3.25],
			"to": [5.5, 3, 3.25],
			"rotation": {"angle": 45, "axis": "y", "origin": [3.5, 5.75, 3.25]},
			"faces": {
				"north": {"uv": [12, 13, 13, 14], "texture": "#cross"},
				"east": {"uv": [12, 13, 13, 14], "texture": "#cross"},
				"south": {"uv": [12, 13, 13, 14], "texture": "#cross"},
				"west": {"uv": [12, 13, 13, 14], "texture": "#cross"},
				"up": {"uv": [12, 13, 13, 14], "texture": "#cross"},
				"down": {"uv": [12, 13, 13, 14], "texture": "#cross"}
			}
		},
		{
			"name": "sugar_cane_leave",
			"from": [1.5, 8, 3.25],
			"to": [2.5, 10, 3.25],
			"rotation": {"angle": 45, "axis": "y", "origin": [3.5, 5.75, 3.25]},
			"faces": {
				"north": {"uv": [15, 6, 16, 8], "texture": "#cross"},
				"east": {"uv": [15, 6, 16, 8], "texture": "#cross"},
				"south": {"uv": [15, 6, 16, 8], "texture": "#cross"},
				"west": {"uv": [15, 6, 16, 8], "texture": "#cross"},
				"up": {"uv": [15, 6, 16, 8], "texture": "#cross"},
				"down": {"uv": [15, 6, 16, 8], "texture": "#cross"}
			}
		},
		{
			"name": "sugar_cane_leave",
			"from": [3.875, 10, 6.9375],
			"to": [4.875, 12, 6.9375],
			"rotation": {"angle": 45, "axis": "y", "origin": [6.75, 8.75, 6.875]},
			"faces": {
				"north": {"uv": [7, 3, 8, 5], "texture": "#cross"},
				"east": {"uv": [7, 3, 8, 5], "texture": "#cross"},
				"south": {"uv": [7, 3, 8, 5], "texture": "#cross"},
				"west": {"uv": [7, 3, 8, 5], "texture": "#cross"},
				"up": {"uv": [7, 3, 8, 5], "rotation": 90, "texture": "#cross"},
				"down": {"uv": [7, 3, 8, 5], "rotation": 270, "texture": "#cross"}
			}
		},
		{
			"name": "sugar_cane_leave",
			"from": [6.8125, 13, 8.75],
			"to": [6.8125, 15, 9.75],
			"rotation": {"angle": 45, "axis": "y", "origin": [6.75, 11.75, 6.875]},
			"faces": {
				"north": {"uv": [7, 3, 8, 5], "texture": "#cross"},
				"east": {"uv": [7, 3, 8, 5], "texture": "#cross"},
				"south": {"uv": [7, 3, 8, 5], "texture": "#cross"},
				"west": {"uv": [7, 3, 8, 5], "texture": "#cross"},
				"up": {"uv": [7, 3, 8, 5], "texture": "#cross"},
				"down": {"uv": [7, 3, 8, 5], "texture": "#cross"}
			}
		},
		{
			"name": "sugar_cane_leave",
			"from": [8.75, 4, 6.9375],
			"to": [9.75, 5, 6.9375],
			"rotation": {"angle": 45, "axis": "y", "origin": [6.75, 8.75, 6.875]},
			"faces": {
				"north": {"uv": [4, 10, 5, 11], "texture": "#cross"},
				"east": {"uv": [4, 10, 5, 11], "texture": "#cross"},
				"south": {"uv": [4, 10, 5, 11], "texture": "#cross"},
				"west": {"uv": [4, 10, 5, 11], "texture": "#cross"},
				"up": {"uv": [4, 10, 5, 11], "rotation": 90, "texture": "#cross"},
				"down": {"uv": [4, 10, 5, 11], "rotation": 270, "texture": "#cross"}
			}
		},
		{
			"name": "sugar_cane_leave",
			"from": [6.8125, 7, 4.0625],
			"to": [6.8125, 8, 5.0625],
			"rotation": {"angle": 45, "axis": "y", "origin": [6.75, 11.75, 6.875]},
			"faces": {
				"north": {"uv": [4, 10, 5, 11], "texture": "#cross"},
				"east": {"uv": [4, 10, 5, 11], "texture": "#cross"},
				"south": {"uv": [4, 10, 5, 11], "texture": "#cross"},
				"west": {"uv": [4, 10, 5, 11], "texture": "#cross"},
				"up": {"uv": [4, 10, 5, 11], "texture": "#cross"},
				"down": {"uv": [4, 10, 5, 11], "texture": "#cross"}
			}
		},
		{
			"name": "sugar_cane_leave",
			"from": [13.5, 2, 9.75],
			"to": [13.5, 4, 10.75],
			"rotation": {"angle": -45, "axis": "y", "origin": [13.5, 7.75, 8.875]},
			"faces": {
				"north": {"uv": [8, 10, 9, 12], "texture": "#cross"},
				"east": {"uv": [8, 10, 9, 12], "texture": "#cross"},
				"south": {"uv": [8, 10, 9, 12], "texture": "#cross"},
				"west": {"uv": [8, 10, 9, 12], "texture": "#cross"},
				"up": {"uv": [8, 10, 9, 12], "texture": "#cross"},
				"down": {"uv": [8, 10, 9, 12], "texture": "#cross"}
			}
		},
		{
			"name": "sugar_cane_leave",
			"from": [8.6875, 2, 12.125],
			"to": [9.6875, 4, 12.125],
			"rotation": {"angle": -45, "axis": "y", "origin": [10.5, 8.75, 11.875]},
			"faces": {
				"north": {"uv": [8, 10, 9, 12], "texture": "#cross"},
				"east": {"uv": [8, 10, 9, 12], "texture": "#cross"},
				"south": {"uv": [0, 8, 1, 10], "texture": "#cross"},
				"west": {"uv": [8, 10, 9, 12], "texture": "#cross"},
				"up": {"uv": [8, 10, 9, 12], "rotation": 90, "texture": "#cross"},
				"down": {"uv": [8, 10, 9, 12], "rotation": 270, "texture": "#cross"}
			}
		},
		{
			"name": "sugar_cane_leave",
			"from": [13.5, 4, 9.75],
			"to": [13.5, 6, 10.75],
			"rotation": {"angle": 45, "axis": "y", "origin": [13.5, 7.75, 8.875]},
			"faces": {
				"north": {"uv": [8, 10, 9, 12], "texture": "#cross"},
				"east": {"uv": [8, 10, 9, 12], "texture": "#cross"},
				"south": {"uv": [8, 10, 9, 12], "texture": "#cross"},
				"west": {"uv": [8, 10, 9, 12], "texture": "#cross"},
				"up": {"uv": [8, 10, 9, 12], "texture": "#cross"},
				"down": {"uv": [8, 10, 9, 12], "texture": "#cross"}
			}
		},
		{
			"name": "sugar_cane_leave",
			"from": [10.75, 4, 12.9375],
			"to": [10.75, 6, 13.9375],
			"rotation": {"angle": -45, "axis": "y", "origin": [10.5, 8.75, 11.875]},
			"faces": {
				"north": {"uv": [8, 10, 9, 12], "texture": "#cross"},
				"east": {"uv": [0, 8, 1, 10], "texture": "#cross"},
				"south": {"uv": [8, 10, 9, 12], "texture": "#cross"},
				"west": {"uv": [8, 10, 9, 12], "texture": "#cross"},
				"up": {"uv": [8, 10, 9, 12], "texture": "#cross"},
				"down": {"uv": [8, 10, 9, 12], "texture": "#cross"}
			}
		},
		{
			"name": "sugar_cane_leave",
			"from": [13.5, 12, 7],
			"to": [13.5, 13, 8],
			"rotation": {"angle": -45, "axis": "y", "origin": [13.5, 7.75, 8.875]},
			"faces": {
				"north": {"uv": [11, 2, 12, 3], "texture": "#cross"},
				"east": {"uv": [11, 2, 12, 3], "texture": "#cross"},
				"south": {"uv": [11, 2, 12, 3], "texture": "#cross"},
				"west": {"uv": [11, 2, 12, 3], "texture": "#cross"},
				"up": {"uv": [11, 2, 12, 3], "texture": "#cross"},
				"down": {"uv": [11, 2, 12, 3], "texture": "#cross"}
			}
		},
		{
			"name": "sugar_cane_leave",
			"from": [11.375, 11, 12.0625],
			"to": [12.375, 13, 12.0625],
			"rotation": {"angle": -45, "axis": "y", "origin": [10.5, 8.75, 11.875]},
			"faces": {
				"north": {"uv": [3, 2, 4, 4], "texture": "#cross"},
				"east": {"uv": [3, 2, 4, 4], "texture": "#cross"},
				"south": {"uv": [3, 2, 4, 4], "texture": "#cross"},
				"west": {"uv": [3, 2, 4, 4], "texture": "#cross"},
				"up": {"uv": [3, 2, 4, 4], "texture": "#cross"},
				"down": {"uv": [3, 2, 4, 4], "texture": "#cross"}
			}
		},
		{
			"name": "sugar_cane_leave",
			"from": [13.5, 14, 7],
			"to": [13.5, 15, 8],
			"rotation": {"angle": 45, "axis": "y", "origin": [13.5, 7.75, 8.875]},
			"faces": {
				"north": {"uv": [11, 2, 12, 3], "texture": "#cross"},
				"east": {"uv": [11, 2, 12, 3], "texture": "#cross"},
				"south": {"uv": [11, 2, 12, 3], "texture": "#cross"},
				"west": {"uv": [11, 2, 12, 3], "texture": "#cross"},
				"up": {"uv": [11, 2, 12, 3], "texture": "#cross"},
				"down": {"uv": [11, 2, 12, 3], "texture": "#cross"}
			}
		},
		{
			"name": "sugar_cane_leave",
			"from": [10.6875, 13, 10.1875],
			"to": [10.6875, 15, 11.1875],
			"rotation": {"angle": -45, "axis": "y", "origin": [10.5, 8.75, 11.875]},
			"faces": {
				"north": {"uv": [3, 2, 4, 4], "texture": "#cross"},
				"east": {"uv": [3, 2, 4, 4], "texture": "#cross"},
				"south": {"uv": [3, 2, 4, 4], "texture": "#cross"},
				"west": {"uv": [3, 2, 4, 4], "texture": "#cross"},
				"up": {"uv": [3, 2, 4, 4], "texture": "#cross"},
				"down": {"uv": [3, 2, 4, 4], "texture": "#cross"}
			}
		}
	],
	"groups": [
		{
			"name": "sugar_canes",
			"origin": [8, 8, 8],
			"children": [0, 1, 2, 3, 4, 5]
		},
		{
			"name": "sugar_canes_leaves",
			"origin": [8, 8, 8],
			"children": [6, 7, 8, 9, 10, 11, 12, 13, 14, 15, 16, 17, 18, 19, 20, 21, 22, 23, 24, 25, 26, 27, 28, 29]
		}
	]
}