{
	"credit": "Made with Blockbench",
	"ambientocclusion": false,
	"textures": {
		"particle": "#rail"
	},
	"elements": [
		{
			"from": [0, 8.25, 0.25],
			"to": [16, 8.25, 16.25],
			"rotation": {"angle": 45, "axis": "x", "origin": [8, 8.5, 8], "rescale": true},
			"faces": {
				"up": {"uv": [0, 0, 16, 16], "texture": "#rail"},
				"down": {"uv": [0, 16, 16, 0], "texture": "#rail"}
			}
		},
		{
			"from": [2, 0.125, -6.3125],
			"to": [4, 1.125, 16],
			"rotation": {"angle": 45, "axis": "x", "origin": [3, 0.5, 16]},
			"faces": {
				"north": {"uv": [12, 15, 14, 16], "texture": "#rail"},
				"east": {"uv": [12, 0, 13, 16], "texture": "#rail"},
				"south": {"uv": [2, 15, 4, 16], "texture": "#rail"},
				"west": {"uv": [13, 15, 14, 16], "texture": "#rail"},
				"up": {"uv": [2, 0, 4, 16], "texture": "#rail"},
				"down": {"uv": [2, 0, 4, 16], "texture": "#rail"}
			}
		},
		{
			"from": [12, 0.125, -6.3125],
			"to": [14, 1.125, 16],
			"rotation": {"angle": 45, "axis": "x", "origin": [3, 0.5, 16]},
			"faces": {
				"north": {"uv": [2, 15, 4, 16], "texture": "#rail"},
				"east": {"uv": [13, 15, 14, 16], "texture": "#rail"},
				"south": {"uv": [12, 15, 14, 16], "texture": "#rail"},
				"west": {"uv": [12, 0, 13, 16], "texture": "#rail"},
				"up": {"uv": [12, 0, 14, 16], "texture": "#rail"},
				"down": {"uv": [12, 0, 14, 16], "texture": "#rail"}
			}
		},
		{
			"from": [12, 16.04433, -0.21963],
			"to": [14, 17.04433, 0.53037],
			"rotation": {"angle": 22.5, "axis": "x", "origin": [8, 16.54433, -0.21963]},
			"faces": {
				"north": {"uv": [2, 15, 4, 16], "texture": "#rail"},
				"east": {"uv": [13, 15, 14, 16], "texture": "#rail"},
				"south": {"uv": [12, 15, 14, 16], "texture": "#rail"},
				"west": {"uv": [12, 15, 13, 16], "texture": "#rail"},
				"up": {"uv": [12, 15, 14, 16], "texture": "#rail"},
				"down": {"uv": [12, 0, 14, 16], "texture": "#rail"}
			}
		},
		{
			"from": [2, 16.04433, -0.21963],
			"to": [4, 17.04433, 0.53037],
			"rotation": {"angle": 22.5, "axis": "x", "origin": [8, 16.54433, -0.21963]},
			"faces": {
				"north": {"uv": [12, 15, 14, 16], "texture": "#rail"},
				"east": {"uv": [12, 15, 13, 16], "texture": "#rail"},
				"south": {"uv": [12, 15, 14, 16], "texture": "#rail"},
				"west": {"uv": [13, 15, 14, 16], "texture": "#rail"},
				"up": {"uv": [2, 15, 4, 16], "texture": "#rail"},
				"down": {"uv": [12, 0, 14, 16], "texture": "#rail"}
			}
		}
	]
}