{
	"credit": "Made with Blockbench",
	"textures": {
		"0": "block/torch",
		"1": "block/anvil",
		"particle": "block/torch"
	},
	"elements": [
		{
			"from": [1.05139, 2.55927, 7],
			"to": [3.05139, 11.55927, 9],
			"rotation": {"angle": -22.5, "axis": "z", "origin": [2.05139, 1.43427, 8]},
			"faces": {
				"north": {"uv": [7, 6, 9, 15], "texture": "#0"},
				"east": {"uv": [7, 6, 9, 15], "texture": "#0"},
				"south": {"uv": [7, 6, 9, 15], "texture": "#0"},
				"west": {"uv": [7, 6, 9, 15], "texture": "#0"},
				"up": {"uv": [7, 6, 9, 8], "texture": "#0"},
				"down": {"uv": [7, 14, 9, 16], "texture": "#0"}
			}
		},
		{
			"from": [0.73889, 0.55927, 6.6875],
			"to": [3.36389, 1.55927, 9.3125],
			"rotation": {"angle": -22.5, "axis": "z", "origin": [2.05139, 1.43427, 8]},
			"faces": {
				"north": {"uv": [0, 2, 4, 5], "texture": "#1"},
				"east": {"uv": [0, 2, 4, 5], "texture": "#1"},
				"south": {"uv": [0, 2, 4, 5], "texture": "#1"},
				"west": {"uv": [0, 2, 4, 5], "texture": "#1"},
				"up": {"uv": [0, 2, 4, 3], "texture": "#1"},
				"down": {"uv": [0, 2, 4, 5], "texture": "#1"}
			}
		},
		{
			"from": [0.87014, 1.55927, 6.81875],
			"to": [3.23264, 2.55927, 9.18125],
			"rotation": {"angle": -22.5, "axis": "z", "origin": [2.05139, 1.43427, 8]},
			"faces": {
				"north": {"uv": [0, 2, 4, 5], "texture": "#1"},
				"east": {"uv": [0, 2, 4, 5], "texture": "#1"},
				"south": {"uv": [0, 2, 4, 5], "texture": "#1"},
				"west": {"uv": [0, 2, 4, 5], "texture": "#1"},
				"up": {"uv": [0, 2, 4, 3], "texture": "#1"},
				"down": {"uv": [0, 2, 4, 5], "texture": "#1"}
			}
		},
		{
			"from": [0.87014, 7.55927, 6.81875],
			"to": [3.23264, 8.05927, 9.18125],
			"rotation": {"angle": -22.5, "axis": "z", "origin": [2.05139, 1.43427, 8]},
			"faces": {
				"north": {"uv": [0, 2, 4, 3], "texture": "#1"},
				"east": {"uv": [0, 2, 4, 3], "texture": "#1"},
				"south": {"uv": [0, 2, 4, 3], "texture": "#1"},
				"west": {"uv": [0, 2, 4, 3], "texture": "#1"},
				"up": {"uv": [0, 2, 4, 3], "texture": "#1"},
				"down": {"uv": [0, 2, 4, 3], "texture": "#1"}
			}
		},
		{
			"from": [0.11389, 1.23427, 6.8125],
			"to": [0.73889, 1.68427, 7.2625],
			"rotation": {"angle": 0, "axis": "z", "origin": [1.68264, 1.95927, 7.43125]},
			"faces": {
				"north": {"uv": [0, 2, 4, 5], "texture": "#1"},
				"east": {"uv": [0, 2, 4, 5], "texture": "#1"},
				"south": {"uv": [0, 2, 4, 5], "texture": "#1"},
				"west": {"uv": [0, 2, 4, 5], "texture": "#1"},
				"up": {"uv": [0, 2, 4, 3], "texture": "#1"},
				"down": {"uv": [0, 2, 4, 5], "texture": "#1"}
			}
		},
		{
			"from": [0.11389, 1.23427, 8.7375],
			"to": [0.73889, 1.68427, 9.1875],
			"rotation": {"angle": 0, "axis": "z", "origin": [1.68264, 1.95927, 7.43125]},
			"faces": {
				"north": {"uv": [0, 2, 4, 5], "texture": "#1"},
				"east": {"uv": [0, 2, 4, 5], "texture": "#1"},
				"south": {"uv": [0, 2, 4, 5], "texture": "#1"},
				"west": {"uv": [0, 2, 4, 5], "texture": "#1"},
				"up": {"uv": [0, 2, 4, 3], "texture": "#1"},
				"down": {"uv": [0, 2, 4, 5], "texture": "#1"}
			}
		},
		{
			"from": [0.14514, 7.64052, 6.90625],
			"to": [3.48889, 7.96552, 7.23125],
			"rotation": {"angle": 0, "axis": "z", "origin": [1.68264, 1.95927, 7.43125]},
			"faces": {
				"north": {"uv": [0, 2, 4, 5], "texture": "#1"},
				"east": {"uv": [0, 2, 4, 5], "texture": "#1"},
				"south": {"uv": [0, 2, 4, 5], "texture": "#1"},
				"west": {"uv": [0, 2, 4, 5], "texture": "#1"},
				"up": {"uv": [0, 2, 4, 3], "texture": "#1"},
				"down": {"uv": [0, 2, 4, 5], "texture": "#1"}
			}
		},
		{
			"from": [-0.01111, 7.47802, 6.74375],
			"to": [0.14514, 8.12802, 7.39375],
			"rotation": {"angle": 0, "axis": "z", "origin": [1.68264, -3.88448, 7.79375]},
			"faces": {
				"north": {"uv": [0, 3, 1, 4], "texture": "#1"},
				"east": {"uv": [0, 3, 1, 4], "texture": "#1"},
				"south": {"uv": [0, 3, 1, 4], "texture": "#1"},
				"west": {"uv": [0, 3, 1, 4], "texture": "#1"},
				"up": {"uv": [0, 3, 1, 4], "texture": "#1"},
				"down": {"uv": [0, 3, 1, 4], "texture": "#1"}
			}
		},
		{
			"from": [-0.01111, 7.47802, 8.60625],
			"to": [0.14514, 8.12802, 9.25625],
			"rotation": {"angle": 0, "axis": "z", "origin": [1.68264, -3.88448, 9.65625]},
			"faces": {
				"north": {"uv": [0, 3, 1, 4], "texture": "#1"},
				"east": {"uv": [0, 3, 1, 4], "texture": "#1"},
				"south": {"uv": [0, 3, 1, 4], "texture": "#1"},
				"west": {"uv": [0, 3, 1, 4], "texture": "#1"},
				"up": {"uv": [0, 3, 1, 4], "texture": "#1"},
				"down": {"uv": [0, 3, 1, 4], "texture": "#1"}
			}
		},
		{
			"from": [-0.01111, 1.13427, 8.6375],
			"to": [0.14514, 1.78427, 9.2875],
			"rotation": {"angle": 0, "axis": "z", "origin": [1.68264, -3.88448, 9.65625]},
			"faces": {
				"north": {"uv": [0, 3, 1, 4], "texture": "#1"},
				"east": {"uv": [0, 3, 1, 4], "texture": "#1"},
				"south": {"uv": [0, 3, 1, 4], "texture": "#1"},
				"west": {"uv": [0, 3, 1, 4], "texture": "#1"},
				"up": {"uv": [0, 3, 1, 4], "texture": "#1"},
				"down": {"uv": [0, 3, 1, 4], "texture": "#1"}
			}
		},
		{
			"from": [-0.01111, 1.13427, 6.7125],
			"to": [0.14514, 1.78427, 7.3625],
			"rotation": {"angle": 0, "axis": "z", "origin": [1.68264, -3.88448, 7.79375]},
			"faces": {
				"north": {"uv": [0, 3, 1, 4], "texture": "#1"},
				"east": {"uv": [0, 3, 1, 4], "texture": "#1"},
				"south": {"uv": [0, 3, 1, 4], "texture": "#1"},
				"west": {"uv": [0, 3, 1, 4], "texture": "#1"},
				"up": {"uv": [0, 3, 1, 4], "texture": "#1"},
				"down": {"uv": [0, 3, 1, 4], "texture": "#1"}
			}
		},
		{
			"from": [0.14514, 7.64052, 8.76875],
			"to": [3.48889, 7.96552, 9.09375],
			"rotation": {"angle": 0, "axis": "z", "origin": [1.68264, 1.95927, 7.43125]},
			"faces": {
				"north": {"uv": [0, 2, 4, 5], "texture": "#1"},
				"east": {"uv": [0, 2, 4, 5], "texture": "#1"},
				"south": {"uv": [0, 2, 4, 5], "texture": "#1"},
				"west": {"uv": [0, 2, 4, 5], "texture": "#1"},
				"up": {"uv": [0, 2, 4, 3], "texture": "#1"},
				"down": {"uv": [0, 2, 4, 5], "texture": "#1"}
			}
		}
	]
}