{
	"credit": "Made with Blockbench",
	"textures": {
		"1": "block/warped_fungus_top",
		"cross": "block/warped_fungus",
		"particle": "block/warped_fungus_top"
	},
	"elements": [
		{
			"from": [7, 0, 7],
			"to": [9, 5, 9],
			"faces": {
				"north": {"uv": [7, 11, 9, 16], "texture": "#cross"},
				"east": {"uv": [7, 11, 9, 16], "texture": "#cross"},
				"south": {"uv": [7, 11, 9, 16], "texture": "#cross"},
				"west": {"uv": [7, 11, 9, 16], "texture": "#cross"},
				"up": {"uv": [7, 11, 9, 16], "texture": "#cross"},
				"down": {"uv": [7, 11, 9, 16], "texture": "#cross"}
			}
		},
		{
			"from": [3, 5, 3],
			"to": [13, 9, 13],
			"rotation": {"angle": 0, "axis": "y", "origin": [8, 7, 8]},
			"faces": {
				"north": {"uv": [3, 7, 13, 11], "texture": "#cross"},
				"east": {"uv": [3, 7, 13, 11], "texture": "#cross"},
				"south": {"uv": [3, 7, 13, 11], "texture": "#cross"},
				"west": {"uv": [3, 7, 13, 11], "texture": "#cross"},
				"up": {"uv": [3, 3, 13, 13], "texture": "#1"},
				"down": {"uv": [3, 7, 7, 11], "texture": "#cross"}
			}
		}
	]
}