{
	"credit": "Made with Blockbench",
	"textures": {
		"1": "block/bamboo_small_leaves",
		"particle": "block/bamboo_stalk",
		"all": "block/bamboo_stalk"
	},
	"elements": [
		{
			"from": [7, 0, 7],
			"to": [9, 16, 9],
			"faces": {
				"north": {"uv": [0, 0, 3, 16], "texture": "#all"},
				"east": {"uv": [0, 0, 3, 16], "texture": "#all"},
				"south": {"uv": [0, 0, 3, 16], "texture": "#all"},
				"west": {"uv": [0, 0, 3, 16], "texture": "#all"},
				"up": {"uv": [13, 0, 15, 2], "rotation": 90, "texture": "#all", "cullface": "up"},
				"down": {"uv": [13, 4, 15, 6], "rotation": 270, "texture": "#all", "cullface": "down"}
			}
		},
		{
			"from": [7.25, 0.5, 7.25],
			"to": [8.75, 12.5, 8.75],
			"rotation": {"angle": -22.5, "axis": "x", "origin": [8, 0.5, 8]},
			"faces": {
				"north": {"uv": [0, 0, 2, 16], "texture": "#all"},
				"east": {"uv": [0, 0, 2, 16], "texture": "#all"},
				"south": {"uv": [0, 0, 2, 16], "texture": "#all"},
				"west": {"uv": [0, 0, 2, 16], "texture": "#all"},
				"up": {"uv": [13, 0, 15, 2], "rotation": 90, "texture": "#all", "cullface": "up"},
				"down": {"uv": [13, 4, 15, 6], "rotation": 270, "texture": "#all", "cullface": "down"}
			}
		},
		{
			"from": [7.375, 11.34324, 2.94538],
			"to": [8.625, 27.34324, 4.19538],
			"rotation": {"angle": -45, "axis": "x", "origin": [8, 11.34324, 3.57038]},
			"faces": {
				"north": {"uv": [0, 0, 2, 16], "texture": "#all"},
				"east": {"uv": [0, 0, 2, 16], "texture": "#all"},
				"south": {"uv": [0, 0, 2, 16], "texture": "#all"},
				"west": {"uv": [0, 0, 2, 16], "texture": "#all"},
				"up": {"uv": [13, 0, 15, 2], "rotation": 90, "texture": "#all", "cullface": "up"},
				"down": {"uv": [13, 4, 15, 6], "rotation": 270, "texture": "#all", "cullface": "down"}
			}
		},
		{
			"from": [7.375, 11.34324, 2.94538],
			"to": [8.625, 20.34324, 4.19538],
			"rotation": {"angle": 45, "axis": "z", "origin": [8, 11.34324, 3.57038]},
			"faces": {
				"north": {"uv": [0, 0, 2, 16], "texture": "#all"},
				"east": {"uv": [0, 0, 2, 16], "texture": "#all"},
				"south": {"uv": [0, 0, 2, 16], "texture": "#all"},
				"west": {"uv": [0, 0, 2, 16], "texture": "#all"},
				"up": {"uv": [13, 0, 15, 2], "rotation": 90, "texture": "#all", "cullface": "up"},
				"down": {"uv": [13, 4, 15, 6], "rotation": 270, "texture": "#all", "cullface": "down"}
			}
		},
		{
			"from": [-7.46568, 15.54098, 3.07038],
			"to": [1.53432, 16.54098, 4.07038],
			"rotation": {"angle": -22.5, "axis": "z", "origin": [5.53432, 16.04098, 3.57038]},
			"faces": {
				"north": {"uv": [0, 0, 2, 16], "rotation": 90, "texture": "#all"},
				"east": {"uv": [13, 4, 15, 6], "rotation": 180, "texture": "#all", "cullface": "down"},
				"south": {"uv": [0, 0, 2, 16], "rotation": 270, "texture": "#all"},
				"west": {"uv": [13, 0, 15, 2], "texture": "#all", "cullface": "up"},
				"up": {"uv": [0, 0, 2, 16], "rotation": 270, "texture": "#all"},
				"down": {"uv": [0, 0, 2, 16], "rotation": 270, "texture": "#all"}
			}
		},
		{
			"from": [-12.28477, 20.47781, 3.07038],
			"to": [-6.28477, 21.47781, 4.07038],
			"rotation": {"angle": 0, "axis": "x", "origin": [-9.28477, 20.97781, 3.57038]},
			"faces": {
				"north": {"uv": [0, 0, 2, 16], "rotation": 90, "texture": "#all"},
				"east": {"uv": [13, 4, 15, 6], "rotation": 180, "texture": "#all", "cullface": "down"},
				"south": {"uv": [0, 0, 2, 16], "rotation": 270, "texture": "#all"},
				"west": {"uv": [13, 0, 15, 2], "texture": "#all", "cullface": "up"},
				"up": {"uv": [0, 0, 2, 16], "rotation": 270, "texture": "#all"},
				"down": {"uv": [0, 0, 2, 16], "rotation": 270, "texture": "#all"}
			}
		},
		{
			"from": [-13.28477, 20.47781, -0.17962],
			"to": [-5.28477, 20.47781, 6.82038],
			"rotation": {"angle": 0, "axis": "x", "origin": [-9.28477, 20.97781, 3.57038]},
			"faces": {
				"up": {"uv": [0, 0, 16, 16], "rotation": 270, "texture": "#1"},
				"down": {"uv": [0, 0, 16, 16], "rotation": 270, "texture": "#1"}
			}
		},
		{
			"from": [-6.28477, 21.97781, 0.07038],
			"to": [1.71523, 21.97781, 7.07038],
			"rotation": {"angle": -22.5, "axis": "z", "origin": [-9.28477, 20.97781, 3.57038]},
			"faces": {
				"up": {"uv": [0, 0, 16, 16], "rotation": 270, "texture": "#1"},
				"down": {"uv": [0, 0, 16, 16], "rotation": 270, "texture": "#1"}
			}
		},
		{
			"from": [-13.28477, 17.72781, 3.57038],
			"to": [-5.28477, 24.72781, 3.57038],
			"rotation": {"angle": 0, "axis": "z", "origin": [-9.28477, 20.97781, 3.57038]},
			"faces": {
				"north": {"uv": [0, 0, 16, 16], "rotation": 90, "texture": "#1"},
				"south": {"uv": [0, 0, 16, 16], "rotation": 270, "texture": "#1"}
			}
		},
		{
			"from": [-6.28477, 19.22781, 3.57038],
			"to": [1.71523, 26.22781, 3.57038],
			"rotation": {"angle": -22.5, "axis": "z", "origin": [-9.28477, 20.97781, 3.57038]},
			"faces": {
				"north": {"uv": [0, 0, 16, 16], "rotation": 90, "texture": "#1"},
				"south": {"uv": [0, 0, 16, 16], "rotation": 270, "texture": "#1"}
			}
		},
		{
			"from": [7.5, 25.45028, -14.81259],
			"to": [8.5, 26.45028, -6.81259],
			"rotation": {"angle": 22.5, "axis": "x", "origin": [8, 25.95028, -15.84333]},
			"faces": {
				"north": {"uv": [13, 0, 15, 2], "rotation": 270, "texture": "#all", "cullface": "up"},
				"east": {"uv": [0, 0, 2, 16], "rotation": 90, "texture": "#all"},
				"south": {"uv": [13, 4, 15, 6], "rotation": 270, "texture": "#all", "cullface": "down"},
				"west": {"uv": [0, 0, 2, 16], "rotation": 270, "texture": "#all"},
				"up": {"uv": [0, 0, 2, 16], "texture": "#all"},
				"down": {"uv": [0, 0, 2, 16], "rotation": 180, "texture": "#all"}
			}
		},
		{
			"from": [7.50834, 22.16045, -8.34333],
			"to": [15.50834, 23.16045, -7.34333],
			"rotation": {"angle": 22.5, "axis": "z", "origin": [8, 22.95028, -7.84333]},
			"faces": {
				"north": {"uv": [0, 0, 2, 16], "rotation": 270, "texture": "#all"},
				"east": {"uv": [13, 0, 15, 2], "rotation": 270, "texture": "#all", "cullface": "up"},
				"south": {"uv": [0, 0, 2, 16], "rotation": 90, "texture": "#all"},
				"west": {"uv": [13, 4, 15, 6], "rotation": 270, "texture": "#all", "cullface": "down"},
				"up": {"uv": [0, 0, 2, 16], "rotation": 90, "texture": "#all"},
				"down": {"uv": [0, 0, 2, 16], "rotation": 90, "texture": "#all"}
			}
		},
		{
			"from": [14.88778, 25.19165, -8.21833],
			"to": [22.88778, 25.94165, -7.46833],
			"rotation": {"angle": 0, "axis": "x", "origin": [14.74323, 25.58657, -7.84333]},
			"faces": {
				"north": {"uv": [0, 0, 2, 16], "rotation": 270, "texture": "#all"},
				"east": {"uv": [13, 0, 15, 2], "rotation": 270, "texture": "#all", "cullface": "up"},
				"south": {"uv": [0, 0, 2, 16], "rotation": 90, "texture": "#all"},
				"west": {"uv": [13, 4, 15, 6], "rotation": 270, "texture": "#all", "cullface": "down"},
				"up": {"uv": [0, 0, 2, 16], "rotation": 90, "texture": "#all"},
				"down": {"uv": [0, 0, 2, 16], "rotation": 90, "texture": "#all"}
			}
		},
		{
			"from": [14.88778, 25.56665, -11.21833],
			"to": [22.88778, 25.56665, -4.46833],
			"rotation": {"angle": 0, "axis": "x", "origin": [14.74323, 25.58657, -7.84333]},
			"faces": {
				"up": {"uv": [0, 0, 16, 16], "rotation": 90, "texture": "#1"},
				"down": {"uv": [0, 0, 16, 16], "rotation": 90, "texture": "#1"}
			}
		},
		{
			"from": [14.88778, 22.21157, -7.82342],
			"to": [22.88778, 28.96157, -7.82342],
			"rotation": {"angle": 0, "axis": "z", "origin": [14.74323, 25.58657, -7.84333]},
			"faces": {
				"north": {"uv": [0, 0, 16, 16], "rotation": 270, "texture": "#1"},
				"south": {"uv": [0, 0, 16, 16], "rotation": 90, "texture": "#1"}
			}
		},
		{
			"from": [6.88778, 25.56665, -11.21833],
			"to": [14.88778, 25.56665, -4.46833],
			"rotation": {"angle": 22.5, "axis": "z", "origin": [14.74323, 25.58657, -7.84333]},
			"faces": {
				"up": {"uv": [0, 0, 16, 16], "rotation": 90, "texture": "#1"},
				"down": {"uv": [0, 0, 16, 16], "rotation": 90, "texture": "#1"}
			}
		},
		{
			"from": [6.88778, 22.21157, -7.86325],
			"to": [14.88778, 28.96157, -7.86325],
			"rotation": {"angle": 22.5, "axis": "z", "origin": [14.74323, 25.58657, -7.84333]},
			"faces": {
				"north": {"uv": [0, 0, 16, 16], "rotation": 270, "texture": "#1"},
				"south": {"uv": [0, 0, 16, 16], "rotation": 90, "texture": "#1"}
			}
		},
		{
			"from": [3, 25.95028, -16],
			"to": [13, 25.95028, -5],
			"rotation": {"angle": 22.5, "axis": "x", "origin": [8, 25.95028, -15.84333]},
			"faces": {
				"up": {"uv": [0, 0, 16, 16], "texture": "#1"},
				"down": {"uv": [0, 0, 16, 16], "rotation": 180, "texture": "#1"}
			}
		},
		{
			"from": [8, 20.95028, -16],
			"to": [8, 30.95028, -5],
			"rotation": {"angle": 22.5, "axis": "x", "origin": [8, 25.95028, -15.84333]},
			"faces": {
				"east": {"uv": [0, 0, 16, 16], "rotation": 90, "texture": "#1"},
				"west": {"uv": [0, 0, 16, 16], "rotation": 270, "texture": "#1"}
			}
		},
		{
			"from": [8, 13.17211, -6.62986],
			"to": [8, 23.17211, 1.37014],
			"rotation": {"angle": -45, "axis": "x", "origin": [8, 18.17211, -2.62986]},
			"faces": {
				"east": {"uv": [0, 0, 16, 16], "texture": "#1"},
				"west": {"uv": [0, 0, 16, 16], "texture": "#1"}
			}
		},
		{
			"from": [4.15667, 12.75256, -3.04941],
			"to": [12.15667, 22.75256, -3.04941],
			"rotation": {"angle": -45, "axis": "x", "origin": [8.15667, 17.75256, -3.04941]},
			"faces": {
				"north": {"uv": [0, 0, 16, 16], "texture": "#1"},
				"south": {"uv": [0, 0, 16, 16], "texture": "#1"}
			}
		}
	],
	"groups": [0,
		{
			"name": "stick",
			"origin": [8, 8, 8],
			"children": [1, 2, 3, 4, 5, 6, 7, 8, 9, 10, 11, 12, 13, 14, 15, 16, 17, 18, 19, 20]
		}
	]
}