{
	"credit": "Made with Blockbench",
	"textures": {
		"1": "block/bamboo_small_leaves",
		"particle": "block/bamboo_stalk",
		"all": "block/bamboo_stalk"
	},
	"elements": [
		{
			"from": [7, 0, 7],
			"to": [9, 16, 9],
			"faces": {
				"north": {"uv": [6, 0, 9, 16], "texture": "#all"},
				"east": {"uv": [6, 0, 9, 16], "texture": "#all"},
				"south": {"uv": [6, 0, 9, 16], "texture": "#all"},
				"west": {"uv": [6, 0, 9, 16], "texture": "#all"},
				"up": {"uv": [13, 0, 15, 2], "texture": "#all", "cullface": "up"},
				"down": {"uv": [13, 4, 15, 6], "texture": "#all", "cullface": "down"}
			}
		},
		{
			"from": [7.25, 0.5, 7.25],
			"to": [8.75, 12.5, 8.75],
			"rotation": {"angle": 22.5, "axis": "z", "origin": [8, 0.5, 8]},
			"faces": {
				"north": {"uv": [6, 0, 9, 16], "texture": "#all"},
				"east": {"uv": [6, 0, 9, 16], "texture": "#all"},
				"south": {"uv": [6, 0, 9, 16], "texture": "#all"},
				"west": {"uv": [6, 0, 9, 16], "texture": "#all"},
				"up": {"uv": [13, 0, 15, 2], "texture": "#all", "cullface": "up"},
				"down": {"uv": [13, 4, 15, 6], "texture": "#all", "cullface": "down"}
			}
		},
		{
			"from": [2.94538, 11.34324, 7.375],
			"to": [4.19538, 27.34324, 8.625],
			"rotation": {"angle": 45, "axis": "z", "origin": [3.57038, 11.34324, 8]},
			"faces": {
				"north": {"uv": [6, 0, 9, 16], "texture": "#all"},
				"east": {"uv": [6, 0, 9, 16], "texture": "#all"},
				"south": {"uv": [6, 0, 9, 16], "texture": "#all"},
				"west": {"uv": [6, 0, 9, 16], "texture": "#all"},
				"up": {"uv": [13, 0, 15, 2], "texture": "#all", "cullface": "up"},
				"down": {"uv": [13, 4, 15, 6], "texture": "#all", "cullface": "down"}
			}
		},
		{
			"from": [2.94538, 11.34324, 7.375],
			"to": [4.19538, 20.34324, 8.625],
			"rotation": {"angle": 45, "axis": "x", "origin": [3.57038, 11.34324, 8]},
			"faces": {
				"north": {"uv": [6, 0, 9, 16], "texture": "#all"},
				"east": {"uv": [6, 0, 9, 16], "texture": "#all"},
				"south": {"uv": [6, 0, 9, 16], "texture": "#all"},
				"west": {"uv": [6, 0, 9, 16], "texture": "#all"},
				"up": {"uv": [13, 0, 15, 2], "texture": "#all", "cullface": "up"},
				"down": {"uv": [13, 4, 15, 6], "texture": "#all", "cullface": "down"}
			}
		},
		{
			"from": [3.07038, 15.54098, 14.46568],
			"to": [4.07038, 16.54098, 23.46568],
			"rotation": {"angle": -22.5, "axis": "x", "origin": [3.57038, 16.04098, 10.46568]},
			"faces": {
				"north": {"uv": [6, 0, 9, 16], "rotation": 180, "texture": "#all", "cullface": "down"},
				"east": {"uv": [6, 0, 9, 16], "rotation": 270, "texture": "#all"},
				"south": {"uv": [6, 0, 9, 16], "texture": "#all", "cullface": "up"},
				"west": {"uv": [6, 0, 9, 16], "rotation": 90, "texture": "#all"},
				"up": {"uv": [0, 0, 2, 16], "rotation": 180, "texture": "#all"},
				"down": {"uv": [0, 0, 2, 16], "texture": "#all"}
			}
		},
		{
			"from": [3.07038, 20.47781, 22.28477],
			"to": [4.07038, 21.47781, 28.28477],
			"rotation": {"angle": 0, "axis": "x", "origin": [3.57038, 20.97781, 25.28477]},
			"faces": {
				"north": {"uv": [6, 0, 9, 16], "rotation": 180, "texture": "#all", "cullface": "down"},
				"east": {"uv": [6, 0, 9, 16], "rotation": 270, "texture": "#all"},
				"south": {"uv": [6, 0, 9, 16], "texture": "#all", "cullface": "up"},
				"west": {"uv": [6, 0, 9, 16], "rotation": 90, "texture": "#all"},
				"up": {"uv": [0, 0, 2, 16], "rotation": 180, "texture": "#all"},
				"down": {"uv": [0, 0, 2, 16], "texture": "#all"}
			}
		},
		{
			"from": [-0.17962, 20.47781, 21.28477],
			"to": [6.82038, 20.47781, 29.28477],
			"rotation": {"angle": 0, "axis": "x", "origin": [3.57038, 20.97781, 25.28477]},
			"faces": {
				"up": {"uv": [0, 0, 16, 16], "rotation": 180, "texture": "#1"},
				"down": {"uv": [0, 0, 16, 16], "texture": "#1"}
			}
		},
		{
			"from": [0.07038, 21.97781, 14.28477],
			"to": [7.07038, 21.97781, 22.28477],
			"rotation": {"angle": -22.5, "axis": "x", "origin": [3.57038, 20.97781, 25.28477]},
			"faces": {
				"up": {"uv": [0, 0, 16, 16], "rotation": 180, "texture": "#1"},
				"down": {"uv": [0, 0, 16, 16], "texture": "#1"}
			}
		},
		{
			"from": [3.57038, 17.72781, 21.28477],
			"to": [3.57038, 24.72781, 29.28477],
			"rotation": {"angle": 0, "axis": "z", "origin": [3.57038, 20.97781, 25.28477]},
			"faces": {
				"east": {"uv": [0, 0, 16, 16], "rotation": 270, "texture": "#1"},
				"west": {"uv": [0, 0, 16, 16], "rotation": 90, "texture": "#1"}
			}
		},
		{
			"from": [3.57038, 19.22781, 14.28477],
			"to": [3.57038, 26.22781, 22.28477],
			"rotation": {"angle": -22.5, "axis": "x", "origin": [3.57038, 20.97781, 25.28477]},
			"faces": {
				"east": {"uv": [0, 0, 16, 16], "rotation": 270, "texture": "#1"},
				"west": {"uv": [0, 0, 16, 16], "rotation": 90, "texture": "#1"}
			}
		},
		{
			"from": [-14.81259, 25.45028, 7.5],
			"to": [-6.81259, 26.45028, 8.5],
			"rotation": {"angle": -22.5, "axis": "z", "origin": [-15.84333, 25.95028, 8]},
			"faces": {
				"north": {"uv": [6, 0, 9, 16], "rotation": 90, "texture": "#all"},
				"east": {"uv": [6, 0, 9, 16], "rotation": 270, "texture": "#all", "cullface": "down"},
				"south": {"uv": [6, 0, 9, 16], "rotation": 270, "texture": "#all"},
				"west": {"uv": [6, 0, 9, 16], "rotation": 270, "texture": "#all", "cullface": "up"},
				"up": {"uv": [0, 0, 2, 16], "rotation": 270, "texture": "#all"},
				"down": {"uv": [0, 0, 2, 16], "rotation": 270, "texture": "#all"}
			}
		},
		{
			"from": [-8.34333, 22.16045, 0.49166],
			"to": [-7.34333, 23.16045, 8.49166],
			"rotation": {"angle": 22.5, "axis": "x", "origin": [-7.84333, 22.95028, 8]},
			"faces": {
				"north": {"uv": [6, 0, 9, 16], "rotation": 270, "texture": "#all", "cullface": "up"},
				"east": {"uv": [6, 0, 9, 16], "rotation": 90, "texture": "#all"},
				"south": {"uv": [6, 0, 9, 16], "rotation": 270, "texture": "#all", "cullface": "down"},
				"west": {"uv": [6, 0, 9, 16], "rotation": 270, "texture": "#all"},
				"up": {"uv": [0, 0, 2, 16], "texture": "#all"},
				"down": {"uv": [0, 0, 2, 16], "rotation": 180, "texture": "#all"}
			}
		},
		{
			"from": [-8.21833, 25.19165, -6.88778],
			"to": [-7.46833, 25.94165, 1.11222],
			"rotation": {"angle": 0, "axis": "x", "origin": [-7.84333, 25.58657, 1.25677]},
			"faces": {
				"north": {"uv": [6, 0, 9, 16], "rotation": 270, "texture": "#all", "cullface": "up"},
				"east": {"uv": [6, 0, 9, 16], "rotation": 90, "texture": "#all"},
				"south": {"uv": [6, 0, 9, 16], "rotation": 270, "texture": "#all", "cullface": "down"},
				"west": {"uv": [6, 0, 9, 16], "rotation": 270, "texture": "#all"},
				"up": {"uv": [0, 0, 2, 16], "texture": "#all"},
				"down": {"uv": [0, 0, 2, 16], "rotation": 180, "texture": "#all"}
			}
		},
		{
			"from": [-11.21833, 25.56665, -6.88778],
			"to": [-4.46833, 25.56665, 1.11222],
			"rotation": {"angle": 0, "axis": "x", "origin": [-7.84333, 25.58657, 1.25677]},
			"faces": {
				"up": {"uv": [0, 0, 16, 16], "texture": "#1"},
				"down": {"uv": [0, 0, 16, 16], "rotation": 180, "texture": "#1"}
			}
		},
		{
			"from": [-7.82342, 22.21157, -6.88778],
			"to": [-7.82342, 28.96157, 1.11222],
			"rotation": {"angle": 0, "axis": "z", "origin": [-7.84333, 25.58657, 1.25677]},
			"faces": {
				"east": {"uv": [0, 0, 16, 16], "rotation": 90, "texture": "#1"},
				"west": {"uv": [0, 0, 16, 16], "rotation": 270, "texture": "#1"}
			}
		},
		{
			"from": [-11.21833, 25.56665, 1.11222],
			"to": [-4.46833, 25.56665, 9.11222],
			"rotation": {"angle": 22.5, "axis": "x", "origin": [-7.84333, 25.58657, 1.25677]},
			"faces": {
				"up": {"uv": [0, 0, 16, 16], "texture": "#1"},
				"down": {"uv": [0, 0, 16, 16], "rotation": 180, "texture": "#1"}
			}
		},
		{
			"from": [-7.86325, 22.21157, 1.11222],
			"to": [-7.86325, 28.96157, 9.11222],
			"rotation": {"angle": 22.5, "axis": "x", "origin": [-7.84333, 25.58657, 1.25677]},
			"faces": {
				"east": {"uv": [0, 0, 16, 16], "rotation": 90, "texture": "#1"},
				"west": {"uv": [0, 0, 16, 16], "rotation": 270, "texture": "#1"}
			}
		},
		{
			"from": [-16, 25.95028, 3],
			"to": [-5, 25.95028, 13],
			"rotation": {"angle": -22.5, "axis": "z", "origin": [-15.84333, 25.95028, 8]},
			"faces": {
				"up": {"uv": [0, 0, 16, 16], "rotation": 270, "texture": "#1"},
				"down": {"uv": [0, 0, 16, 16], "rotation": 270, "texture": "#1"}
			}
		},
		{
			"from": [-16, 20.95028, 8],
			"to": [-5, 30.95028, 8],
			"rotation": {"angle": -22.5, "axis": "z", "origin": [-15.84333, 25.95028, 8]},
			"faces": {
				"north": {"uv": [0, 0, 16, 16], "rotation": 90, "texture": "#1"},
				"south": {"uv": [0, 0, 16, 16], "rotation": 270, "texture": "#1"}
			}
		},
		{
			"from": [-6.62986, 13.17211, 8],
			"to": [1.37014, 23.17211, 8],
			"rotation": {"angle": 45, "axis": "z", "origin": [-2.62986, 18.17211, 8]},
			"faces": {
				"north": {"uv": [0, 0, 16, 16], "texture": "#1"},
				"south": {"uv": [0, 0, 16, 16], "texture": "#1"}
			}
		},
		{
			"from": [-3.04941, 12.75256, 3.84333],
			"to": [-3.04941, 22.75256, 11.84333],
			"rotation": {"angle": 45, "axis": "z", "origin": [-3.04941, 17.75256, 7.84333]},
			"faces": {
				"east": {"uv": [0, 0, 16, 16], "texture": "#1"},
				"west": {"uv": [0, 0, 16, 16], "texture": "#1"}
			}
		}
	],
	"groups": [0,
		{
			"name": "stick",
			"origin": [8, 8, 8],
			"children": [1, 2, 3, 4, 5, 6, 7, 8, 9, 10, 11, 12, 13, 14, 15, 16, 17, 18, 19, 20]
		}
	]
}