{
    "variants": {
          "facing=north": [
            { "model": "block/carved_pumpkin","weight":10 },
            { "model": "block/carved_pumpkin/carved_pumpkin_b","weight":1 },
            { "model": "block/carved_pumpkin/carved_pumpkin_s","weight":1 },
            { "model": "block/carved_pumpkin/carved_pumpkin_sp","weight":1 },
            { "model": "block/carved_pumpkin/carved_pumpkin_st","weight":1 }
        ],

        "facing=south":[
             { "model": "block/carved_pumpkin", "y": 180,"weight":10 },
             { "model": "block/carved_pumpkin/carved_pumpkin_b", "y": 180,"weight":1 },
             { "model": "block/carved_pumpkin/carved_pumpkin_s", "y": 180,"weight":1 },
             { "model": "block/carved_pumpkin/carved_pumpkin_sp", "y": 180,"weight":1 },
             { "model": "block/carved_pumpkin/carved_pumpkin_st", "y": 180,"weight":1 }
        ],

        "facing=west":[  
            { "model": "block/carved_pumpkin", "y": 270,"weight":10 },
            { "model": "block/carved_pumpkin/carved_pumpkin_b", "y": 270,"weight":1 },
            { "model": "block/carved_pumpkin/carved_pumpkin_s", "y": 270,"weight":1 },
            { "model": "block/carved_pumpkin/carved_pumpkin_sp", "y": 270,"weight":1 },
            { "model": "block/carved_pumpkin/carved_pumpkin_st", "y": 270,"weight":1 }
        ],

        "facing=east":[  
            { "model": "block/carved_pumpkin", "y": 90,"weight":10 },
            { "model": "block/carved_pumpkin/carved_pumpkin_b", "y": 90,"weight":1 },
            { "model": "block/carved_pumpkin/carved_pumpkin_s", "y": 90,"weight":1 },
            { "model": "block/carved_pumpkin/carved_pumpkin_sp", "y": 90,"weight":1 },
            { "model": "block/carved_pumpkin/carved_pumpkin_st", "y": 90,"weight":1 }
        ]
    }
}
