{
    "variants": {
        "inverted=false": [
            { "model": "block/daylight_detector" },
            { "model": "block/daylight_detector", "y": 90 },
            { "model": "block/daylight_detector", "y": 180 },
            { "model": "block/daylight_detector", "y": 270 }
        ],
        "inverted=true": [
            { "model": "block/daylight_detector_inverted" },
            { "model": "block/daylight_detector_inverted", "y": 90 },
            { "model": "block/daylight_detector_inverted", "y": 180 },
            { "model": "block/daylight_detector_inverted", "y": 270 }
        ]
    }
}

 