{
    "variants": {
        "": [
            {"model":"block/fern","weight":10},

            {"model":"block/fern/fern0","weight":5},
            {"model":"block/fern/fern1","weight":5},
            {"model":"block/fern/fern2","weight":1},
            {"model":"block/fern/fern3","weight":1},
            {"model":"block/fern/fern4","weight":1},
            {"model":"block/fern/fern5","weight":1},

            {"model":"block/fern/fern0", "y": 90,"weight":5},
            {"model":"block/fern/fern1", "y": 90,"weight":5},
            {"model":"block/fern/fern2", "y": 90,"weight":1},
            {"model":"block/fern/fern3", "y": 90,"weight":1},
            {"model":"block/fern/fern4", "y": 90,"weight":1},
            {"model":"block/fern/fern5", "y": 90,"weight":1},

            {"model":"block/fern/fern0", "y": 180,"weight":5},
            {"model":"block/fern/fern1", "y": 180,"weight":5},
            {"model":"block/fern/fern2", "y": 180,"weight":1},
            {"model":"block/fern/fern3", "y": 180,"weight":1},
            {"model":"block/fern/fern4", "y": 180,"weight":1},
            {"model":"block/fern/fern5", "y": 180,"weight":1},

            {"model":"block/fern/fern0", "y": 270,"weight":5},
            {"model":"block/fern/fern1", "y": 270,"weight":5},
            {"model":"block/fern/fern2", "y": 270,"weight":1},
            {"model":"block/fern/fern3", "y": 270,"weight":1},
            {"model":"block/fern/fern4", "y": 270,"weight":1},
            {"model":"block/fern/fern5", "y": 270,"weight":1}
        ]
    }
}
