{
    "variants": {
          "facing=north": [
            { "model": "block/jack_o_lantern","weight":10 },
            { "model": "block/jack_o_lantern/jack_o_lantern_b","weight":1 },
            { "model": "block/jack_o_lantern/jack_o_lantern_s","weight":1 },
            { "model": "block/jack_o_lantern/jack_o_lantern_sp","weight":1 },
            { "model": "block/jack_o_lantern/jack_o_lantern_st","weight":1 }
        ],

        "facing=south":[
             { "model": "block/jack_o_lantern", "y": 180,"weight":10 },
             { "model": "block/jack_o_lantern/jack_o_lantern_b", "y": 180,"weight":1 },
             { "model": "block/jack_o_lantern/jack_o_lantern_s", "y": 180,"weight":1 },
             { "model": "block/jack_o_lantern/jack_o_lantern_sp", "y": 180,"weight":1 },
             { "model": "block/jack_o_lantern/jack_o_lantern_st", "y": 180,"weight":1 }
        ],

        "facing=west":[  
            { "model": "block/jack_o_lantern", "y": 270,"weight":10 },
            { "model": "block/jack_o_lantern/jack_o_lantern_b", "y": 270,"weight":1 },
            { "model": "block/jack_o_lantern/jack_o_lantern_s", "y": 270,"weight":1 },
            { "model": "block/jack_o_lantern/jack_o_lantern_sp", "y": 270,"weight":1 },
            { "model": "block/jack_o_lantern/jack_o_lantern_st", "y": 270,"weight":1 }
        ],

        "facing=east":[  
            { "model": "block/jack_o_lantern", "y": 90,"weight":10 },
            { "model": "block/jack_o_lantern/jack_o_lantern_b", "y": 90,"weight":1 },
            { "model": "block/jack_o_lantern/jack_o_lantern_s", "y": 90,"weight":1 },
            { "model": "block/jack_o_lantern/jack_o_lantern_sp", "y": 90,"weight":1 },
            { "model": "block/jack_o_lantern/jack_o_lantern_st", "y": 90,"weight":1 }
        ]
    }
}
