{
    "variants": {
        "": [
            { "model": "block/lily_pad","weight":10 },
            { "model": "block/lily_pad/lily_pad_flower_white","weight":1 },
            { "model": "block/lily_pad/lily_pad_flower_red","weight":1 },
            { "model": "block/lily_pad/lily_pad_flower_blue","weight":1 },
            { "model": "block/lily_pad/cattail","weight":2 },
            { "model": "block/lily_pad/cattails","weight":2 },

            { "model": "block/lily_pad", "y": 90,"weight":10 },
            { "model": "block/lily_pad/lily_pad_flower_white", "y": 90,"weight":1 },
            { "model": "block/lily_pad/lily_pad_flower_red", "y": 90,"weight":1 },
            { "model": "block/lily_pad/lily_pad_flower_blue", "y": 90,"weight":1 },
            { "model": "block/lily_pad/cattail", "y": 90,"weight":1 },
            { "model": "block/lily_pad/cattails", "y": 90,"weight":1 },


            { "model": "block/lily_pad", "y": 180,"weight":10 },
            { "model": "block/lily_pad/lily_pad_flower_white", "y": 180,"weight":1 },
            { "model": "block/lily_pad/lily_pad_flower_red", "y": 180,"weight":1 },
            { "model": "block/lily_pad/lily_pad_flower_blue", "y": 180,"weight":1 },
            { "model": "block/lily_pad/cattail", "y": 180,"weight":1 },
            { "model": "block/lily_pad/cattails", "y": 180,"weight":1 },

            { "model": "block/lily_pad", "y": 270,"weight":10 },
            { "model": "block/lily_pad/lily_pad_flower_white", "y": 270,"weight":1 },
            { "model": "block/lily_pad/lily_pad_flower_red", "y": 270,"weight":1 },
            { "model": "block/lily_pad/lily_pad_flower_blue", "y": 270,"weight":1 },
            { "model": "block/lily_pad/cattail", "y": 270,"weight":2 },
            { "model": "block/lily_pad/cattails", "y": 270,"weight":2 }

        ]
    }
}
