{
  "variants": {
    "half=lower":[
      {"model": "minecraft:block/tall_grass_bottom","weight":10},
      {"model": "minecraft:block/tall_grass_bottom","weight":10},
      {"model": "minecraft:block/tall_grass_bottom","weight":10},
      {"model": "minecraft:block/tall_grass/tall_grass_0","weight":1},
      {"model": "minecraft:block/tall_grass/tall_grass_1","weight":2}

    ],
    "half=upper":[ 
      {"model": "minecraft:block/tall_grass_top","weight":10},
      {"model": "minecraft:block/tall_grass/tall_grass_top/tall_grass_top0","weight":10},
      {"model": "minecraft:block/tall_grass/tall_grass_top/tall_grass_top1","weight":10},
      {"model": "minecraft:block/tall_grass/tall_grass_0a","weight":1},
      {"model": "minecraft:block/tall_grass/tall_grass_1a","weight":2}

    ]
  }
}