{
    "parent": "item/generated",
    "textures": {
        "layer0": "item/gray_dye"
    },
    "overrides": [
        {"predicate": { "custom_model_data": 1}, "model": "item/deco/vehicles/cars/car_blue_closed"},
        {"predicate": { "custom_model_data": 2}, "model": "item/deco/vehicles/cars/car_red_closed"},
        {"predicate": { "custom_model_data": 3}, "model": "item/deco/vehicles/cars/car_yellow_closed"},
        {"predicate": { "custom_model_data": 4}, "model": "item/deco/vehicles/cars/car_white_closed"},
        
        {"predicate": { "custom_model_data": 5}, "model": "item/deco/vehicles/cars/car_blue_closed_on"},
        {"predicate": { "custom_model_data": 6}, "model": "item/deco/vehicles/cars/car_red_closed_on"},
        {"predicate": { "custom_model_data": 7}, "model": "item/deco/vehicles/cars/car_yellow_closed_on"},
        {"predicate": { "custom_model_data": 8}, "model": "item/deco/vehicles/cars/car_white_closed_on"}
    ]
    }