{
	"credit": "Made with Blockbench",
	"textures": {
		"0": "item/honeycomb",
		"particle": "item/honeycomb"
	},
	"elements": [
		{
			"name": "bass 1",
			"from": [6.27608, 7.46767, 5.64645],
			"to": [7.27608, 8.46767, 6.14645],
			"rotation": {"angle": 0, "axis": "y", "origin": [8, 8, 8]},
			"faces": {
				"north": {"uv": [3, 8, 5, 9], "texture": "#0"},
				"east": {"uv": [3, 8, 5, 9], "texture": "#0"},
				"south": {"uv": [3, 8, 5, 9], "texture": "#0"},
				"west": {"uv": [3, 8, 5, 9], "texture": "#0"},
				"up": {"uv": [3, 8, 5, 9], "texture": "#0"},
				"down": {"uv": [3, 8, 5, 9], "texture": "#0"}
			}
		},
		{
			"name": "bass 3",
			"from": [5.56897, 7.46767, 6.35355],
			"to": [6.06897, 8.46767, 7.35355],
			"rotation": {"angle": 0, "axis": "y", "origin": [8, 8, 8]},
			"faces": {
				"north": {"uv": [3, 8, 5, 9], "rotation": 270, "texture": "#0"},
				"east": {"uv": [3, 8, 5, 9], "rotation": 270, "texture": "#0"},
				"south": {"uv": [3, 8, 5, 9], "rotation": 270, "texture": "#0"},
				"west": {"uv": [3, 8, 5, 9], "rotation": 270, "texture": "#0"},
				"up": {"uv": [3, 8, 5, 9], "rotation": 270, "texture": "#0"},
				"down": {"uv": [3, 8, 5, 9], "rotation": 270, "texture": "#0"}
			}
		},
		{
			"name": "bass 4",
			"from": [6.73811, 7.46767, 5.8239],
			"to": [7.23811, 8.46767, 6.8239],
			"rotation": {"angle": 45, "axis": "y", "origin": [8, 8, 8]},
			"faces": {
				"north": {"uv": [3, 8, 5, 9], "rotation": 270, "texture": "#0"},
				"east": {"uv": [3, 8, 5, 9], "rotation": 270, "texture": "#0"},
				"south": {"uv": [3, 8, 5, 9], "rotation": 270, "texture": "#0"},
				"west": {"uv": [3, 8, 5, 9], "rotation": 270, "texture": "#0"},
				"up": {"uv": [3, 8, 5, 9], "rotation": 270, "texture": "#0"},
				"down": {"uv": [3, 8, 5, 9], "rotation": 270, "texture": "#0"}
			}
		},
		{
			"name": "bass 5",
			"from": [6.27608, 7.46767, 7.56066],
			"to": [7.27608, 8.46767, 8.06066],
			"rotation": {"angle": 0, "axis": "y", "origin": [8, 8, 8]},
			"faces": {
				"north": {"uv": [3, 8, 5, 9], "rotation": 180, "texture": "#0"},
				"east": {"uv": [3, 8, 5, 9], "rotation": 180, "texture": "#0"},
				"south": {"uv": [3, 8, 5, 9], "rotation": 180, "texture": "#0"},
				"west": {"uv": [3, 8, 5, 9], "rotation": 180, "texture": "#0"},
				"up": {"uv": [3, 8, 5, 9], "rotation": 180, "texture": "#0"},
				"down": {"uv": [3, 8, 5, 9], "rotation": 180, "texture": "#0"}
			}
		},
		{
			"name": "bass 6",
			"from": [7.48318, 7.46767, 6.35355],
			"to": [7.98318, 8.46767, 7.35355],
			"rotation": {"angle": 0, "axis": "y", "origin": [8, 8, 8]},
			"faces": {
				"north": {"uv": [3, 8, 5, 9], "rotation": 90, "texture": "#0"},
				"east": {"uv": [3, 8, 5, 9], "rotation": 90, "texture": "#0"},
				"south": {"uv": [3, 8, 5, 9], "rotation": 90, "texture": "#0"},
				"west": {"uv": [3, 8, 5, 9], "rotation": 90, "texture": "#0"},
				"up": {"uv": [3, 8, 5, 9], "rotation": 90, "texture": "#0"},
				"down": {"uv": [3, 8, 5, 9], "rotation": 90, "texture": "#0"}
			}
		},
		{
			"name": "bass 7",
			"from": [7.44522, 7.46767, 7.031],
			"to": [8.44522, 8.46767, 7.531],
			"rotation": {"angle": 45, "axis": "y", "origin": [8, 8, 8]},
			"faces": {
				"north": {"uv": [3, 8, 5, 9], "rotation": 180, "texture": "#0"},
				"east": {"uv": [3, 8, 5, 9], "rotation": 180, "texture": "#0"},
				"south": {"uv": [3, 8, 5, 9], "rotation": 180, "texture": "#0"},
				"west": {"uv": [3, 8, 5, 9], "rotation": 180, "texture": "#0"},
				"up": {"uv": [3, 8, 5, 9], "rotation": 180, "texture": "#0"},
				"down": {"uv": [3, 8, 5, 9], "rotation": 180, "texture": "#0"}
			}
		},
		{
			"name": "bass 7",
			"from": [8.65232, 7.46767, 5.8239],
			"to": [9.15232, 8.46767, 6.8239],
			"rotation": {"angle": 45, "axis": "y", "origin": [8, 8, 8]},
			"faces": {
				"north": {"uv": [3, 8, 5, 9], "rotation": 90, "texture": "#0"},
				"east": {"uv": [3, 8, 5, 9], "rotation": 90, "texture": "#0"},
				"south": {"uv": [3, 8, 5, 9], "rotation": 90, "texture": "#0"},
				"west": {"uv": [3, 8, 5, 9], "rotation": 90, "texture": "#0"},
				"up": {"uv": [3, 8, 5, 9], "rotation": 90, "texture": "#0"},
				"down": {"uv": [3, 8, 5, 9], "rotation": 90, "texture": "#0"}
			}
		},
		{
			"name": "bass 2",
			"from": [7.98318, 7.46767, 7.35355],
			"to": [8.98318, 8.46767, 7.85355],
			"rotation": {"angle": 0, "axis": "y", "origin": [8, 8, 8]},
			"faces": {
				"north": {"uv": [3, 8, 5, 9], "texture": "#0"},
				"east": {"uv": [3, 8, 5, 9], "texture": "#0"},
				"south": {"uv": [3, 8, 5, 9], "texture": "#0"},
				"west": {"uv": [3, 8, 5, 9], "texture": "#0"},
				"up": {"uv": [3, 8, 5, 9], "texture": "#0"},
				"down": {"uv": [3, 8, 5, 9], "texture": "#0"}
			}
		},
		{
			"name": "bass 3",
			"from": [7.44522, 7.46767, 7.531],
			"to": [8.44522, 8.46767, 8.031],
			"rotation": {"angle": 45, "axis": "y", "origin": [8, 8, 8]},
			"faces": {
				"north": {"uv": [3, 8, 5, 9], "texture": "#0"},
				"east": {"uv": [3, 8, 5, 9], "texture": "#0"},
				"south": {"uv": [3, 8, 5, 9], "texture": "#0"},
				"west": {"uv": [3, 8, 5, 9], "texture": "#0"},
				"up": {"uv": [3, 8, 5, 9], "texture": "#0"},
				"down": {"uv": [3, 8, 5, 9], "texture": "#0"}
			}
		},
		{
			"name": "bass 4",
			"from": [7.27608, 7.46767, 8.06066],
			"to": [7.77608, 8.46767, 9.06066],
			"rotation": {"angle": 0, "axis": "y", "origin": [8, 8, 8]},
			"faces": {
				"north": {"uv": [3, 8, 5, 9], "rotation": 270, "texture": "#0"},
				"east": {"uv": [3, 8, 5, 9], "rotation": 270, "texture": "#0"},
				"south": {"uv": [3, 8, 5, 9], "rotation": 270, "texture": "#0"},
				"west": {"uv": [3, 8, 5, 9], "rotation": 270, "texture": "#0"},
				"up": {"uv": [3, 8, 5, 9], "rotation": 270, "texture": "#0"},
				"down": {"uv": [3, 8, 5, 9], "rotation": 270, "texture": "#0"}
			}
		},
		{
			"name": "bass 5",
			"from": [6.73811, 7.46767, 8.23811],
			"to": [7.23811, 8.46767, 9.23811],
			"rotation": {"angle": 45, "axis": "y", "origin": [8, 8, 8]},
			"faces": {
				"north": {"uv": [3, 8, 5, 9], "rotation": 270, "texture": "#0"},
				"east": {"uv": [3, 8, 5, 9], "rotation": 270, "texture": "#0"},
				"south": {"uv": [3, 8, 5, 9], "rotation": 270, "texture": "#0"},
				"west": {"uv": [3, 8, 5, 9], "rotation": 270, "texture": "#0"},
				"up": {"uv": [3, 8, 5, 9], "rotation": 270, "texture": "#0"},
				"down": {"uv": [3, 8, 5, 9], "rotation": 270, "texture": "#0"}
			}
		},
		{
			"name": "bass 6",
			"from": [7.98318, 7.46767, 9.26777],
			"to": [8.98318, 8.46767, 9.76777],
			"rotation": {"angle": 0, "axis": "y", "origin": [8, 8, 8]},
			"faces": {
				"north": {"uv": [3, 8, 5, 9], "rotation": 180, "texture": "#0"},
				"east": {"uv": [3, 8, 5, 9], "rotation": 180, "texture": "#0"},
				"south": {"uv": [3, 8, 5, 9], "rotation": 180, "texture": "#0"},
				"west": {"uv": [3, 8, 5, 9], "rotation": 180, "texture": "#0"},
				"up": {"uv": [3, 8, 5, 9], "rotation": 180, "texture": "#0"},
				"down": {"uv": [3, 8, 5, 9], "rotation": 180, "texture": "#0"}
			}
		},
		{
			"name": "bass 7",
			"from": [9.19029, 7.46767, 8.06066],
			"to": [9.69029, 8.46767, 9.06066],
			"rotation": {"angle": 0, "axis": "y", "origin": [8, 8, 8]},
			"faces": {
				"north": {"uv": [3, 8, 5, 9], "rotation": 90, "texture": "#0"},
				"east": {"uv": [3, 8, 5, 9], "rotation": 90, "texture": "#0"},
				"south": {"uv": [3, 8, 5, 9], "rotation": 90, "texture": "#0"},
				"west": {"uv": [3, 8, 5, 9], "rotation": 90, "texture": "#0"},
				"up": {"uv": [3, 8, 5, 9], "rotation": 90, "texture": "#0"},
				"down": {"uv": [3, 8, 5, 9], "rotation": 90, "texture": "#0"}
			}
		},
		{
			"name": "bass 8",
			"from": [7.44522, 7.46767, 9.44522],
			"to": [8.44522, 8.46767, 9.94522],
			"rotation": {"angle": 45, "axis": "y", "origin": [8, 8, 8]},
			"faces": {
				"north": {"uv": [3, 8, 5, 9], "rotation": 180, "texture": "#0"},
				"east": {"uv": [3, 8, 5, 9], "rotation": 180, "texture": "#0"},
				"south": {"uv": [3, 8, 5, 9], "rotation": 180, "texture": "#0"},
				"west": {"uv": [3, 8, 5, 9], "rotation": 180, "texture": "#0"},
				"up": {"uv": [3, 8, 5, 9], "rotation": 180, "texture": "#0"},
				"down": {"uv": [3, 8, 5, 9], "rotation": 180, "texture": "#0"}
			}
		},
		{
			"name": "bass 8",
			"from": [8.65232, 7.46767, 8.23811],
			"to": [9.15232, 8.46767, 9.23811],
			"rotation": {"angle": 45, "axis": "y", "origin": [8, 8, 8]},
			"faces": {
				"north": {"uv": [3, 8, 5, 9], "rotation": 90, "texture": "#0"},
				"east": {"uv": [3, 8, 5, 9], "rotation": 90, "texture": "#0"},
				"south": {"uv": [3, 8, 5, 9], "rotation": 90, "texture": "#0"},
				"west": {"uv": [3, 8, 5, 9], "rotation": 90, "texture": "#0"},
				"up": {"uv": [3, 8, 5, 9], "rotation": 90, "texture": "#0"},
				"down": {"uv": [3, 8, 5, 9], "rotation": 90, "texture": "#0"}
			}
		},
		{
			"name": "bass 3",
			"from": [8.18518, 7.46767, 5.18934],
			"to": [9.18518, 8.71767, 5.68934],
			"rotation": {"angle": 0, "axis": "y", "origin": [8, 8, 8]},
			"faces": {
				"north": {"uv": [3, 8, 5, 9], "texture": "#0"},
				"east": {"uv": [3, 8, 5, 9], "texture": "#0"},
				"south": {"uv": [3, 8, 5, 9], "texture": "#0"},
				"west": {"uv": [3, 8, 5, 9], "texture": "#0"},
				"up": {"uv": [3, 8, 5, 9], "texture": "#0"},
				"down": {"uv": [3, 8, 5, 9], "texture": "#0"}
			}
		},
		{
			"name": "bass 4",
			"from": [9.11838, 7.46767, 6.14351],
			"to": [10.11838, 8.71767, 6.64351],
			"rotation": {"angle": 45, "axis": "y", "origin": [8, 8, 8]},
			"faces": {
				"north": {"uv": [3, 8, 5, 9], "texture": "#0"},
				"east": {"uv": [3, 8, 5, 9], "texture": "#0"},
				"south": {"uv": [3, 8, 5, 9], "texture": "#0"},
				"west": {"uv": [3, 8, 5, 9], "texture": "#0"},
				"up": {"uv": [3, 8, 5, 9], "texture": "#0"},
				"down": {"uv": [3, 8, 5, 9], "texture": "#0"}
			}
		},
		{
			"name": "bass 5",
			"from": [7.47808, 7.46767, 5.89645],
			"to": [7.97808, 8.71767, 6.89645],
			"rotation": {"angle": 0, "axis": "y", "origin": [8, 8, 8]},
			"faces": {
				"north": {"uv": [3, 8, 5, 9], "rotation": 270, "texture": "#0"},
				"east": {"uv": [3, 8, 5, 9], "rotation": 270, "texture": "#0"},
				"south": {"uv": [3, 8, 5, 9], "rotation": 270, "texture": "#0"},
				"west": {"uv": [3, 8, 5, 9], "rotation": 270, "texture": "#0"},
				"up": {"uv": [3, 8, 5, 9], "rotation": 270, "texture": "#0"},
				"down": {"uv": [3, 8, 5, 9], "rotation": 270, "texture": "#0"}
			}
		},
		{
			"name": "bass 6",
			"from": [8.41128, 7.46767, 6.85062],
			"to": [8.91128, 8.71767, 7.85062],
			"rotation": {"angle": 45, "axis": "y", "origin": [8, 8, 8]},
			"faces": {
				"north": {"uv": [3, 8, 5, 9], "rotation": 270, "texture": "#0"},
				"east": {"uv": [3, 8, 5, 9], "rotation": 270, "texture": "#0"},
				"south": {"uv": [3, 8, 5, 9], "rotation": 270, "texture": "#0"},
				"west": {"uv": [3, 8, 5, 9], "rotation": 270, "texture": "#0"},
				"up": {"uv": [3, 8, 5, 9], "rotation": 270, "texture": "#0"},
				"down": {"uv": [3, 8, 5, 9], "rotation": 270, "texture": "#0"}
			}
		},
		{
			"name": "bass 7",
			"from": [8.18518, 7.46767, 7.10355],
			"to": [9.18518, 8.71767, 7.60355],
			"rotation": {"angle": 0, "axis": "y", "origin": [8, 8, 8]},
			"faces": {
				"north": {"uv": [3, 8, 5, 9], "rotation": 180, "texture": "#0"},
				"east": {"uv": [3, 8, 5, 9], "rotation": 180, "texture": "#0"},
				"south": {"uv": [3, 8, 5, 9], "rotation": 180, "texture": "#0"},
				"west": {"uv": [3, 8, 5, 9], "rotation": 180, "texture": "#0"},
				"up": {"uv": [3, 8, 5, 9], "rotation": 180, "texture": "#0"},
				"down": {"uv": [3, 8, 5, 9], "rotation": 180, "texture": "#0"}
			}
		},
		{
			"name": "bass 8",
			"from": [9.39229, 7.46767, 5.89645],
			"to": [9.89229, 8.71767, 6.89645],
			"rotation": {"angle": 0, "axis": "y", "origin": [8, 8, 8]},
			"faces": {
				"north": {"uv": [3, 8, 5, 9], "rotation": 90, "texture": "#0"},
				"east": {"uv": [3, 8, 5, 9], "rotation": 90, "texture": "#0"},
				"south": {"uv": [3, 8, 5, 9], "rotation": 90, "texture": "#0"},
				"west": {"uv": [3, 8, 5, 9], "rotation": 90, "texture": "#0"},
				"up": {"uv": [3, 8, 5, 9], "rotation": 90, "texture": "#0"},
				"down": {"uv": [3, 8, 5, 9], "rotation": 90, "texture": "#0"}
			}
		},
		{
			"name": "bass 9",
			"from": [9.11838, 7.46767, 8.05772],
			"to": [10.11838, 8.71767, 8.55772],
			"rotation": {"angle": 45, "axis": "y", "origin": [8, 8, 8]},
			"faces": {
				"north": {"uv": [3, 8, 5, 9], "rotation": 180, "texture": "#0"},
				"east": {"uv": [3, 8, 5, 9], "rotation": 180, "texture": "#0"},
				"south": {"uv": [3, 8, 5, 9], "rotation": 180, "texture": "#0"},
				"west": {"uv": [3, 8, 5, 9], "rotation": 180, "texture": "#0"},
				"up": {"uv": [3, 8, 5, 9], "rotation": 180, "texture": "#0"},
				"down": {"uv": [3, 8, 5, 9], "rotation": 180, "texture": "#0"}
			}
		},
		{
			"name": "bass 9",
			"from": [10.32549, 7.46767, 6.85062],
			"to": [10.82549, 8.71767, 7.85062],
			"rotation": {"angle": 45, "axis": "y", "origin": [8, 8, 8]},
			"faces": {
				"north": {"uv": [3, 8, 5, 9], "rotation": 90, "texture": "#0"},
				"east": {"uv": [3, 8, 5, 9], "rotation": 90, "texture": "#0"},
				"south": {"uv": [3, 8, 5, 9], "rotation": 90, "texture": "#0"},
				"west": {"uv": [3, 8, 5, 9], "rotation": 90, "texture": "#0"},
				"up": {"uv": [3, 8, 5, 9], "rotation": 90, "texture": "#0"},
				"down": {"uv": [3, 8, 5, 9], "rotation": 90, "texture": "#0"}
			}
		},
		{
			"name": "bass 4",
			"from": [9.43518, 7.46767, 6.43934],
			"to": [10.43518, 8.96767, 6.93934],
			"rotation": {"angle": 0, "axis": "y", "origin": [8, 8, 8]},
			"faces": {
				"north": {"uv": [3, 8, 5, 9], "texture": "#0"},
				"east": {"uv": [3, 8, 5, 9], "texture": "#0"},
				"south": {"uv": [3, 8, 5, 9], "texture": "#0"},
				"west": {"uv": [3, 8, 5, 9], "texture": "#0"},
				"up": {"uv": [3, 8, 5, 9], "texture": "#0"},
				"down": {"uv": [3, 8, 5, 9], "texture": "#0"}
			}
		},
		{
			"name": "bass 5",
			"from": [9.11838, 7.46767, 7.91128],
			"to": [10.11838, 8.96767, 8.41128],
			"rotation": {"angle": 45, "axis": "y", "origin": [8, 8, 8]},
			"faces": {
				"north": {"uv": [3, 8, 5, 9], "texture": "#0"},
				"east": {"uv": [3, 8, 5, 9], "texture": "#0"},
				"south": {"uv": [3, 8, 5, 9], "texture": "#0"},
				"west": {"uv": [3, 8, 5, 9], "texture": "#0"},
				"up": {"uv": [3, 8, 5, 9], "texture": "#0"},
				"down": {"uv": [3, 8, 5, 9], "texture": "#0"}
			}
		},
		{
			"name": "bass 6",
			"from": [8.72808, 7.46767, 7.14645],
			"to": [9.22808, 8.96767, 8.14645],
			"rotation": {"angle": 0, "axis": "y", "origin": [8, 8, 8]},
			"faces": {
				"north": {"uv": [3, 8, 5, 9], "rotation": 270, "texture": "#0"},
				"east": {"uv": [3, 8, 5, 9], "rotation": 270, "texture": "#0"},
				"south": {"uv": [3, 8, 5, 9], "rotation": 270, "texture": "#0"},
				"west": {"uv": [3, 8, 5, 9], "rotation": 270, "texture": "#0"},
				"up": {"uv": [3, 8, 5, 9], "rotation": 270, "texture": "#0"},
				"down": {"uv": [3, 8, 5, 9], "rotation": 270, "texture": "#0"}
			}
		},
		{
			"name": "bass 7",
			"from": [8.41128, 7.46767, 8.61838],
			"to": [8.91128, 8.96767, 9.61838],
			"rotation": {"angle": 45, "axis": "y", "origin": [8, 8, 8]},
			"faces": {
				"north": {"uv": [3, 8, 5, 9], "rotation": 270, "texture": "#0"},
				"east": {"uv": [3, 8, 5, 9], "rotation": 270, "texture": "#0"},
				"south": {"uv": [3, 8, 5, 9], "rotation": 270, "texture": "#0"},
				"west": {"uv": [3, 8, 5, 9], "rotation": 270, "texture": "#0"},
				"up": {"uv": [3, 8, 5, 9], "rotation": 270, "texture": "#0"},
				"down": {"uv": [3, 8, 5, 9], "rotation": 270, "texture": "#0"}
			}
		},
		{
			"name": "bass 8",
			"from": [9.43518, 7.46767, 8.35355],
			"to": [10.43518, 8.96767, 8.85355],
			"rotation": {"angle": 0, "axis": "y", "origin": [8, 8, 8]},
			"faces": {
				"north": {"uv": [3, 8, 5, 9], "rotation": 180, "texture": "#0"},
				"east": {"uv": [3, 8, 5, 9], "rotation": 180, "texture": "#0"},
				"south": {"uv": [3, 8, 5, 9], "rotation": 180, "texture": "#0"},
				"west": {"uv": [3, 8, 5, 9], "rotation": 180, "texture": "#0"},
				"up": {"uv": [3, 8, 5, 9], "rotation": 180, "texture": "#0"},
				"down": {"uv": [3, 8, 5, 9], "rotation": 180, "texture": "#0"}
			}
		},
		{
			"name": "bass 9",
			"from": [10.64229, 7.46767, 7.14645],
			"to": [11.14229, 8.96767, 8.14645],
			"rotation": {"angle": 0, "axis": "y", "origin": [8, 8, 8]},
			"faces": {
				"north": {"uv": [3, 8, 5, 9], "rotation": 90, "texture": "#0"},
				"east": {"uv": [3, 8, 5, 9], "rotation": 90, "texture": "#0"},
				"south": {"uv": [3, 8, 5, 9], "rotation": 90, "texture": "#0"},
				"west": {"uv": [3, 8, 5, 9], "rotation": 90, "texture": "#0"},
				"up": {"uv": [3, 8, 5, 9], "rotation": 90, "texture": "#0"},
				"down": {"uv": [3, 8, 5, 9], "rotation": 90, "texture": "#0"}
			}
		},
		{
			"name": "bass 10",
			"from": [9.11838, 7.46767, 9.82549],
			"to": [10.11838, 8.96767, 10.32549],
			"rotation": {"angle": 45, "axis": "y", "origin": [8, 8, 8]},
			"faces": {
				"north": {"uv": [3, 8, 5, 9], "rotation": 180, "texture": "#0"},
				"east": {"uv": [3, 8, 5, 9], "rotation": 180, "texture": "#0"},
				"south": {"uv": [3, 8, 5, 9], "rotation": 180, "texture": "#0"},
				"west": {"uv": [3, 8, 5, 9], "rotation": 180, "texture": "#0"},
				"up": {"uv": [3, 8, 5, 9], "rotation": 180, "texture": "#0"},
				"down": {"uv": [3, 8, 5, 9], "rotation": 180, "texture": "#0"}
			}
		},
		{
			"name": "bass 10",
			"from": [10.32549, 7.46767, 8.61838],
			"to": [10.82549, 8.96767, 9.61838],
			"rotation": {"angle": 45, "axis": "y", "origin": [8, 8, 8]},
			"faces": {
				"north": {"uv": [3, 8, 5, 9], "rotation": 90, "texture": "#0"},
				"east": {"uv": [3, 8, 5, 9], "rotation": 90, "texture": "#0"},
				"south": {"uv": [3, 8, 5, 9], "rotation": 90, "texture": "#0"},
				"west": {"uv": [3, 8, 5, 9], "rotation": 90, "texture": "#0"},
				"up": {"uv": [3, 8, 5, 9], "rotation": 90, "texture": "#0"},
				"down": {"uv": [3, 8, 5, 9], "rotation": 90, "texture": "#0"}
			}
		},
		{
			"name": "bass 5",
			"from": [6.18518, 7.46767, 7.18934],
			"to": [7.18518, 8.21767, 7.68934],
			"rotation": {"angle": 0, "axis": "y", "origin": [8, 8, 8]},
			"faces": {
				"north": {"uv": [3, 8, 5, 9], "texture": "#0"},
				"east": {"uv": [3, 8, 5, 9], "texture": "#0"},
				"south": {"uv": [3, 8, 5, 9], "texture": "#0"},
				"west": {"uv": [3, 8, 5, 9], "texture": "#0"},
				"up": {"uv": [3, 8, 5, 9], "texture": "#0"},
				"down": {"uv": [3, 8, 5, 9], "texture": "#0"}
			}
		},
		{
			"name": "bass 6",
			"from": [6.28995, 7.46767, 6.14351],
			"to": [7.28995, 8.21767, 6.64351],
			"rotation": {"angle": 45, "axis": "y", "origin": [8, 8, 8]},
			"faces": {
				"north": {"uv": [3, 8, 5, 9], "texture": "#0"},
				"east": {"uv": [3, 8, 5, 9], "texture": "#0"},
				"south": {"uv": [3, 8, 5, 9], "texture": "#0"},
				"west": {"uv": [3, 8, 5, 9], "texture": "#0"},
				"up": {"uv": [3, 8, 5, 9], "texture": "#0"},
				"down": {"uv": [3, 8, 5, 9], "texture": "#0"}
			}
		},
		{
			"name": "bass 7",
			"from": [5.47808, 7.46767, 7.89645],
			"to": [5.97808, 8.21767, 8.89645],
			"rotation": {"angle": 0, "axis": "y", "origin": [8, 8, 8]},
			"faces": {
				"north": {"uv": [3, 8, 5, 9], "rotation": 270, "texture": "#0"},
				"east": {"uv": [3, 8, 5, 9], "rotation": 270, "texture": "#0"},
				"south": {"uv": [3, 8, 5, 9], "rotation": 270, "texture": "#0"},
				"west": {"uv": [3, 8, 5, 9], "rotation": 270, "texture": "#0"},
				"up": {"uv": [3, 8, 5, 9], "rotation": 270, "texture": "#0"},
				"down": {"uv": [3, 8, 5, 9], "rotation": 270, "texture": "#0"}
			}
		},
		{
			"name": "bass 8",
			"from": [5.58285, 7.46767, 6.85062],
			"to": [6.08285, 8.21767, 7.85062],
			"rotation": {"angle": 45, "axis": "y", "origin": [8, 8, 8]},
			"faces": {
				"north": {"uv": [3, 8, 5, 9], "rotation": 270, "texture": "#0"},
				"east": {"uv": [3, 8, 5, 9], "rotation": 270, "texture": "#0"},
				"south": {"uv": [3, 8, 5, 9], "rotation": 270, "texture": "#0"},
				"west": {"uv": [3, 8, 5, 9], "rotation": 270, "texture": "#0"},
				"up": {"uv": [3, 8, 5, 9], "rotation": 270, "texture": "#0"},
				"down": {"uv": [3, 8, 5, 9], "rotation": 270, "texture": "#0"}
			}
		},
		{
			"name": "bass 9",
			"from": [6.18518, 7.46767, 9.10355],
			"to": [6.93518, 8.21767, 9.60355],
			"rotation": {"angle": 0, "axis": "y", "origin": [8, 8, 8]},
			"faces": {
				"north": {"uv": [3, 8, 5, 9], "rotation": 180, "texture": "#0"},
				"east": {"uv": [3, 8, 5, 9], "rotation": 180, "texture": "#0"},
				"south": {"uv": [3, 8, 5, 9], "rotation": 180, "texture": "#0"},
				"west": {"uv": [3, 8, 5, 9], "rotation": 180, "texture": "#0"},
				"up": {"uv": [3, 8, 5, 9], "rotation": 180, "texture": "#0"},
				"down": {"uv": [3, 8, 5, 9], "rotation": 180, "texture": "#0"}
			}
		},
		{
			"name": "bass 10",
			"from": [7.39229, 7.46767, 7.89645],
			"to": [7.89229, 8.21767, 8.89645],
			"rotation": {"angle": 0, "axis": "y", "origin": [8, 8, 8]},
			"faces": {
				"north": {"uv": [3, 8, 5, 9], "rotation": 90, "texture": "#0"},
				"east": {"uv": [3, 8, 5, 9], "rotation": 90, "texture": "#0"},
				"south": {"uv": [3, 8, 5, 9], "rotation": 90, "texture": "#0"},
				"west": {"uv": [3, 8, 5, 9], "rotation": 90, "texture": "#0"},
				"up": {"uv": [3, 8, 5, 9], "rotation": 90, "texture": "#0"},
				"down": {"uv": [3, 8, 5, 9], "rotation": 90, "texture": "#0"}
			}
		},
		{
			"name": "bass 11",
			"from": [6.28995, 7.46767, 8.05772],
			"to": [7.28995, 8.21767, 8.30772],
			"rotation": {"angle": 45, "axis": "y", "origin": [8, 8, 8]},
			"faces": {
				"north": {"uv": [3, 8, 5, 9], "rotation": 180, "texture": "#0"},
				"east": {"uv": [3, 8, 5, 9], "rotation": 180, "texture": "#0"},
				"south": {"uv": [3, 8, 5, 9], "rotation": 180, "texture": "#0"},
				"west": {"uv": [3, 8, 5, 9], "rotation": 180, "texture": "#0"},
				"up": {"uv": [3, 8, 5, 9], "rotation": 180, "texture": "#0"},
				"down": {"uv": [3, 8, 5, 9], "rotation": 180, "texture": "#0"}
			}
		},
		{
			"name": "bass 11",
			"from": [7.49706, 7.46767, 6.85062],
			"to": [7.99706, 8.21767, 7.85062],
			"rotation": {"angle": 45, "axis": "y", "origin": [8, 8, 8]},
			"faces": {
				"north": {"uv": [3, 8, 5, 9], "rotation": 90, "texture": "#0"},
				"east": {"uv": [3, 8, 5, 9], "rotation": 90, "texture": "#0"},
				"south": {"uv": [3, 8, 5, 9], "rotation": 90, "texture": "#0"},
				"west": {"uv": [3, 8, 5, 9], "rotation": 90, "texture": "#0"},
				"up": {"uv": [3, 8, 5, 9], "rotation": 90, "texture": "#0"},
				"down": {"uv": [3, 8, 5, 9], "rotation": 90, "texture": "#0"}
			}
		},
		{
			"name": "bass 6",
			"from": [6.93518, 7.45167, 8.93934],
			"to": [7.93518, 8.37167, 9.43934],
			"rotation": {"angle": 0, "axis": "y", "origin": [8, 8, 8]},
			"faces": {
				"north": {"uv": [3, 8, 5, 9], "texture": "#0"},
				"east": {"uv": [3, 8, 5, 9], "texture": "#0"},
				"south": {"uv": [3, 8, 5, 9], "texture": "#0"},
				"west": {"uv": [3, 8, 5, 9], "texture": "#0"},
				"up": {"uv": [3, 8, 5, 9], "texture": "#0"},
				"down": {"uv": [3, 8, 5, 9], "texture": "#0"}
			}
		},
		{
			"name": "bass 7",
			"from": [5.58285, 7.45167, 7.91128],
			"to": [6.58285, 8.37167, 8.41128],
			"rotation": {"angle": 45, "axis": "y", "origin": [8, 8, 8]},
			"faces": {
				"north": {"uv": [3, 8, 5, 9], "texture": "#0"},
				"east": {"uv": [3, 8, 5, 9], "texture": "#0"},
				"south": {"uv": [3, 8, 5, 9], "texture": "#0"},
				"west": {"uv": [3, 8, 5, 9], "texture": "#0"},
				"up": {"uv": [3, 8, 5, 9], "texture": "#0"},
				"down": {"uv": [3, 8, 5, 9], "texture": "#0"}
			}
		},
		{
			"name": "bass 8",
			"from": [6.22808, 7.45167, 9.64645],
			"to": [6.72808, 8.37167, 10.64645],
			"rotation": {"angle": 0, "axis": "y", "origin": [8, 8, 8]},
			"faces": {
				"north": {"uv": [3, 8, 5, 9], "rotation": 270, "texture": "#0"},
				"east": {"uv": [3, 8, 5, 9], "rotation": 270, "texture": "#0"},
				"south": {"uv": [3, 8, 5, 9], "rotation": 270, "texture": "#0"},
				"west": {"uv": [3, 8, 5, 9], "rotation": 270, "texture": "#0"},
				"up": {"uv": [3, 8, 5, 9], "rotation": 270, "texture": "#0"},
				"down": {"uv": [3, 8, 5, 9], "rotation": 270, "texture": "#0"}
			}
		},
		{
			"name": "bass 9",
			"from": [4.87574, 7.45167, 8.61838],
			"to": [5.37574, 8.37167, 9.61838],
			"rotation": {"angle": 45, "axis": "y", "origin": [8, 8, 8]},
			"faces": {
				"north": {"uv": [3, 8, 5, 9], "rotation": 270, "texture": "#0"},
				"east": {"uv": [3, 8, 5, 9], "rotation": 270, "texture": "#0"},
				"south": {"uv": [3, 8, 5, 9], "rotation": 270, "texture": "#0"},
				"west": {"uv": [3, 8, 5, 9], "rotation": 270, "texture": "#0"},
				"up": {"uv": [3, 8, 5, 9], "rotation": 270, "texture": "#0"},
				"down": {"uv": [3, 8, 5, 9], "rotation": 270, "texture": "#0"}
			}
		},
		{
			"name": "bass 10",
			"from": [6.93518, 7.45167, 10.85355],
			"to": [7.93518, 8.37167, 11.35355],
			"rotation": {"angle": 0, "axis": "y", "origin": [8, 8, 8]},
			"faces": {
				"north": {"uv": [3, 8, 5, 9], "rotation": 180, "texture": "#0"},
				"east": {"uv": [3, 8, 5, 9], "rotation": 180, "texture": "#0"},
				"south": {"uv": [3, 8, 5, 9], "rotation": 180, "texture": "#0"},
				"west": {"uv": [3, 8, 5, 9], "rotation": 180, "texture": "#0"},
				"up": {"uv": [3, 8, 5, 9], "rotation": 180, "texture": "#0"},
				"down": {"uv": [3, 8, 5, 9], "rotation": 180, "texture": "#0"}
			}
		},
		{
			"name": "bass 11",
			"from": [8.14229, 7.45167, 9.64645],
			"to": [8.64229, 8.37167, 10.64645],
			"rotation": {"angle": 0, "axis": "y", "origin": [8, 8, 8]},
			"faces": {
				"north": {"uv": [3, 8, 5, 9], "rotation": 90, "texture": "#0"},
				"east": {"uv": [3, 8, 5, 9], "rotation": 90, "texture": "#0"},
				"south": {"uv": [3, 8, 5, 9], "rotation": 90, "texture": "#0"},
				"west": {"uv": [3, 8, 5, 9], "rotation": 90, "texture": "#0"},
				"up": {"uv": [3, 8, 5, 9], "rotation": 90, "texture": "#0"},
				"down": {"uv": [3, 8, 5, 9], "rotation": 90, "texture": "#0"}
			}
		},
		{
			"name": "bass 12",
			"from": [5.58285, 7.45167, 9.82549],
			"to": [6.58285, 8.37167, 10.32549],
			"rotation": {"angle": 45, "axis": "y", "origin": [8, 8, 8]},
			"faces": {
				"north": {"uv": [3, 8, 5, 9], "rotation": 180, "texture": "#0"},
				"east": {"uv": [3, 8, 5, 9], "rotation": 180, "texture": "#0"},
				"south": {"uv": [3, 8, 5, 9], "rotation": 180, "texture": "#0"},
				"west": {"uv": [3, 8, 5, 9], "rotation": 180, "texture": "#0"},
				"up": {"uv": [3, 8, 5, 9], "rotation": 180, "texture": "#0"},
				"down": {"uv": [3, 8, 5, 9], "rotation": 180, "texture": "#0"}
			}
		},
		{
			"name": "bass 12",
			"from": [6.78995, 7.45167, 8.61838],
			"to": [7.28995, 8.37167, 9.61838],
			"rotation": {"angle": 45, "axis": "y", "origin": [8, 8, 8]},
			"faces": {
				"north": {"uv": [3, 8, 5, 9], "rotation": 90, "texture": "#0"},
				"east": {"uv": [3, 8, 5, 9], "rotation": 90, "texture": "#0"},
				"south": {"uv": [3, 8, 5, 9], "rotation": 90, "texture": "#0"},
				"west": {"uv": [3, 8, 5, 9], "rotation": 90, "texture": "#0"},
				"up": {"uv": [3, 8, 5, 9], "rotation": 90, "texture": "#0"},
				"down": {"uv": [3, 8, 5, 9], "rotation": 90, "texture": "#0"}
			}
		},
		{
			"name": "bass 2",
			"from": [7.44522, 7.46767, 5.11679],
			"to": [8.44522, 8.46767, 5.61679],
			"rotation": {"angle": 45, "axis": "y", "origin": [8, 8, 8]},
			"faces": {
				"north": {"uv": [3, 8, 5, 9], "texture": "#0"},
				"east": {"uv": [3, 8, 5, 9], "texture": "#0"},
				"south": {"uv": [3, 8, 5, 9], "texture": "#0"},
				"west": {"uv": [3, 8, 5, 9], "texture": "#0"},
				"up": {"uv": [3, 8, 5, 9], "texture": "#0"},
				"down": {"uv": [3, 8, 5, 9], "texture": "#0"}
			}
		},
		{
			"from": [6.62, 8.074, 9.372],
			"to": [8.316, 8.074, 10.908],
			"rotation": {"angle": 0, "axis": "y", "origin": [15, 16, 15]},
			"faces": {
				"north": {"uv": [3, 5, 4, 6], "texture": "#0"},
				"east": {"uv": [3, 5, 4, 6], "texture": "#0"},
				"south": {"uv": [3, 5, 4, 6], "texture": "#0"},
				"west": {"uv": [3, 5, 4, 6], "texture": "#0"},
				"up": {"uv": [3, 4, 4, 5], "texture": "#0"},
				"down": {"uv": [3, 5, 4, 6], "texture": "#0"}
			}
		},
		{
			"from": [7.5, 8.314, 7.5],
			"to": [9.42, 8.314, 9.324],
			"rotation": {"angle": 0, "axis": "y", "origin": [15, 16, 15]},
			"faces": {
				"north": {"uv": [3, 5, 4, 6], "texture": "#0"},
				"east": {"uv": [3, 5, 4, 6], "texture": "#0"},
				"south": {"uv": [3, 5, 4, 6], "texture": "#0"},
				"west": {"uv": [3, 5, 4, 6], "texture": "#0"},
				"up": {"uv": [3, 4, 4, 5], "texture": "#0"},
				"down": {"uv": [3, 5, 4, 6], "texture": "#0"}
			}
		},
		{
			"from": [7.772, 8.394, 5.628],
			"to": [9.628, 8.394, 7.34],
			"rotation": {"angle": 0, "axis": "y", "origin": [15, 16, 15]},
			"faces": {
				"north": {"uv": [3, 5, 4, 6], "texture": "#0"},
				"east": {"uv": [3, 5, 4, 6], "texture": "#0"},
				"south": {"uv": [3, 5, 4, 6], "texture": "#0"},
				"west": {"uv": [3, 5, 4, 6], "texture": "#0"},
				"up": {"uv": [3, 4, 4, 5], "texture": "#0"},
				"down": {"uv": [3, 5, 4, 6], "texture": "#0"}
			}
		},
		{
			"from": [9.116, 8.826, 6.812],
			"to": [10.812, 8.826, 8.412],
			"rotation": {"angle": 0, "axis": "y", "origin": [15, 16, 15]},
			"faces": {
				"north": {"uv": [3, 5, 4, 6], "texture": "#0"},
				"east": {"uv": [3, 5, 4, 6], "texture": "#0"},
				"south": {"uv": [3, 5, 4, 6], "texture": "#0"},
				"west": {"uv": [3, 5, 4, 6], "texture": "#0"},
				"up": {"uv": [3, 4, 4, 5], "texture": "#0"},
				"down": {"uv": [3, 5, 4, 6], "texture": "#0"}
			}
		},
		{
			"from": [5.932, 8.298, 6.044],
			"to": [7.628, 8.298, 7.58],
			"rotation": {"angle": 0, "axis": "y", "origin": [15, 16, 15]},
			"faces": {
				"north": {"uv": [3, 5, 4, 6], "texture": "#0"},
				"east": {"uv": [3, 5, 4, 6], "texture": "#0"},
				"south": {"uv": [3, 5, 4, 6], "texture": "#0"},
				"west": {"uv": [3, 5, 4, 6], "texture": "#0"},
				"up": {"uv": [3, 4, 4, 5], "texture": "#0"},
				"down": {"uv": [3, 5, 4, 6], "texture": "#0"}
			}
		},
		{
			"from": [5.932, 8.026, 7.548],
			"to": [7.628, 8.026, 9.084],
			"rotation": {"angle": 0, "axis": "y", "origin": [15, 16, 15]},
			"faces": {
				"north": {"uv": [3, 5, 4, 6], "texture": "#0"},
				"east": {"uv": [3, 5, 4, 6], "texture": "#0"},
				"south": {"uv": [3, 5, 4, 6], "texture": "#0"},
				"west": {"uv": [3, 5, 4, 6], "texture": "#0"},
				"up": {"uv": [3, 4, 4, 5], "texture": "#0"},
				"down": {"uv": [3, 5, 4, 6], "texture": "#0"}
			}
		}
	],
	"display": {
		"firstperson_righthand": {
			"rotation": [55, -33, 63],
			"translation": [0, 2.25, 1]
		},
		"firstperson_lefthand": {
			"rotation": [55, -33, 63],
			"translation": [0, 2.25, 1]
		},
		"ground": {
			"translation": [0, -3.25, 0]
		},
		"gui": {
			"rotation": [44, -15, -3],
			"translation": [-0.5, -1, 0],
			"scale": [1.5, 1.5, 1.5]
		},
		"fixed": {
			"rotation": [-90, 0, 0],
			"scale": [2, 2, 2]
		}
	},
	"groups": [
		{
			"name": "bass",
			"origin": [8, 8, 8],
			"color": 0,
			"children": [
				{
					"name": "1",
					"origin": [2.17678, 0.5, 0.53033],
					"color": 0,
					"children": [0, 1, 2, 3, 4, 5, 6]
				},
				{
					"name": "2",
					"origin": [2.17678, 0.5, 0.53033],
					"color": 0,
					"children": [7, 8, 9, 10, 11, 12, 13, 14]
				},
				{
					"name": "2",
					"origin": [2.17678, 0.5, 0.53033],
					"color": 0,
					"children": [15, 16, 17, 18, 19, 20, 21, 22]
				},
				{
					"name": "2",
					"origin": [2.17678, 0.5, 0.53033],
					"color": 0,
					"children": [23, 24, 25, 26, 27, 28, 29, 30]
				},
				{
					"name": "2",
					"origin": [2.17678, 0.5, 0.53033],
					"color": 0,
					"children": [31, 32, 33, 34, 35, 36, 37, 38]
				},
				{
					"name": "2",
					"origin": [2.17678, 0.5, 0.53033],
					"color": 0,
					"children": [39, 40, 41, 42, 43, 44, 45, 46]
				},
				47,
				48,
				49,
				50,
				51,
				52,
				53
			]
		}
	]
}