{
    "parent": "item/generated",
    "textures": {
        "layer0": "item/red_dye"
    },
    "overrides": [
        {"predicate": { "custom_model_data": 1}, "model": "item/deco/christmas/advent_candelabra_of"},
        {"predicate": { "custom_model_data": 2}, "model": "item/deco/christmas/advent_candelabra_on"},

        {"predicate": { "custom_model_data": 3}, "model": "item/deco/christmas/candy_cane"},

        {"predicate": { "custom_model_data": 4}, "model": "item/deco/christmas/christmas_present_red"},
        {"predicate": { "custom_model_data": 5}, "model": "item/deco/christmas/christmas_present_blue"},
        {"predicate": { "custom_model_data": 6}, "model": "item/deco/christmas/christmas_present_green"},

        {"predicate": { "custom_model_data": 7}, "model": "item/deco/christmas/christmas_present_pile_1"},
        {"predicate": { "custom_model_data": 8}, "model": "item/deco/christmas/christmas_present_pile_2"},

        {"predicate": { "custom_model_data": 9}, "model": "item/deco/christmas/christmas_tree_e"},
        {"predicate": { "custom_model_data": 10}, "model": "item/deco/christmas/christmas_tree"}
    ]
    }