{
    "parent": "item/generated",
    "textures": {
        "layer0": "item/redstone"
    },
    "overrides": [
        {"predicate": { "custom_model_data": 1}, "model": "item/deco/energy/energy_lines/power_lines"},
        {"predicate": { "custom_model_data": 2}, "model": "item/deco/energy/energy_lines/power_lines_end"},
        {"predicate": { "custom_model_data": 3}, "model": "item/deco/energy/energy_lines/electric_pole"},
        {"predicate": { "custom_model_data": 4}, "model": "item/deco/energy/energy_lines/electric_pole_end"},
        {"predicate": { "custom_model_data": 5}, "model": "item/deco/energy/energy_lines/electric_pole_transformer"}
    ]
    }