{
	"credit": "Made with Blockbench",
	"textures": {
		"0": "block/snow",
		"particle": "block/snow"
	},
	"elements": [
		{
			"from": [6, 6, 6],
			"to": [10, 10, 10],
			"faces": {
				"north": {"uv": [0, 0, 16, 16], "texture": "#0"},
				"east": {"uv": [0, 0, 16, 16], "texture": "#0"},
				"south": {"uv": [0, 0, 16, 16], "texture": "#0"},
				"west": {"uv": [0, 0, 16, 16], "texture": "#0"},
				"up": {"uv": [0, 0, 16, 16], "texture": "#0"},
				"down": {"uv": [0, 0, 16, 16], "texture": "#0"}
			}
		}
	],
	"display": {
		"thirdperson_righthand": {
			"translation": [0, -1, -2]
		},
		"thirdperson_lefthand": {
			"translation": [0, -1, -2]
		},
		"firstperson_righthand": {
			"translation": [1, 0, 0]
		},
		"firstperson_lefthand": {
			"translation": [1, 0, 0]
		},
		"ground": {
			"translation": [0, -1.75, 0]
		},
		"gui": {
			"rotation": [21, -54, 0]
		},
		"fixed": {
			"translation": [0, 0, -7],
			"scale": [4, 4, 4]
		}
	},
    "overrides": [
        {"predicate": { "custom_model_data": 1}, "model": "item/deco/snow/snow_man"}
    ]
}