{
	"credit": "Made with Blockbench",
	"textures": {
		"0": "custom/machine/microwave_t",
		"particle": "custom/machine/microwave_t"
	},
	"elements": [
		{
			"name": "bass 1",
			"from": [13, 10, 13.875],
			"to": [17, 10.75, 14.375],
			"rotation": {"angle": -45, "axis": "x", "origin": [15, 10.25, 14.25]},
			"faces": {
				"north": {"uv": [0.125, 2.125, 0.625, 2.25], "texture": "#0"},
				"east": {"uv": [0, 2.125, 0.125, 2.25], "texture": "#0"},
				"south": {"uv": [0.75, 2.125, 1.25, 2.25], "texture": "#0"},
				"west": {"uv": [0.625, 2.125, 0.75, 2.25], "texture": "#0"},
				"up": {"uv": [0.625, 2.125, 0.125, 2], "texture": "#0"},
				"down": {"uv": [1.125, 2, 0.625, 2.125], "texture": "#0"}
			}
		},
		{
			"name": "bass 2",
			"from": [13, 9.25, 13.125],
			"to": [17, 10, 13.625],
			"rotation": {"angle": -45, "axis": "x", "origin": [15, 10.25, 14.25]},
			"faces": {
				"north": {"uv": [0.125, 1.875, 0.625, 2], "texture": "#0"},
				"east": {"uv": [0, 1.875, 0.125, 2], "texture": "#0"},
				"south": {"uv": [0.75, 1.875, 1.25, 2], "texture": "#0"},
				"west": {"uv": [0.625, 1.875, 0.75, 2], "texture": "#0"},
				"up": {"uv": [0.625, 1.875, 0.125, 1.75], "texture": "#0"},
				"down": {"uv": [1.125, 1.75, 0.625, 1.875], "texture": "#0"}
			}
		},
		{
			"name": "bass 3",
			"from": [13, 8.625, 12.375],
			"to": [17, 9.375, 12.875],
			"rotation": {"angle": -45, "axis": "x", "origin": [15, 10.25, 14.25]},
			"faces": {
				"north": {"uv": [0.125, 1.625, 0.625, 1.75], "texture": "#0"},
				"east": {"uv": [0, 1.625, 0.125, 1.75], "texture": "#0"},
				"south": {"uv": [0.75, 1.625, 1.25, 1.75], "texture": "#0"},
				"west": {"uv": [0.625, 1.625, 0.75, 1.75], "texture": "#0"},
				"up": {"uv": [0.625, 1.625, 0.125, 1.5], "texture": "#0"},
				"down": {"uv": [1.125, 1.5, 0.625, 1.625], "texture": "#0"}
			}
		},
		{
			"name": "bass 1",
			"from": [-2, 0, 3],
			"to": [18, 1, 14],
			"faces": {
				"north": {"uv": [1.375, 2.875, 3.875, 3], "texture": "#0"},
				"east": {"uv": [0, 2.875, 1.375, 3], "texture": "#0"},
				"south": {"uv": [5.25, 2.875, 7.75, 3], "texture": "#0"},
				"west": {"uv": [3.875, 2.875, 5.25, 3], "texture": "#0"},
				"up": {"uv": [3.875, 2.875, 1.375, 1.5], "texture": "#0"},
				"down": {"uv": [6.375, 1.5, 3.875, 2.875], "texture": "#0"}
			}
		},
		{
			"name": "bass 2",
			"from": [11, 0, 2],
			"to": [18, 1, 3],
			"faces": {
				"north": {"uv": [0.125, 7.125, 1, 7.25], "texture": "#0"},
				"east": {"uv": [0, 7.125, 0.125, 7.25], "texture": "#0"},
				"south": {"uv": [1.125, 7.125, 2, 7.25], "texture": "#0"},
				"west": {"uv": [1, 7.125, 1.125, 7.25], "texture": "#0"},
				"up": {"uv": [1, 7.125, 0.125, 7], "texture": "#0"},
				"down": {"uv": [1.875, 7, 1, 7.125], "texture": "#0"}
			}
		},
		{
			"name": "bass 3",
			"from": [-2, 0, 2],
			"to": [11, 0.25, 3],
			"faces": {
				"north": {"uv": [6.875, 5.875, 8.5, 6], "texture": "#0"},
				"east": {"uv": [6.75, 5.875, 6.875, 6], "texture": "#0"},
				"south": {"uv": [8.625, 5.875, 10.25, 6], "texture": "#0"},
				"west": {"uv": [8.5, 5.875, 8.625, 6], "texture": "#0"},
				"up": {"uv": [8.5, 5.875, 6.875, 5.75], "texture": "#0"},
				"down": {"uv": [10.125, 5.75, 8.5, 5.875], "texture": "#0"}
			}
		},
		{
			"name": "bass 4",
			"from": [-2, 11.75, 2],
			"to": [11, 12, 3],
			"faces": {
				"north": {"uv": [6.875, 5.625, 8.5, 5.75], "texture": "#0"},
				"east": {"uv": [6.75, 5.625, 6.875, 5.75], "texture": "#0"},
				"south": {"uv": [8.625, 5.625, 10.25, 5.75], "texture": "#0"},
				"west": {"uv": [8.5, 5.625, 8.625, 5.75], "texture": "#0"},
				"up": {"uv": [8.5, 5.625, 6.875, 5.5], "texture": "#0"},
				"down": {"uv": [10.125, 5.5, 8.5, 5.625], "texture": "#0"}
			}
		},
		{
			"name": "bass 2",
			"from": [17, 1, 2],
			"to": [18, 11, 14],
			"faces": {
				"north": {"uv": [4.75, 4.75, 4.875, 6], "texture": "#0"},
				"east": {"uv": [3.25, 4.75, 4.75, 6], "texture": "#0"},
				"south": {"uv": [6.375, 4.75, 6.5, 6], "texture": "#0"},
				"west": {"uv": [4.875, 4.75, 6.375, 6], "texture": "#0"},
				"up": {"uv": [4.875, 4.75, 4.75, 3.25], "texture": "#0"},
				"down": {"uv": [5, 3.25, 4.875, 4.75], "texture": "#0"}
			}
		},
		{
			"name": "bass 3",
			"from": [-2, 1, 3],
			"to": [-1, 11, 14],
			"faces": {
				"north": {"uv": [1.375, 5.75, 1.5, 7], "texture": "#0"},
				"east": {"uv": [0, 5.75, 1.375, 7], "texture": "#0"},
				"south": {"uv": [2.875, 5.75, 3, 7], "texture": "#0"},
				"west": {"uv": [1.5, 5.75, 2.875, 7], "texture": "#0"},
				"up": {"uv": [1.5, 5.75, 1.375, 4.375], "texture": "#0"},
				"down": {"uv": [1.625, 4.375, 1.5, 5.75], "texture": "#0"}
			}
		},
		{
			"name": "bass 4",
			"from": [-1, 2, 4],
			"to": [-0.875, 10, 12],
			"faces": {
				"north": {"uv": [0, 5.75, 1.375, 7], "texture": "#0"},
				"east": {"uv": [0, 5.75, 1.375, 7], "texture": "#0"},
				"south": {"uv": [0, 5.75, 1.375, 7], "texture": "#0"},
				"west": {"uv": [0, 5.75, 1.375, 7], "texture": "#0"},
				"up": {"uv": [0, 5.75, 1.375, 7], "texture": "#0"},
				"down": {"uv": [0, 5.75, 1.375, 7], "texture": "#0"}
			}
		},
		{
			"name": "bass 4",
			"from": [-1, 1, 13],
			"to": [17, 11, 14],
			"faces": {
				"north": {"uv": [0.125, 3.125, 2.375, 4.375], "texture": "#0"},
				"east": {"uv": [0, 3.125, 0.125, 4.375], "texture": "#0"},
				"south": {"uv": [2.5, 3.125, 4.75, 4.375], "texture": "#0"},
				"west": {"uv": [2.375, 3.125, 2.5, 4.375], "texture": "#0"},
				"up": {"uv": [2.375, 3.125, 0.125, 3], "texture": "#0"},
				"down": {"uv": [4.625, 3, 2.375, 3.125], "texture": "#0"}
			}
		},
		{
			"name": "bass 5",
			"from": [-2, 11, 3],
			"to": [18, 12, 14.125],
			"faces": {
				"north": {"uv": [1.375, 1.375, 3.875, 1.5], "texture": "#0"},
				"east": {"uv": [0, 1.375, 1.375, 1.5], "texture": "#0"},
				"south": {"uv": [5.25, 1.375, 7.75, 1.5], "texture": "#0"},
				"west": {"uv": [3.875, 1.375, 5.25, 1.5], "texture": "#0"},
				"up": {"uv": [3.875, 1.375, 1.375, 0], "texture": "#0"},
				"down": {"uv": [6.375, 0, 3.875, 1.375], "texture": "#0"}
			}
		},
		{
			"name": "bass 6",
			"from": [11, 11, 2],
			"to": [18, 12, 3.125],
			"faces": {
				"north": {"uv": [6.875, 6.375, 7.75, 6.5], "texture": "#0"},
				"east": {"uv": [6.75, 6.375, 6.875, 6.5], "texture": "#0"},
				"south": {"uv": [7.875, 6.375, 8.75, 6.5], "texture": "#0"},
				"west": {"uv": [7.75, 6.375, 7.875, 6.5], "texture": "#0"},
				"up": {"uv": [7.75, 6.375, 6.875, 6.25], "texture": "#0"},
				"down": {"uv": [8.625, 6.25, 7.75, 6.375], "texture": "#0"}
			}
		},
		{
			"name": "bass 6",
			"from": [12, 1, 2],
			"to": [17, 11, 3],
			"faces": {
				"north": {"uv": [0, 10.875, 2, 13.875], "texture": "#0"},
				"east": {"uv": [0, 10.875, 2, 13.875], "texture": "#0"},
				"south": {"uv": [0, 10.875, 2, 13.875], "texture": "#0"},
				"west": {"uv": [0, 10.875, 2, 13.875], "texture": "#0"},
				"up": {"uv": [0, 10.875, 2, 13.875], "texture": "#0"},
				"down": {"uv": [0, 10.875, 2, 13.875], "texture": "#0"}
			}
		},
		{
			"name": "bass 7",
			"from": [11, 1, 2],
			"to": [12, 11, 13],
			"faces": {
				"north": {"uv": [6.5, 6.5, 6.625, 7.75], "texture": "#0"},
				"east": {"uv": [5.125, 6.5, 6.5, 7.75], "texture": "#0"},
				"south": {"uv": [8, 6.5, 8.125, 7.75], "texture": "#0"},
				"west": {"uv": [6.625, 6.5, 8, 7.75], "texture": "#0"},
				"up": {"uv": [6.625, 6.5, 6.5, 5.125], "texture": "#0"},
				"down": {"uv": [6.75, 5.125, 6.625, 6.5], "texture": "#0"}
			}
		},
		{
			"name": "bass 8",
			"from": [10.875, 2, 3],
			"to": [11, 10, 12],
			"faces": {
				"north": {"uv": [6.625, 6.5, 8, 7.75], "texture": "#0"},
				"east": {"uv": [6.625, 6.5, 8, 7.75], "texture": "#0"},
				"south": {"uv": [6.625, 6.5, 8, 7.75], "texture": "#0"},
				"west": {"uv": [6.625, 6.5, 8, 7.75], "texture": "#0"},
				"up": {"uv": [6.625, 6.5, 8, 7.75], "texture": "#0"},
				"down": {"uv": [6.625, 6.5, 8, 7.75], "texture": "#0"}
			}
		},
		{
			"name": "hexadecagon",
			"from": [4.22989, 1.0015, 3.75],
			"to": [6.02011, 1.1265, 12.75],
			"rotation": {"angle": -45, "axis": "y", "origin": [5.125, 1.5015, 8.25]},
			"faces": {
				"north": {"uv": [3, 7, 3.125, 7.125], "texture": "#0"},
				"east": {"uv": [1.875, 7, 3, 7.125], "texture": "#0"},
				"south": {"uv": [4.25, 7, 4.375, 7.125], "texture": "#0"},
				"west": {"uv": [3.125, 7, 4.25, 7.125], "texture": "#0"},
				"up": {"uv": [3.125, 7, 3, 5.875], "texture": "#0"},
				"down": {"uv": [3.25, 5.875, 3.125, 7], "texture": "#0"}
			}
		},
		{
			"name": "hexadecagon",
			"from": [4.22989, 1.0015, 3.75],
			"to": [6.02011, 1.1265, 12.75],
			"rotation": {"angle": -22.5, "axis": "y", "origin": [5.125, 1.5015, 8.25]},
			"faces": {
				"north": {"uv": [4.375, 7.75, 4.5, 7.875], "texture": "#0"},
				"east": {"uv": [3.25, 7.75, 4.375, 7.875], "texture": "#0"},
				"south": {"uv": [5.625, 7.75, 5.75, 7.875], "texture": "#0"},
				"west": {"uv": [4.5, 7.75, 5.625, 7.875], "texture": "#0"},
				"up": {"uv": [4.5, 7.75, 4.375, 6.625], "texture": "#0"},
				"down": {"uv": [4.625, 6.625, 4.5, 7.75], "texture": "#0"}
			}
		},
		{
			"name": "hexadecagon",
			"from": [4.22989, 1.0015, 3.75],
			"to": [6.02011, 1.1265, 12.75],
			"rotation": {"angle": 0, "axis": "y", "origin": [5.125, 1.5015, 8.25]},
			"faces": {
				"north": {"uv": [7.5, 2.625, 7.625, 2.75], "texture": "#0"},
				"east": {"uv": [6.375, 2.625, 7.5, 2.75], "texture": "#0"},
				"south": {"uv": [8.75, 2.625, 8.875, 2.75], "texture": "#0"},
				"west": {"uv": [7.625, 2.625, 8.75, 2.75], "texture": "#0"},
				"up": {"uv": [7.625, 2.625, 7.5, 1.5], "texture": "#0"},
				"down": {"uv": [7.75, 1.5, 7.625, 2.625], "texture": "#0"}
			}
		},
		{
			"name": "hexadecagon",
			"from": [4.22989, 1.0015, 3.75],
			"to": [6.02011, 1.1265, 12.75],
			"rotation": {"angle": 22.5, "axis": "y", "origin": [5.125, 1.5015, 8.25]},
			"faces": {
				"north": {"uv": [7.5, 1.125, 7.625, 1.25], "texture": "#0"},
				"east": {"uv": [6.375, 1.125, 7.5, 1.25], "texture": "#0"},
				"south": {"uv": [8.75, 1.125, 8.875, 1.25], "texture": "#0"},
				"west": {"uv": [7.625, 1.125, 8.75, 1.25], "texture": "#0"},
				"up": {"uv": [7.625, 1.125, 7.5, 0], "texture": "#0"},
				"down": {"uv": [7.75, 0, 7.625, 1.125], "texture": "#0"}
			}
		},
		{
			"name": "hexadecagon",
			"from": [4.22989, 1.0015, 3.75],
			"to": [6.02011, 1.1265, 12.75],
			"rotation": {"angle": 45, "axis": "y", "origin": [5.125, 1.5015, 8.25]},
			"faces": {
				"north": {"uv": [7.875, 5.375, 8, 5.5], "texture": "#0"},
				"east": {"uv": [6.75, 5.375, 7.875, 5.5], "texture": "#0"},
				"south": {"uv": [9.125, 5.375, 9.25, 5.5], "texture": "#0"},
				"west": {"uv": [8, 5.375, 9.125, 5.5], "texture": "#0"},
				"up": {"uv": [8, 5.375, 7.875, 4.25], "texture": "#0"},
				"down": {"uv": [8.125, 4.25, 8, 5.375], "texture": "#0"}
			}
		},
		{
			"name": "hexadecagon",
			"from": [0.625, 1.0015, 7.35489],
			"to": [9.625, 1.1265, 9.14511],
			"rotation": {"angle": -22.5, "axis": "y", "origin": [5.125, 1.5015, 8.25]},
			"faces": {
				"north": {"uv": [5.125, 4.625, 6.25, 4.75], "texture": "#0"},
				"east": {"uv": [5, 4.625, 5.125, 4.75], "texture": "#0"},
				"south": {"uv": [6.375, 4.625, 7.5, 4.75], "texture": "#0"},
				"west": {"uv": [6.25, 4.625, 6.375, 4.75], "texture": "#0"},
				"up": {"uv": [6.25, 4.625, 5.125, 4.5], "texture": "#0"},
				"down": {"uv": [7.375, 4.5, 6.25, 4.625], "texture": "#0"}
			}
		},
		{
			"name": "hexadecagon",
			"from": [0.625, 1.0015, 7.35489],
			"to": [9.625, 1.1265, 9.14511],
			"rotation": {"angle": 0, "axis": "y", "origin": [5.125, 1.5015, 8.25]},
			"faces": {
				"north": {"uv": [5.125, 4.375, 6.25, 4.5], "texture": "#0"},
				"east": {"uv": [5, 4.375, 5.125, 4.5], "texture": "#0"},
				"south": {"uv": [6.375, 4.375, 7.5, 4.5], "texture": "#0"},
				"west": {"uv": [6.25, 4.375, 6.375, 4.5], "texture": "#0"},
				"up": {"uv": [6.25, 4.375, 5.125, 4.25], "texture": "#0"},
				"down": {"uv": [7.375, 4.25, 6.25, 4.375], "texture": "#0"}
			}
		},
		{
			"name": "hexadecagon",
			"from": [0.625, 1.0015, 7.35489],
			"to": [9.625, 1.1265, 9.14511],
			"rotation": {"angle": 22.5, "axis": "y", "origin": [5.125, 1.5015, 8.25]},
			"faces": {
				"north": {"uv": [6.875, 6.125, 8, 6.25], "texture": "#0"},
				"east": {"uv": [6.75, 6.125, 6.875, 6.25], "texture": "#0"},
				"south": {"uv": [8.125, 6.125, 9.25, 6.25], "texture": "#0"},
				"west": {"uv": [8, 6.125, 8.125, 6.25], "texture": "#0"},
				"up": {"uv": [8, 6.125, 6.875, 6], "texture": "#0"},
				"down": {"uv": [9.125, 6, 8, 6.125], "texture": "#0"}
			}
		},
		{
			"name": "bass 1",
			"from": [10.98061, 1.25, 2.29176],
			"to": [22.23061, 10.75, 2.29176],
			"rotation": {"angle": 45, "axis": "y", "origin": [10.6778, 6, 2.39588]},
			"faces": {
				"north": {"uv": [0, 14, 2, 16], "texture": "#0"},
				"east": {"uv": [0, 14, 2, 16], "texture": "#0"},
				"south": {"uv": [0, 14, 2, 16], "texture": "#0"},
				"west": {"uv": [0, 14, 2, 16], "texture": "#0"},
				"up": {"uv": [0, 14, 2, 16], "rotation": 180, "texture": "#0"},
				"down": {"uv": [0, 14, 2, 16], "rotation": 180, "texture": "#0"}
			}
		},
		{
			"name": "bass 1",
			"from": [10.35561, 0.25, 1.79176],
			"to": [10.98061, 11.75, 2.79176],
			"rotation": {"angle": 45, "axis": "y", "origin": [10.6778, 6, 2.39588]},
			"faces": {
				"north": {"uv": [2.25, 7.25, 2.375, 8.625], "texture": "#0"},
				"east": {"uv": [2.125, 7.25, 2.25, 8.625], "texture": "#0"},
				"south": {"uv": [2, 7.25, 2.125, 8.625], "texture": "#0"},
				"west": {"uv": [1.875, 7.25, 2, 8.625], "texture": "#0"},
				"up": {"uv": [2.125, 7.25, 2, 7.125], "rotation": 180, "texture": "#0"},
				"down": {"uv": [2.25, 7.125, 2.125, 7.25], "rotation": 180, "texture": "#0"}
			}
		},
		{
			"name": "bass 2",
			"from": [10.98061, 0.25, 1.79176],
			"to": [23.35561, 1.25, 2.79176],
			"rotation": {"angle": 45, "axis": "y", "origin": [10.6778, 6, 2.39588]},
			"faces": {
				"north": {"uv": [5, 6.125, 6.5, 6.25], "texture": "#0"},
				"east": {"uv": [4.875, 6.125, 5, 6.25], "texture": "#0"},
				"south": {"uv": [3.375, 6.125, 4.875, 6.25], "texture": "#0"},
				"west": {"uv": [3.25, 6.125, 3.375, 6.25], "texture": "#0"},
				"up": {"uv": [4.875, 6.125, 3.375, 6], "rotation": 180, "texture": "#0"},
				"down": {"uv": [6.375, 6, 4.875, 6.125], "rotation": 180, "texture": "#0"}
			}
		},
		{
			"name": "bass 3",
			"from": [22.23061, 1.25, 1.79176],
			"to": [23.35561, 10.75, 2.79176],
			"rotation": {"angle": 45, "axis": "y", "origin": [10.6778, 6, 2.39588]},
			"faces": {
				"north": {"uv": [0.375, 0.125, 0.5, 1.25], "texture": "#0"},
				"east": {"uv": [0.25, 0.125, 0.375, 1.25], "texture": "#0"},
				"south": {"uv": [0.125, 0.125, 0.25, 1.25], "texture": "#0"},
				"west": {"uv": [0, 0.125, 0.125, 1.25], "texture": "#0"},
				"up": {"uv": [0.25, 0.125, 0.125, 0], "rotation": 180, "texture": "#0"},
				"down": {"uv": [0.375, 0, 0.25, 0.125], "rotation": 180, "texture": "#0"}
			}
		},
		{
			"name": "bass 4",
			"from": [19.37876, 3.25, -6.25635],
			"to": [19.87876, 8.75, -5.38135],
			"rotation": {"angle": 0, "axis": "y", "origin": [10.6778, 6, 2.39588]},
			"faces": {
				"north": {"uv": [1.625, 0.125, 1.75, 1.25], "texture": "#0"},
				"east": {"uv": [1.625, 0.125, 1.75, 1.25], "texture": "#0"},
				"south": {"uv": [1.625, 0.125, 1.75, 1.25], "texture": "#0"},
				"west": {"uv": [1.625, 0.125, 1.75, 1.25], "texture": "#0"},
				"up": {"uv": [1.625, 0.125, 1.75, 1.25], "rotation": 180, "texture": "#0"},
				"down": {"uv": [1.625, 0.125, 1.75, 1.25], "rotation": 180, "texture": "#0"}
			}
		},
		{
			"name": "bass 3",
			"from": [10.98061, 10.75, 1.79176],
			"to": [23.35561, 11.75, 2.79176],
			"rotation": {"angle": 45, "axis": "y", "origin": [10.6778, 6, 2.39588]},
			"faces": {
				"north": {"uv": [5, 6.375, 6.5, 6.5], "texture": "#0"},
				"east": {"uv": [4.875, 6.375, 5, 6.5], "texture": "#0"},
				"south": {"uv": [3.375, 6.375, 4.875, 6.5], "texture": "#0"},
				"west": {"uv": [3.25, 6.375, 3.375, 6.5], "texture": "#0"},
				"up": {"uv": [4.875, 6.375, 3.375, 6.25], "rotation": 180, "texture": "#0"},
				"down": {"uv": [6.375, 6.25, 4.875, 6.375], "rotation": 180, "texture": "#0"}
			}
		},
		{
			"name": "bass 9",
			"from": [16.54717, 7.28299, 1.875],
			"to": [16.67221, 7.45962, 2.00007],
			"rotation": {"angle": 45, "axis": "z", "origin": [16.60004, 7.42289, 1.92146]},
			"faces": {
				"north": {"uv": [2.125, 15, 3.125, 16], "texture": "#0"},
				"east": {"uv": [2.125, 15, 3.125, 16], "texture": "#0"},
				"south": {"uv": [2.125, 15, 3.125, 16], "texture": "#0"},
				"west": {"uv": [2.125, 15, 3.125, 16], "texture": "#0"},
				"up": {"uv": [2.125, 15, 3.125, 16], "texture": "#0"},
				"down": {"uv": [2.125, 15, 3.125, 16], "texture": "#0"}
			}
		},
		{
			"name": "bass 8",
			"from": [16.625, 6.875, 1.875],
			"to": [16.75, 7.375, 2],
			"faces": {
				"north": {"uv": [2.125, 15, 3.125, 16], "texture": "#0"},
				"east": {"uv": [2.125, 15, 3.125, 16], "texture": "#0"},
				"south": {"uv": [2.125, 15, 3.125, 16], "texture": "#0"},
				"west": {"uv": [2.125, 15, 3.125, 16], "texture": "#0"},
				"up": {"uv": [2.125, 15, 3.125, 16], "texture": "#0"},
				"down": {"uv": [2.125, 15, 3.125, 16], "texture": "#0"}
			}
		},
		{
			"name": "bass 10",
			"from": [16.62103, 6.76029, 1.87396],
			"to": [16.74608, 6.93692, 1.99902],
			"rotation": {"angle": -45, "axis": "z", "origin": [16.67391, 6.90019, 1.92042]},
			"faces": {
				"north": {"uv": [2.125, 15, 3.125, 16], "texture": "#0"},
				"east": {"uv": [2.125, 15, 3.125, 16], "texture": "#0"},
				"south": {"uv": [2.125, 15, 3.125, 16], "texture": "#0"},
				"west": {"uv": [2.125, 15, 3.125, 16], "texture": "#0"},
				"up": {"uv": [2.125, 15, 3.125, 16], "texture": "#0"},
				"down": {"uv": [2.125, 15, 3.125, 16], "texture": "#0"}
			}
		},
		{
			"name": "bass 10",
			"from": [16.01152, 6.74722, 1.87325],
			"to": [16.13657, 6.92385, 1.99832],
			"rotation": {"angle": 45, "axis": "z", "origin": [16.0644, 6.88713, 1.91972]},
			"faces": {
				"north": {"uv": [2.125, 15, 3.125, 16], "texture": "#0"},
				"east": {"uv": [2.125, 15, 3.125, 16], "texture": "#0"},
				"south": {"uv": [2.125, 15, 3.125, 16], "texture": "#0"},
				"west": {"uv": [2.125, 15, 3.125, 16], "texture": "#0"},
				"up": {"uv": [2.125, 15, 3.125, 16], "texture": "#0"},
				"down": {"uv": [2.125, 15, 3.125, 16], "texture": "#0"}
			}
		},
		{
			"name": "bass 9",
			"from": [16, 6.875, 1.875],
			"to": [16.125, 7.375, 2],
			"faces": {
				"north": {"uv": [2.125, 15, 3.125, 16], "texture": "#0"},
				"east": {"uv": [2.125, 15, 3.125, 16], "texture": "#0"},
				"south": {"uv": [2.125, 15, 3.125, 16], "texture": "#0"},
				"west": {"uv": [2.125, 15, 3.125, 16], "texture": "#0"},
				"up": {"uv": [2.125, 15, 3.125, 16], "texture": "#0"},
				"down": {"uv": [2.125, 15, 3.125, 16], "texture": "#0"}
			}
		},
		{
			"name": "bass 11",
			"from": [16.08261, 7.29754, 1.87513],
			"to": [16.20765, 7.47417, 2.0002],
			"rotation": {"angle": -45, "axis": "z", "origin": [16.13548, 7.43745, 1.9216]},
			"faces": {
				"north": {"uv": [2.125, 15, 3.125, 16], "texture": "#0"},
				"east": {"uv": [2.125, 15, 3.125, 16], "texture": "#0"},
				"south": {"uv": [2.125, 15, 3.125, 16], "texture": "#0"},
				"west": {"uv": [2.125, 15, 3.125, 16], "texture": "#0"},
				"up": {"uv": [2.125, 15, 3.125, 16], "texture": "#0"},
				"down": {"uv": [2.125, 15, 3.125, 16], "texture": "#0"}
			}
		},
		{
			"name": "bass 7",
			"from": [16.125, 6.75, 1.875],
			"to": [16.625, 7.5, 2],
			"faces": {
				"north": {"uv": [2.125, 15, 3.125, 16], "texture": "#0"},
				"east": {"uv": [2.125, 15, 3.125, 16], "texture": "#0"},
				"south": {"uv": [2.125, 15, 3.125, 16], "texture": "#0"},
				"west": {"uv": [2.125, 15, 3.125, 16], "texture": "#0"},
				"up": {"uv": [2.125, 15, 3.125, 16], "texture": "#0"},
				"down": {"uv": [2.125, 15, 3.125, 16], "texture": "#0"}
			}
		},
		{
			"name": "bass 11",
			"from": [15.17217, 5.78299, 1.875],
			"to": [15.29721, 5.95962, 2.00007],
			"rotation": {"angle": 45, "axis": "z", "origin": [15.22504, 5.92289, 1.92146]},
			"faces": {
				"north": {"uv": [2.125, 15, 3.125, 16], "texture": "#0"},
				"east": {"uv": [2.125, 15, 3.125, 16], "texture": "#0"},
				"south": {"uv": [2.125, 15, 3.125, 16], "texture": "#0"},
				"west": {"uv": [2.125, 15, 3.125, 16], "texture": "#0"},
				"up": {"uv": [2.125, 15, 3.125, 16], "texture": "#0"},
				"down": {"uv": [2.125, 15, 3.125, 16], "texture": "#0"}
			}
		},
		{
			"name": "bass 10",
			"from": [15.25, 5.375, 1.875],
			"to": [15.375, 5.875, 2],
			"rotation": {"angle": 0, "axis": "y", "origin": [6.625, 6.5, 8]},
			"faces": {
				"north": {"uv": [2.125, 15, 3.125, 16], "texture": "#0"},
				"east": {"uv": [2.125, 15, 3.125, 16], "texture": "#0"},
				"south": {"uv": [2.125, 15, 3.125, 16], "texture": "#0"},
				"west": {"uv": [2.125, 15, 3.125, 16], "texture": "#0"},
				"up": {"uv": [2.125, 15, 3.125, 16], "texture": "#0"},
				"down": {"uv": [2.125, 15, 3.125, 16], "texture": "#0"}
			}
		},
		{
			"name": "bass 12",
			"from": [15.24603, 5.26029, 1.87396],
			"to": [15.37108, 5.43692, 1.99902],
			"rotation": {"angle": -45, "axis": "z", "origin": [15.29891, 5.40019, 1.92042]},
			"faces": {
				"north": {"uv": [2.125, 15, 3.125, 16], "texture": "#0"},
				"east": {"uv": [2.125, 15, 3.125, 16], "texture": "#0"},
				"south": {"uv": [2.125, 15, 3.125, 16], "texture": "#0"},
				"west": {"uv": [2.125, 15, 3.125, 16], "texture": "#0"},
				"up": {"uv": [2.125, 15, 3.125, 16], "texture": "#0"},
				"down": {"uv": [2.125, 15, 3.125, 16], "texture": "#0"}
			}
		},
		{
			"name": "bass 12",
			"from": [14.63652, 5.24722, 1.87325],
			"to": [14.76157, 5.42385, 1.99832],
			"rotation": {"angle": 45, "axis": "z", "origin": [14.6894, 5.38713, 1.91972]},
			"faces": {
				"north": {"uv": [2.125, 15, 3.125, 16], "texture": "#0"},
				"east": {"uv": [2.125, 15, 3.125, 16], "texture": "#0"},
				"south": {"uv": [2.125, 15, 3.125, 16], "texture": "#0"},
				"west": {"uv": [2.125, 15, 3.125, 16], "texture": "#0"},
				"up": {"uv": [2.125, 15, 3.125, 16], "texture": "#0"},
				"down": {"uv": [2.125, 15, 3.125, 16], "texture": "#0"}
			}
		},
		{
			"name": "bass 11",
			"from": [14.625, 5.375, 1.875],
			"to": [14.75, 5.875, 2],
			"rotation": {"angle": 0, "axis": "y", "origin": [6.625, 6.5, 8]},
			"faces": {
				"north": {"uv": [2.125, 15, 3.125, 16], "texture": "#0"},
				"east": {"uv": [2.125, 15, 3.125, 16], "texture": "#0"},
				"south": {"uv": [2.125, 15, 3.125, 16], "texture": "#0"},
				"west": {"uv": [2.125, 15, 3.125, 16], "texture": "#0"},
				"up": {"uv": [2.125, 15, 3.125, 16], "texture": "#0"},
				"down": {"uv": [2.125, 15, 3.125, 16], "texture": "#0"}
			}
		},
		{
			"name": "bass 13",
			"from": [14.70761, 5.79754, 1.87513],
			"to": [14.83265, 5.97417, 2.0002],
			"rotation": {"angle": -45, "axis": "z", "origin": [14.76048, 5.93745, 1.9216]},
			"faces": {
				"north": {"uv": [2.125, 15, 3.125, 16], "texture": "#0"},
				"east": {"uv": [2.125, 15, 3.125, 16], "texture": "#0"},
				"south": {"uv": [2.125, 15, 3.125, 16], "texture": "#0"},
				"west": {"uv": [2.125, 15, 3.125, 16], "texture": "#0"},
				"up": {"uv": [2.125, 15, 3.125, 16], "texture": "#0"},
				"down": {"uv": [2.125, 15, 3.125, 16], "texture": "#0"}
			}
		},
		{
			"name": "bass 9",
			"from": [14.75, 5.25, 1.875],
			"to": [15.25, 6, 2],
			"rotation": {"angle": 0, "axis": "y", "origin": [6.625, 6.5, 8]},
			"faces": {
				"north": {"uv": [2.125, 15, 3.125, 16], "texture": "#0"},
				"east": {"uv": [2.125, 15, 3.125, 16], "texture": "#0"},
				"south": {"uv": [2.125, 15, 3.125, 16], "texture": "#0"},
				"west": {"uv": [2.125, 15, 3.125, 16], "texture": "#0"},
				"up": {"uv": [2.125, 15, 3.125, 16], "texture": "#0"},
				"down": {"uv": [2.125, 15, 3.125, 16], "texture": "#0"}
			}
		},
		{
			"name": "bass 10",
			"from": [13.875, 3.75, 1.683],
			"to": [14.375, 4.25, 1.808],
			"rotation": {"angle": 0, "axis": "y", "origin": [4.375, 5.875, 7.808]},
			"faces": {
				"north": {"uv": [2.125, 15, 3.125, 16], "texture": "#0"},
				"east": {"uv": [2.125, 15, 3.125, 16], "texture": "#0"},
				"south": {"uv": [2.125, 15, 3.125, 16], "texture": "#0"},
				"west": {"uv": [2.125, 15, 3.125, 16], "texture": "#0"},
				"up": {"uv": [2.125, 15, 3.125, 16], "texture": "#0"},
				"down": {"uv": [2.125, 15, 3.125, 16], "texture": "#0"}
			}
		},
		{
			"name": "bass 11",
			"from": [13.875, 3, 1.683],
			"to": [14.375, 3.5, 1.808],
			"rotation": {"angle": 0, "axis": "y", "origin": [4.375, 5.125, 7.808]},
			"faces": {
				"north": {"uv": [2.125, 15, 3.125, 16], "texture": "#0"},
				"east": {"uv": [2.125, 15, 3.125, 16], "texture": "#0"},
				"south": {"uv": [2.125, 15, 3.125, 16], "texture": "#0"},
				"west": {"uv": [2.125, 15, 3.125, 16], "texture": "#0"},
				"up": {"uv": [2.125, 15, 3.125, 16], "texture": "#0"},
				"down": {"uv": [2.125, 15, 3.125, 16], "texture": "#0"}
			}
		},
		{
			"name": "bass 12",
			"from": [13.875, 2.25, 1.875],
			"to": [14.375, 2.75, 2],
			"rotation": {"angle": 0, "axis": "y", "origin": [4.375, 4.375, 8]},
			"faces": {
				"north": {"uv": [2.125, 15, 3.125, 16], "texture": "#0"},
				"east": {"uv": [2.125, 15, 3.125, 16], "texture": "#0"},
				"south": {"uv": [2.125, 15, 3.125, 16], "texture": "#0"},
				"west": {"uv": [2.125, 15, 3.125, 16], "texture": "#0"},
				"up": {"uv": [2.125, 15, 3.125, 16], "texture": "#0"},
				"down": {"uv": [2.125, 15, 3.125, 16], "texture": "#0"}
			}
		},
		{
			"name": "bass 13",
			"from": [13.875, 1.5, 1.875],
			"to": [14.375, 2, 2],
			"rotation": {"angle": 0, "axis": "y", "origin": [4.375, 3.625, 8]},
			"faces": {
				"north": {"uv": [2.125, 15, 3.125, 16], "texture": "#0"},
				"east": {"uv": [2.125, 15, 3.125, 16], "texture": "#0"},
				"south": {"uv": [2.125, 15, 3.125, 16], "texture": "#0"},
				"west": {"uv": [2.125, 15, 3.125, 16], "texture": "#0"},
				"up": {"uv": [2.125, 15, 3.125, 16], "texture": "#0"},
				"down": {"uv": [2.125, 15, 3.125, 16], "texture": "#0"}
			}
		},
		{
			"name": "bass 11",
			"from": [13.125, 3.75, 1.875],
			"to": [13.625, 4.25, 2],
			"rotation": {"angle": 0, "axis": "y", "origin": [4.25, 5.875, 8]},
			"faces": {
				"north": {"uv": [2.125, 15, 3.125, 16], "texture": "#0"},
				"east": {"uv": [2.125, 15, 3.125, 16], "texture": "#0"},
				"south": {"uv": [2.125, 15, 3.125, 16], "texture": "#0"},
				"west": {"uv": [2.125, 15, 3.125, 16], "texture": "#0"},
				"up": {"uv": [2.125, 15, 3.125, 16], "texture": "#0"},
				"down": {"uv": [2.125, 15, 3.125, 16], "texture": "#0"}
			}
		},
		{
			"name": "bass 12",
			"from": [13.125, 3, 1.875],
			"to": [13.625, 3.5, 2],
			"rotation": {"angle": 0, "axis": "y", "origin": [4.25, 5.125, 8]},
			"faces": {
				"north": {"uv": [2.125, 15, 3.125, 16], "texture": "#0"},
				"east": {"uv": [2.125, 15, 3.125, 16], "texture": "#0"},
				"south": {"uv": [2.125, 15, 3.125, 16], "texture": "#0"},
				"west": {"uv": [2.125, 15, 3.125, 16], "texture": "#0"},
				"up": {"uv": [2.125, 15, 3.125, 16], "texture": "#0"},
				"down": {"uv": [2.125, 15, 3.125, 16], "texture": "#0"}
			}
		},
		{
			"name": "bass 13",
			"from": [13.125, 2.25, 1.875],
			"to": [13.625, 2.75, 2],
			"rotation": {"angle": 0, "axis": "y", "origin": [4.25, 4.375, 8]},
			"faces": {
				"north": {"uv": [2.125, 15, 3.125, 16], "texture": "#0"},
				"east": {"uv": [2.125, 15, 3.125, 16], "texture": "#0"},
				"south": {"uv": [2.125, 15, 3.125, 16], "texture": "#0"},
				"west": {"uv": [2.125, 15, 3.125, 16], "texture": "#0"},
				"up": {"uv": [2.125, 15, 3.125, 16], "texture": "#0"},
				"down": {"uv": [2.125, 15, 3.125, 16], "texture": "#0"}
			}
		},
		{
			"name": "bass 14",
			"from": [13.125, 1.5, 1.875],
			"to": [13.625, 2, 2],
			"rotation": {"angle": 0, "axis": "y", "origin": [4.25, 3.625, 8]},
			"faces": {
				"north": {"uv": [2.125, 15, 3.125, 16], "texture": "#0"},
				"east": {"uv": [2.125, 15, 3.125, 16], "texture": "#0"},
				"south": {"uv": [2.125, 15, 3.125, 16], "texture": "#0"},
				"west": {"uv": [2.125, 15, 3.125, 16], "texture": "#0"},
				"up": {"uv": [2.125, 15, 3.125, 16], "texture": "#0"},
				"down": {"uv": [2.125, 15, 3.125, 16], "texture": "#0"}
			}
		},
		{
			"name": "bass 12",
			"from": [12.375, 3.75, 1.875],
			"to": [12.875, 4.25, 2],
			"rotation": {"angle": 0, "axis": "y", "origin": [4.25, 5.875, 8]},
			"faces": {
				"north": {"uv": [2.125, 15, 3.125, 16], "texture": "#0"},
				"east": {"uv": [2.125, 15, 3.125, 16], "texture": "#0"},
				"south": {"uv": [2.125, 15, 3.125, 16], "texture": "#0"},
				"west": {"uv": [2.125, 15, 3.125, 16], "texture": "#0"},
				"up": {"uv": [2.125, 15, 3.125, 16], "texture": "#0"},
				"down": {"uv": [2.125, 15, 3.125, 16], "texture": "#0"}
			}
		},
		{
			"name": "bass 13",
			"from": [12.375, 3, 1.875],
			"to": [12.875, 3.5, 2],
			"rotation": {"angle": 0, "axis": "y", "origin": [4.25, 5.125, 8]},
			"faces": {
				"north": {"uv": [2.125, 15, 3.125, 16], "texture": "#0"},
				"east": {"uv": [2.125, 15, 3.125, 16], "texture": "#0"},
				"south": {"uv": [2.125, 15, 3.125, 16], "texture": "#0"},
				"west": {"uv": [2.125, 15, 3.125, 16], "texture": "#0"},
				"up": {"uv": [2.125, 15, 3.125, 16], "texture": "#0"},
				"down": {"uv": [2.125, 15, 3.125, 16], "texture": "#0"}
			}
		},
		{
			"name": "bass 14",
			"from": [12.375, 2.25, 1.875],
			"to": [12.875, 2.75, 2],
			"rotation": {"angle": 0, "axis": "y", "origin": [4.25, 4.375, 8]},
			"faces": {
				"north": {"uv": [2.125, 15, 3.125, 16], "texture": "#0"},
				"east": {"uv": [2.125, 15, 3.125, 16], "texture": "#0"},
				"south": {"uv": [2.125, 15, 3.125, 16], "texture": "#0"},
				"west": {"uv": [2.125, 15, 3.125, 16], "texture": "#0"},
				"up": {"uv": [2.125, 15, 3.125, 16], "texture": "#0"},
				"down": {"uv": [2.125, 15, 3.125, 16], "texture": "#0"}
			}
		},
		{
			"name": "bass 15",
			"from": [12.375, 1.5, 1.875],
			"to": [12.875, 2, 2],
			"rotation": {"angle": 0, "axis": "y", "origin": [4.25, 3.625, 8]},
			"faces": {
				"north": {"uv": [2.125, 15, 3.125, 16], "texture": "#0"},
				"east": {"uv": [2.125, 15, 3.125, 16], "texture": "#0"},
				"south": {"uv": [2.125, 15, 3.125, 16], "texture": "#0"},
				"west": {"uv": [2.125, 15, 3.125, 16], "texture": "#0"},
				"up": {"uv": [2.125, 15, 3.125, 16], "texture": "#0"},
				"down": {"uv": [2.125, 15, 3.125, 16], "texture": "#0"}
			}
		},
		{
			"name": "bass 10",
			"from": [16.04717, 6.40799, 1.875],
			"to": [16.17221, 6.58462, 2.00007],
			"rotation": {"angle": 45, "axis": "z", "origin": [16.10004, 6.54789, 1.92146]},
			"faces": {
				"north": {"uv": [2.125, 15, 3.125, 16], "texture": "#0"},
				"east": {"uv": [2.125, 15, 3.125, 16], "texture": "#0"},
				"south": {"uv": [2.125, 15, 3.125, 16], "texture": "#0"},
				"west": {"uv": [2.125, 15, 3.125, 16], "texture": "#0"},
				"up": {"uv": [2.125, 15, 3.125, 16], "texture": "#0"},
				"down": {"uv": [2.125, 15, 3.125, 16], "texture": "#0"}
			}
		},
		{
			"name": "bass 9",
			"from": [16.125, 6, 1.875],
			"to": [16.25, 6.5, 2],
			"rotation": {"angle": 0, "axis": "y", "origin": [7.5, 7.125, 8]},
			"faces": {
				"north": {"uv": [2.125, 15, 3.125, 16], "texture": "#0"},
				"east": {"uv": [2.125, 15, 3.125, 16], "texture": "#0"},
				"south": {"uv": [2.125, 15, 3.125, 16], "texture": "#0"},
				"west": {"uv": [2.125, 15, 3.125, 16], "texture": "#0"},
				"up": {"uv": [2.125, 15, 3.125, 16], "texture": "#0"},
				"down": {"uv": [2.125, 15, 3.125, 16], "texture": "#0"}
			}
		},
		{
			"name": "bass 11",
			"from": [16.12103, 5.88529, 1.87396],
			"to": [16.24608, 6.06192, 1.99902],
			"rotation": {"angle": -45, "axis": "z", "origin": [16.17391, 6.02519, 1.92042]},
			"faces": {
				"north": {"uv": [2.125, 15, 3.125, 16], "texture": "#0"},
				"east": {"uv": [2.125, 15, 3.125, 16], "texture": "#0"},
				"south": {"uv": [2.125, 15, 3.125, 16], "texture": "#0"},
				"west": {"uv": [2.125, 15, 3.125, 16], "texture": "#0"},
				"up": {"uv": [2.125, 15, 3.125, 16], "texture": "#0"},
				"down": {"uv": [2.125, 15, 3.125, 16], "texture": "#0"}
			}
		},
		{
			"name": "bass 11",
			"from": [15.51152, 5.87222, 1.87325],
			"to": [15.63657, 6.04885, 1.99832],
			"rotation": {"angle": 45, "axis": "z", "origin": [15.5644, 6.01213, 1.91972]},
			"faces": {
				"north": {"uv": [2.125, 15, 3.125, 16], "texture": "#0"},
				"east": {"uv": [2.125, 15, 3.125, 16], "texture": "#0"},
				"south": {"uv": [2.125, 15, 3.125, 16], "texture": "#0"},
				"west": {"uv": [2.125, 15, 3.125, 16], "texture": "#0"},
				"up": {"uv": [2.125, 15, 3.125, 16], "texture": "#0"},
				"down": {"uv": [2.125, 15, 3.125, 16], "texture": "#0"}
			}
		},
		{
			"name": "bass 10",
			"from": [15.5, 6, 1.875],
			"to": [15.625, 6.5, 2],
			"rotation": {"angle": 0, "axis": "y", "origin": [7.5, 7.125, 8]},
			"faces": {
				"north": {"uv": [2.125, 15, 3.125, 16], "texture": "#0"},
				"east": {"uv": [2.125, 15, 3.125, 16], "texture": "#0"},
				"south": {"uv": [2.125, 15, 3.125, 16], "texture": "#0"},
				"west": {"uv": [2.125, 15, 3.125, 16], "texture": "#0"},
				"up": {"uv": [2.125, 15, 3.125, 16], "texture": "#0"},
				"down": {"uv": [2.125, 15, 3.125, 16], "texture": "#0"}
			}
		},
		{
			"name": "bass 12",
			"from": [15.58261, 6.42254, 1.87513],
			"to": [15.70765, 6.59917, 2.0002],
			"rotation": {"angle": -45, "axis": "z", "origin": [15.63548, 6.56245, 1.9216]},
			"faces": {
				"north": {"uv": [2.125, 15, 3.125, 16], "texture": "#0"},
				"east": {"uv": [2.125, 15, 3.125, 16], "texture": "#0"},
				"south": {"uv": [2.125, 15, 3.125, 16], "texture": "#0"},
				"west": {"uv": [2.125, 15, 3.125, 16], "texture": "#0"},
				"up": {"uv": [2.125, 15, 3.125, 16], "texture": "#0"},
				"down": {"uv": [2.125, 15, 3.125, 16], "texture": "#0"}
			}
		},
		{
			"name": "bass 8",
			"from": [15.625, 5.875, 1.875],
			"to": [16.125, 6.625, 2],
			"rotation": {"angle": 0, "axis": "y", "origin": [7.5, 7.125, 8]},
			"faces": {
				"north": {"uv": [2.125, 15, 3.125, 16], "texture": "#0"},
				"east": {"uv": [2.125, 15, 3.125, 16], "texture": "#0"},
				"south": {"uv": [2.125, 15, 3.125, 16], "texture": "#0"},
				"west": {"uv": [2.125, 15, 3.125, 16], "texture": "#0"},
				"up": {"uv": [2.125, 15, 3.125, 16], "texture": "#0"},
				"down": {"uv": [2.125, 15, 3.125, 16], "texture": "#0"}
			}
		}
	],
	"display": {
		"thirdperson_righthand": {
			"scale": [0.5, 0.5, 0.5]
		},
		"thirdperson_lefthand": {
			"scale": [0.5, 0.5, 0.5]
		},
		"firstperson_righthand": {
			"scale": [0.5, 0.5, 0.5]
		},
		"firstperson_lefthand": {
			"scale": [0.5, 0.5, 0.5]
		},
		"ground": {
			"scale": [0.5, 0.5, 0.5]
		},
		"gui": {
			"rotation": [24, -160, 0],
			"translation": [-0.25, 0, 0],
			"scale": [0.5, 0.5, 0.5]
		},
		"head": {
			"scale": [2, 2, 2]
		},
		"fixed": {
			"rotation": [-90, 0, 0],
			"translation": [0, 0, -12.25],
			"scale": [1.8, 1.8, 1.8]
		}
	},
	"groups": [
		{
			"name": "bass",
			"origin": [8, 8, 8],
			"children": [
				{
					"name": "deco",
					"origin": [8, 8, 8],
					"children": [0, 1, 2]
				}, 3, 4, 5, 6, 7, 8, 9, 10, 11, 12, 13, 14, 15,
				{
					"name": "plate",
					"origin": [8, 8, 8],
					"children": [16, 17, 18, 19, 20, 21, 22, 23]
				},
				{
					"name": "door",
					"origin": [8, 8, 8],
					"children": [
						{
							"name": "glass",
							"origin": [8, 8, 8],
							"children": [24]
						}, 25, 26, 27, 28, 29]
				},
				{
					"name": "button",
					"origin": [8, 8, 8],
					"children": [30, 31, 32, 33, 34, 35, 36, 37, 38, 39, 40, 41, 42, 43, 44, 45, 46, 47, 48, 49, 50, 51, 52, 53, 54, 55, 56, 57, 58, 59, 60, 61, 62]
				}
			]
		}
	]
}