{
	"credit": "Made with Blockbench",
	"textures": {
		"0": "block/lily_pad/cattails_t",
		"1": "block/lily_pad/cattails_b",
		"particle": "block/lily_pad/cattails_t"
	},
	"elements": [
		{
			"name": "base1",
			"from": [-0.5, 2, 0],
			"to": [10.5, 18, 0],
			"rotation": {"angle": 0, "axis": "y", "origin": [5, 2, 0], "rescale": true},
			"faces": {
				"north": {"uv": [0, 0, 16, 16], "texture": "#0"},
				"east": {"uv": [0, 0, 0, 16], "texture": "#missing"},
				"south": {"uv": [0, 0, 16, 16], "texture": "#0"},
				"west": {"uv": [0, 0, 0, 16], "texture": "#missing"},
				"up": {"uv": [0, 0, 11, 0], "texture": "#missing"},
				"down": {"uv": [0, 0, 11, 0], "texture": "#missing"}
			}
		},
		{
			"name": "base2",
			"from": [-0.5, -14, 0],
			"to": [10.5, 2, 0],
			"rotation": {"angle": 0, "axis": "y", "origin": [5, 2, 0], "rescale": true},
			"faces": {
				"north": {"uv": [0, 0, 16, 16], "texture": "#1"},
				"east": {"uv": [0, 0, 0, 16], "texture": "#missing"},
				"south": {"uv": [0, 0, 16, 16], "texture": "#1"},
				"west": {"uv": [0, 0, 0, 16], "texture": "#missing"},
				"up": {"uv": [0, 0, 11, 0], "texture": "#missing"},
				"down": {"uv": [0, 0, 11, 0], "texture": "#missing"}
			}
		},
		{
			"name": "base2",
			"from": [5, 2, -5.5],
			"to": [5, 18, 5.5],
			"rotation": {"angle": 0, "axis": "y", "origin": [5, 2, 0], "rescale": true},
			"faces": {
				"north": {"uv": [0, 0, 0, 16], "texture": "#missing"},
				"east": {"uv": [0, 0, 16, 16], "texture": "#0"},
				"south": {"uv": [0, 0, 0, 16], "texture": "#missing"},
				"west": {"uv": [0, 0, 16, 16], "texture": "#0"},
				"up": {"uv": [0, 0, 11, 0], "rotation": 90, "texture": "#missing"},
				"down": {"uv": [0, 0, 11, 0], "rotation": 270, "texture": "#missing"}
			}
		},
		{
			"name": "base3",
			"from": [5, -14, -5.5],
			"to": [5, 2, 5.5],
			"rotation": {"angle": 0, "axis": "y", "origin": [5, 2, 0], "rescale": true},
			"faces": {
				"north": {"uv": [0, 0, 0, 16], "texture": "#missing"},
				"east": {"uv": [0, 0, 16, 16], "texture": "#1"},
				"south": {"uv": [0, 0, 0, 16], "texture": "#missing"},
				"west": {"uv": [0, 0, 16, 16], "texture": "#1"},
				"up": {"uv": [0, 0, 11, 0], "rotation": 90, "texture": "#missing"},
				"down": {"uv": [0, 0, 11, 0], "rotation": 270, "texture": "#missing"}
			}
		},
		{
			"name": "base2",
			"from": [9.57107, 0, 3.58579],
			"to": [20.57107, 16, 3.58579],
			"rotation": {"angle": 45, "axis": "y", "origin": [15.07107, 0, 3.58579], "rescale": true},
			"faces": {
				"north": {"uv": [0, 0, 16, 16], "texture": "#0"},
				"east": {"uv": [0, 0, 0, 16], "texture": "#missing"},
				"south": {"uv": [0, 0, 16, 16], "texture": "#0"},
				"west": {"uv": [0, 0, 0, 16], "texture": "#missing"},
				"up": {"uv": [0, 0, 11, 0], "texture": "#missing"},
				"down": {"uv": [0, 0, 11, 0], "texture": "#missing"}
			}
		},
		{
			"name": "base3",
			"from": [9.57107, -16, 3.58579],
			"to": [20.57107, 0, 3.58579],
			"rotation": {"angle": 45, "axis": "y", "origin": [15.07107, 0, 3.58579], "rescale": true},
			"faces": {
				"north": {"uv": [0, 0, 16, 16], "texture": "#1"},
				"east": {"uv": [0, 0, 0, 16], "texture": "#missing"},
				"south": {"uv": [0, 0, 16, 16], "texture": "#1"},
				"west": {"uv": [0, 0, 0, 16], "texture": "#missing"},
				"up": {"uv": [0, 0, 11, 0], "texture": "#missing"},
				"down": {"uv": [0, 0, 11, 0], "texture": "#missing"}
			}
		},
		{
			"name": "base3",
			"from": [15.07107, 0, -1.91421],
			"to": [15.07107, 16, 9.08579],
			"rotation": {"angle": 45, "axis": "y", "origin": [15.07107, 0, 3.58579], "rescale": true},
			"faces": {
				"north": {"uv": [0, 0, 0, 16], "texture": "#missing"},
				"east": {"uv": [0, 0, 16, 16], "texture": "#0"},
				"south": {"uv": [0, 0, 0, 16], "texture": "#missing"},
				"west": {"uv": [0, 0, 16, 16], "texture": "#0"},
				"up": {"uv": [0, 0, 11, 0], "rotation": 90, "texture": "#missing"},
				"down": {"uv": [0, 0, 11, 0], "rotation": 270, "texture": "#missing"}
			}
		},
		{
			"name": "base4",
			"from": [15.07107, -16, -1.91421],
			"to": [15.07107, 0, 9.08579],
			"rotation": {"angle": 45, "axis": "y", "origin": [15.07107, 0, 3.58579], "rescale": true},
			"faces": {
				"north": {"uv": [0, 0, 0, 16], "texture": "#missing"},
				"east": {"uv": [0, 0, 16, 16], "texture": "#1"},
				"south": {"uv": [0, 0, 0, 16], "texture": "#missing"},
				"west": {"uv": [0, 0, 16, 16], "texture": "#1"},
				"up": {"uv": [0, 0, 11, 0], "rotation": 90, "texture": "#missing"},
				"down": {"uv": [0, 0, 11, 0], "rotation": 270, "texture": "#missing"}
			}
		},
		{
			"name": "base3",
			"from": [-3.5, 0, 8],
			"to": [7.5, 15, 8],
			"rotation": {"angle": 22.5, "axis": "y", "origin": [8, 8, 6], "rescale": true},
			"faces": {
				"north": {"uv": [0, 0, 16, 16], "texture": "#0"},
				"east": {"uv": [0, 0, 0, 16], "texture": "#missing"},
				"south": {"uv": [0, 0, 16, 16], "texture": "#0"},
				"west": {"uv": [0, 0, 0, 16], "texture": "#missing"},
				"up": {"uv": [0, 0, 11, 0], "rotation": 180, "texture": "#missing"},
				"down": {"uv": [0, 0, 11, 0], "rotation": 180, "texture": "#missing"}
			}
		},
		{
			"name": "base4",
			"from": [-3.5, -16, 8],
			"to": [7.5, 0, 8],
			"rotation": {"angle": 22.5, "axis": "y", "origin": [8, 8, 6], "rescale": true},
			"faces": {
				"north": {"uv": [0, 0, 16, 16], "texture": "#1"},
				"east": {"uv": [0, 0, 0, 16], "texture": "#missing"},
				"south": {"uv": [0, 0, 16, 16], "texture": "#1"},
				"west": {"uv": [0, 0, 0, 16], "texture": "#missing"},
				"up": {"uv": [0, 0, 11, 0], "rotation": 180, "texture": "#missing"},
				"down": {"uv": [0, 0, 11, 0], "rotation": 180, "texture": "#missing"}
			}
		},
		{
			"name": "base4",
			"from": [2, 0, 2.5],
			"to": [2, 15, 13.5],
			"rotation": {"angle": 22.5, "axis": "y", "origin": [8, 8, 6], "rescale": true},
			"faces": {
				"north": {"uv": [0, 0, 0, 16], "texture": "#missing"},
				"east": {"uv": [0, 0, 16, 16], "texture": "#0"},
				"south": {"uv": [0, 0, 0, 16], "texture": "#missing"},
				"west": {"uv": [0, 0, 16, 16], "texture": "#0"},
				"up": {"uv": [0, 0, 11, 0], "rotation": 270, "texture": "#missing"},
				"down": {"uv": [0, 0, 11, 0], "rotation": 90, "texture": "#missing"}
			}
		},
		{
			"name": "base5",
			"from": [2, -16, 2.5],
			"to": [2, 0, 13.5],
			"rotation": {"angle": 22.5, "axis": "y", "origin": [8, 8, 6], "rescale": true},
			"faces": {
				"north": {"uv": [0, 0, 0, 16], "texture": "#missing"},
				"east": {"uv": [0, 0, 16, 16], "texture": "#1"},
				"south": {"uv": [0, 0, 0, 16], "texture": "#missing"},
				"west": {"uv": [0, 0, 16, 16], "texture": "#1"},
				"up": {"uv": [0, 0, 11, 0], "rotation": 270, "texture": "#missing"},
				"down": {"uv": [0, 0, 11, 0], "rotation": 90, "texture": "#missing"}
			}
		},
		{
			"name": "base2",
			"from": [6.5, 2, 15],
			"to": [17.5, 18, 15],
			"rotation": {"angle": 22.5, "axis": "y", "origin": [12, 2, 15], "rescale": true},
			"faces": {
				"north": {"uv": [0, 0, 16, 16], "texture": "#0"},
				"east": {"uv": [0, 0, 0, 16], "texture": "#missing"},
				"south": {"uv": [0, 0, 16, 16], "texture": "#0"},
				"west": {"uv": [0, 0, 0, 16], "texture": "#missing"},
				"up": {"uv": [0, 0, 11, 0], "texture": "#missing"},
				"down": {"uv": [0, 0, 11, 0], "texture": "#missing"}
			}
		},
		{
			"name": "base3",
			"from": [6.5, -14, 15],
			"to": [17.5, 2, 15],
			"rotation": {"angle": 22.5, "axis": "y", "origin": [12, 2, 15], "rescale": true},
			"faces": {
				"north": {"uv": [0, 0, 16, 16], "texture": "#1"},
				"east": {"uv": [0, 0, 0, 16], "texture": "#missing"},
				"south": {"uv": [0, 0, 16, 16], "texture": "#1"},
				"west": {"uv": [0, 0, 0, 16], "texture": "#missing"},
				"up": {"uv": [0, 0, 11, 0], "texture": "#missing"},
				"down": {"uv": [0, 0, 11, 0], "texture": "#missing"}
			}
		},
		{
			"name": "base3",
			"from": [12, 2, 9.5],
			"to": [12, 18, 20.5],
			"rotation": {"angle": 22.5, "axis": "y", "origin": [12, 2, 15], "rescale": true},
			"faces": {
				"north": {"uv": [0, 0, 0, 16], "texture": "#missing"},
				"east": {"uv": [0, 0, 16, 16], "texture": "#0"},
				"south": {"uv": [0, 0, 0, 16], "texture": "#missing"},
				"west": {"uv": [0, 0, 16, 16], "texture": "#0"},
				"up": {"uv": [0, 0, 11, 0], "rotation": 90, "texture": "#missing"},
				"down": {"uv": [0, 0, 11, 0], "rotation": 270, "texture": "#missing"}
			}
		},
		{
			"name": "base4",
			"from": [12, -14, 9.5],
			"to": [12, 2, 20.5],
			"rotation": {"angle": 22.5, "axis": "y", "origin": [12, 2, 15], "rescale": true},
			"faces": {
				"north": {"uv": [0, 0, 0, 16], "texture": "#missing"},
				"east": {"uv": [0, 0, 16, 16], "texture": "#1"},
				"south": {"uv": [0, 0, 0, 16], "texture": "#missing"},
				"west": {"uv": [0, 0, 16, 16], "texture": "#1"},
				"up": {"uv": [0, 0, 11, 0], "rotation": 90, "texture": "#missing"},
				"down": {"uv": [0, 0, 11, 0], "rotation": 270, "texture": "#missing"}
			}
		}
	],
	"groups": [
		{
			"name": "cattails",
			"origin": [8, 8, 8],
			"children": [0, 1, 2, 3]
		},
		{
			"name": "cattails",
			"origin": [8, 8, 8],
			"children": [4, 5, 6, 7]
		},
		{
			"name": "cattails",
			"origin": [8, 8, 8],
			"children": [8, 9, 10, 11]
		},
		{
			"name": "cattails",
			"origin": [8, 8, 8],
			"children": [12, 13, 14, 15]
		}
	]
}