{
	"credit": "Made with Blockbench",
	"textures": {
		"0": "custom/pipe_wrench_t",
		"particle": "custom/pipe_wrench_t"
	},
	"elements": [
		{
			"name": "bass 2",
			"from": [7.6555, 9.25, 7.7965],
			"to": [8.3415, 10, 10.141],
			"rotation": {"angle": 0, "axis": "y", "origin": [15.5, 13.5, 15.5]},
			"faces": {
				"north": {"uv": [0, 0, 4, 16], "texture": "#0"},
				"east": {"uv": [0, 0, 4, 16], "texture": "#0"},
				"south": {"uv": [0, 0, 4, 16], "texture": "#0"},
				"west": {"uv": [0, 0, 4, 16], "texture": "#0"},
				"up": {"uv": [0, 0, 4, 16], "texture": "#0"},
				"down": {"uv": [0, 0, 4, 16], "texture": "#0"}
			}
		},
		{
			"name": "bass 3",
			"from": [7.593, 9.5, 7.5465],
			"to": [7.654, 10.25, 9.891],
			"rotation": {"angle": 0, "axis": "y", "origin": [15.5, 13.5, 15.5]},
			"faces": {
				"north": {"uv": [0, 0, 4, 16], "texture": "#0"},
				"east": {"uv": [0, 0, 4, 16], "texture": "#0"},
				"south": {"uv": [0, 0, 4, 16], "texture": "#0"},
				"west": {"uv": [0, 0, 4, 16], "texture": "#0"},
				"up": {"uv": [0, 0, 4, 16], "texture": "#0"},
				"down": {"uv": [0, 0, 4, 16], "texture": "#0"}
			}
		},
		{
			"name": "bass 4",
			"from": [8.343, 9.5, 7.5465],
			"to": [8.404, 10.25, 9.891],
			"rotation": {"angle": 0, "axis": "y", "origin": [16.25, 13.5, 15.5]},
			"faces": {
				"north": {"uv": [0, 0, 4, 16], "texture": "#0"},
				"east": {"uv": [0, 0, 4, 16], "texture": "#0"},
				"south": {"uv": [0, 0, 4, 16], "texture": "#0"},
				"west": {"uv": [0, 0, 4, 16], "texture": "#0"},
				"up": {"uv": [0, 0, 4, 16], "texture": "#0"},
				"down": {"uv": [0, 0, 4, 16], "texture": "#0"}
			}
		},
		{
			"name": "bass 5",
			"from": [8.32158, 9.49995, 7.48946],
			"to": [8.38258, 10.24995, 7.58396],
			"rotation": {"angle": 45, "axis": "y", "origin": [8.3481, 9.87631, 7.53934]},
			"faces": {
				"north": {"uv": [0, 0, 4, 16], "texture": "#0"},
				"east": {"uv": [0, 0, 4, 16], "texture": "#0"},
				"south": {"uv": [0, 0, 4, 16], "texture": "#0"},
				"west": {"uv": [0, 0, 4, 16], "texture": "#0"},
				"up": {"uv": [0, 0, 4, 16], "texture": "#0"},
				"down": {"uv": [0, 0, 4, 16], "texture": "#0"}
			}
		},
		{
			"name": "bass 6",
			"from": [7.62061, 9.5, 9.85754],
			"to": [7.68161, 10.25, 9.95204],
			"rotation": {"angle": 45, "axis": "y", "origin": [7.64712, 9.87635, 9.90742]},
			"faces": {
				"north": {"uv": [0, 0, 4, 16], "texture": "#0"},
				"east": {"uv": [0, 0, 4, 16], "texture": "#0"},
				"south": {"uv": [0, 0, 4, 16], "texture": "#0"},
				"west": {"uv": [0, 0, 4, 16], "texture": "#0"},
				"up": {"uv": [0, 0, 4, 16], "texture": "#0"},
				"down": {"uv": [0, 0, 4, 16], "texture": "#0"}
			}
		},
		{
			"name": "bass 6",
			"from": [6.91091, 9.49631, 7.19338],
			"to": [6.97191, 10.24631, 7.28788],
			"rotation": {"angle": -45, "axis": "y", "origin": [6.93742, 9.87266, 8.24326]},
			"faces": {
				"north": {"uv": [0, 0, 4, 16], "texture": "#0"},
				"east": {"uv": [0, 0, 4, 16], "texture": "#0"},
				"south": {"uv": [0, 0, 4, 16], "texture": "#0"},
				"west": {"uv": [0, 0, 4, 16], "texture": "#0"},
				"up": {"uv": [0, 0, 4, 16], "texture": "#0"},
				"down": {"uv": [0, 0, 4, 16], "texture": "#0"}
			}
		},
		{
			"name": "bass 7",
			"from": [7.61065, 9.49999, 9.5592],
			"to": [7.67165, 10.24999, 9.6537],
			"rotation": {"angle": -45, "axis": "y", "origin": [7.63716, 9.87635, 10.60908]},
			"faces": {
				"north": {"uv": [0, 0, 4, 16], "texture": "#0"},
				"east": {"uv": [0, 0, 4, 16], "texture": "#0"},
				"south": {"uv": [0, 0, 4, 16], "texture": "#0"},
				"west": {"uv": [0, 0, 4, 16], "texture": "#0"},
				"up": {"uv": [0, 0, 4, 16], "texture": "#0"},
				"down": {"uv": [0, 0, 4, 16], "texture": "#0"}
			}
		},
		{
			"name": "bass 4",
			"from": [7.60551, 10.22171, 7.54654],
			"to": [7.66651, 10.31621, 9.89104],
			"rotation": {"angle": -45, "axis": "z", "origin": [7.6334, 10.25105, 8.72332]},
			"faces": {
				"north": {"uv": [0, 0, 4, 16], "texture": "#0"},
				"east": {"uv": [0, 0, 4, 16], "texture": "#0"},
				"south": {"uv": [0, 0, 4, 16], "texture": "#0"},
				"west": {"uv": [0, 0, 4, 16], "texture": "#0"},
				"up": {"uv": [0, 0, 4, 16], "texture": "#0"},
				"down": {"uv": [0, 0, 4, 16], "texture": "#0"}
			}
		},
		{
			"name": "bass 5",
			"from": [8.30662, 9.448, 7.5465],
			"to": [8.36762, 9.5425, 9.891],
			"rotation": {"angle": -45, "axis": "z", "origin": [8.3345, 9.47733, 8.72329]},
			"faces": {
				"north": {"uv": [0, 0, 4, 16], "texture": "#0"},
				"east": {"uv": [0, 0, 4, 16], "texture": "#0"},
				"south": {"uv": [0, 0, 4, 16], "texture": "#0"},
				"west": {"uv": [0, 0, 4, 16], "texture": "#0"},
				"up": {"uv": [0, 0, 4, 16], "texture": "#0"},
				"down": {"uv": [0, 0, 4, 16], "texture": "#0"}
			}
		},
		{
			"name": "bass 5",
			"from": [7.63092, 9.4443, 7.5465],
			"to": [7.69192, 9.5388, 9.891],
			"rotation": {"angle": 45, "axis": "z", "origin": [7.6588, 9.47363, 8.72329]},
			"faces": {
				"north": {"uv": [0, 0, 4, 16], "texture": "#0"},
				"east": {"uv": [0, 0, 4, 16], "texture": "#0"},
				"south": {"uv": [0, 0, 4, 16], "texture": "#0"},
				"west": {"uv": [0, 0, 4, 16], "texture": "#0"},
				"up": {"uv": [0, 0, 4, 16], "texture": "#0"},
				"down": {"uv": [0, 0, 4, 16], "texture": "#0"}
			}
		},
		{
			"name": "bass 6",
			"from": [8.33061, 10.2179, 7.54794],
			"to": [8.39161, 10.3124, 9.89244],
			"rotation": {"angle": 45, "axis": "z", "origin": [8.35849, 10.24723, 8.72472]},
			"faces": {
				"north": {"uv": [0, 0, 4, 16], "texture": "#0"},
				"east": {"uv": [0, 0, 4, 16], "texture": "#0"},
				"south": {"uv": [0, 0, 4, 16], "texture": "#0"},
				"west": {"uv": [0, 0, 4, 16], "texture": "#0"},
				"up": {"uv": [0, 0, 4, 16], "texture": "#0"},
				"down": {"uv": [0, 0, 4, 16], "texture": "#0"}
			}
		},
		{
			"name": "bass 3",
			"from": [7.6555, 9.38794, 7.46347],
			"to": [8.3415, 10, 7.7965],
			"rotation": {"angle": 0, "axis": "y", "origin": [15.5, 13.5, 15.5]},
			"faces": {
				"north": {"uv": [0, 0, 4, 16], "texture": "#0"},
				"east": {"uv": [0, 0, 4, 16], "texture": "#0"},
				"south": {"uv": [0, 0, 4, 16], "texture": "#0"},
				"west": {"uv": [0, 0, 4, 16], "texture": "#0"},
				"up": {"uv": [0, 0, 4, 16], "texture": "#0"},
				"down": {"uv": [0, 0, 4, 16], "texture": "#0"}
			}
		},
		{
			"name": "bass 4",
			"from": [7.6555, 9.34548, 7.60352],
			"to": [8.3415, 9.5, 7.96399],
			"rotation": {"angle": 22.5, "axis": "x", "origin": [7.9985, 9.71875, 7.64025]},
			"faces": {
				"north": {"uv": [0, 0, 4, 16], "texture": "#0"},
				"east": {"uv": [0, 0, 4, 16], "texture": "#0"},
				"south": {"uv": [0, 0, 4, 16], "texture": "#0"},
				"west": {"uv": [0, 0, 4, 16], "texture": "#0"},
				"up": {"uv": [0, 0, 4, 16], "texture": "#0"},
				"down": {"uv": [0, 0, 4, 16], "texture": "#0"}
			}
		},
		{
			"name": "bass 10",
			"from": [7.6555, 10, 9.1326],
			"to": [8.3415, 10.487, 9.5556],
			"rotation": {"angle": 0, "axis": "x", "origin": [7.9985, 10.4245, 10.2431]},
			"faces": {
				"north": {"uv": [0, 0, 4, 16], "texture": "#0"},
				"east": {"uv": [0, 0, 4, 16], "texture": "#0"},
				"south": {"uv": [0, 0, 4, 16], "texture": "#0"},
				"west": {"uv": [0, 0, 4, 16], "texture": "#0"},
				"up": {"uv": [0, 0, 4, 16], "texture": "#0"},
				"down": {"uv": [0, 0, 4, 16], "texture": "#0"}
			}
		},
		{
			"name": "bass 11",
			"from": [7.6555, 9.96389, 9.43911],
			"to": [8.3415, 10.45089, 10.42461],
			"rotation": {"angle": 22.5, "axis": "x", "origin": [7.9985, 10.17614, 9.58811]},
			"faces": {
				"north": {"uv": [0, 0, 4, 16], "texture": "#0"},
				"east": {"uv": [0, 0, 4, 16], "texture": "#0"},
				"south": {"uv": [0, 0, 4, 16], "texture": "#0"},
				"west": {"uv": [0, 0, 4, 16], "texture": "#0"},
				"up": {"uv": [0, 0, 4, 16], "texture": "#0"},
				"down": {"uv": [0, 0, 4, 16], "texture": "#0"}
			}
		},
		{
			"name": "bass 12",
			"from": [7.6555, 9.29241, 10.12748],
			"to": [8.3415, 9.84191, 10.30048],
			"rotation": {"angle": 45, "axis": "x", "origin": [7.9985, 9.56716, 10.62023]},
			"faces": {
				"north": {"uv": [0, 0, 4, 16], "texture": "#0"},
				"east": {"uv": [0, 0, 4, 16], "texture": "#0"},
				"south": {"uv": [0, 0, 4, 16], "texture": "#0"},
				"west": {"uv": [0, 0, 4, 16], "texture": "#0"},
				"up": {"uv": [0, 0, 4, 16], "texture": "#0"},
				"down": {"uv": [0, 0, 4, 16], "texture": "#0"}
			}
		},
		{
			"name": "bass 13",
			"from": [7.6555, 9.7469, 10.24839],
			"to": [8.3415, 9.9199, 10.79789],
			"rotation": {"angle": -22.5, "axis": "x", "origin": [7.9985, 9.42715, 10.52314]},
			"faces": {
				"north": {"uv": [0, 0, 4, 16], "texture": "#0"},
				"east": {"uv": [0, 0, 4, 16], "texture": "#0"},
				"south": {"uv": [0, 0, 4, 16], "texture": "#0"},
				"west": {"uv": [0, 0, 4, 16], "texture": "#0"},
				"up": {"uv": [0, 0, 4, 16], "texture": "#0"},
				"down": {"uv": [0, 0, 4, 16], "texture": "#0"}
			}
		},
		{
			"name": "bass 14",
			"from": [7.6555, 9.6547, 10.10511],
			"to": [8.3415, 9.8277, 10.65461],
			"rotation": {"angle": 0, "axis": "x", "origin": [7.9985, 9.33495, 10.37986]},
			"faces": {
				"north": {"uv": [0, 0, 4, 16], "texture": "#0"},
				"east": {"uv": [0, 0, 4, 16], "texture": "#0"},
				"south": {"uv": [0, 0, 4, 16], "texture": "#0"},
				"west": {"uv": [0, 0, 4, 16], "texture": "#0"},
				"up": {"uv": [0, 0, 4, 16], "texture": "#0"},
				"down": {"uv": [0, 0, 4, 16], "texture": "#0"}
			}
		},
		{
			"name": "bass 15",
			"from": [7.6555, 9.62436, 9.93746],
			"to": [8.3415, 9.79736, 10.48696],
			"rotation": {"angle": 22.5, "axis": "x", "origin": [7.9985, 9.30461, 10.21221]},
			"faces": {
				"north": {"uv": [0, 0, 4, 16], "texture": "#0"},
				"east": {"uv": [0, 0, 4, 16], "texture": "#0"},
				"south": {"uv": [0, 0, 4, 16], "texture": "#0"},
				"west": {"uv": [0, 0, 4, 16], "texture": "#0"},
				"up": {"uv": [0, 0, 4, 16], "texture": "#0"},
				"down": {"uv": [0, 0, 4, 16], "texture": "#0"}
			}
		},
		{
			"name": "bass 16",
			"from": [7.6555, 9.66047, 9.77096],
			"to": [8.3415, 9.83347, 10.32046],
			"rotation": {"angle": 45, "axis": "x", "origin": [7.9985, 9.34072, 10.04571]},
			"faces": {
				"north": {"uv": [0, 0, 4, 16], "texture": "#0"},
				"east": {"uv": [0, 0, 4, 16], "texture": "#0"},
				"south": {"uv": [0, 0, 4, 16], "texture": "#0"},
				"west": {"uv": [0, 0, 4, 16], "texture": "#0"},
				"up": {"uv": [0, 0, 4, 16], "texture": "#0"},
				"down": {"uv": [0, 0, 4, 16], "texture": "#0"}
			}
		},
		{
			"name": "bass 17",
			"from": [7.6555, 9.16306, 10.22545],
			"to": [8.3415, 9.71256, 10.39845],
			"rotation": {"angle": -22.5, "axis": "x", "origin": [7.9985, 9.43781, 9.9057]},
			"faces": {
				"north": {"uv": [0, 0, 4, 16], "texture": "#0"},
				"east": {"uv": [0, 0, 4, 16], "texture": "#0"},
				"south": {"uv": [0, 0, 4, 16], "texture": "#0"},
				"west": {"uv": [0, 0, 4, 16], "texture": "#0"},
				"up": {"uv": [0, 0, 4, 16], "texture": "#0"},
				"down": {"uv": [0, 0, 4, 16], "texture": "#0"}
			}
		},
		{
			"name": "bass 18",
			"from": [7.6555, 9.30634, 10.13325],
			"to": [8.3415, 9.85584, 10.30625],
			"rotation": {"angle": 0, "axis": "x", "origin": [7.9985, 9.58109, 9.8135]},
			"faces": {
				"north": {"uv": [0, 0, 4, 16], "texture": "#0"},
				"east": {"uv": [0, 0, 4, 16], "texture": "#0"},
				"south": {"uv": [0, 0, 4, 16], "texture": "#0"},
				"west": {"uv": [0, 0, 4, 16], "texture": "#0"},
				"up": {"uv": [0, 0, 4, 16], "texture": "#0"},
				"down": {"uv": [0, 0, 4, 16], "texture": "#0"}
			}
		},
		{
			"name": "bass 11",
			"from": [7.6555, 10, 7.46347],
			"to": [8.3415, 10.38239, 9.1326],
			"rotation": {"angle": 0, "axis": "x", "origin": [7.9985, 10.237, 10.07397]},
			"faces": {
				"north": {"uv": [0, 0, 4, 16], "texture": "#0"},
				"east": {"uv": [0, 0, 4, 16], "texture": "#0"},
				"south": {"uv": [0, 0, 4, 16], "texture": "#0"},
				"west": {"uv": [0, 0, 4, 16], "texture": "#0"},
				"up": {"uv": [0, 0, 4, 16], "texture": "#0"},
				"down": {"uv": [0, 0, 4, 16], "texture": "#0"}
			}
		},
		{
			"name": "bass 2",
			"from": [7.8125, 7.4045, 9.2035],
			"to": [8.1875, 8.4375, 9.641],
			"rotation": {"angle": 22.5, "axis": "x", "origin": [8, 9.5, 9.3125]},
			"faces": {
				"north": {"uv": [0, 0, 4, 16], "texture": "#0"},
				"east": {"uv": [0, 0, 4, 16], "texture": "#0"},
				"south": {"uv": [0, 0, 4, 16], "texture": "#0"},
				"west": {"uv": [0, 0, 4, 16], "texture": "#0"},
				"up": {"uv": [0, 0, 4, 16], "texture": "#0"},
				"down": {"uv": [0, 0, 4, 16], "texture": "#0"}
			}
		},
		{
			"name": "bass 1",
			"from": [7.8125, 2, 7.8125],
			"to": [8.1875, 9.25, 8.8125],
			"rotation": {"angle": 0, "axis": "y", "origin": [15.5, 13.5, 15.8125]},
			"faces": {
				"north": {"uv": [0, 0, 4, 16], "texture": "#0"},
				"east": {"uv": [0, 0, 4, 16], "texture": "#0"},
				"south": {"uv": [0, 0, 4, 16], "texture": "#0"},
				"west": {"uv": [0, 0, 4, 16], "texture": "#0"},
				"up": {"uv": [0, 0, 4, 16], "texture": "#0"},
				"down": {"uv": [0, 0, 4, 16], "texture": "#0"}
			}
		},
		{
			"name": "bass 2",
			"from": [7.8125, 1, 7.8125],
			"to": [8.1875, 2, 8.0625],
			"rotation": {"angle": 0, "axis": "x", "origin": [8, 1.5, 7.9375]},
			"faces": {
				"north": {"uv": [0, 0, 4, 16], "texture": "#0"},
				"east": {"uv": [0, 0, 4, 16], "texture": "#0"},
				"south": {"uv": [0, 0, 4, 16], "texture": "#0"},
				"west": {"uv": [0, 0, 4, 16], "texture": "#0"},
				"up": {"uv": [0, 0, 4, 16], "texture": "#0"},
				"down": {"uv": [0, 0, 4, 16], "texture": "#0"}
			}
		},
		{
			"name": "bass 3",
			"from": [7.8125, 0.71578, 7.8939],
			"to": [8.1875, 1.09078, 8.2689],
			"rotation": {"angle": -22.5, "axis": "x", "origin": [8, 0.84078, 8.0814]},
			"faces": {
				"north": {"uv": [0, 0, 4, 16], "texture": "#0"},
				"east": {"uv": [0, 0, 4, 16], "texture": "#0"},
				"south": {"uv": [0, 0, 4, 16], "texture": "#0"},
				"west": {"uv": [0, 0, 4, 16], "texture": "#0"},
				"up": {"uv": [0, 0, 4, 16], "texture": "#0"},
				"down": {"uv": [0, 0, 4, 16], "texture": "#0"}
			}
		},
		{
			"name": "bass 4",
			"from": [7.8125, 0.73435, 8.07787],
			"to": [8.1875, 0.85935, 8.45287],
			"rotation": {"angle": -45, "axis": "x", "origin": [8, 0.60935, 8.26537]},
			"faces": {
				"north": {"uv": [0, 0, 4, 16], "texture": "#0"},
				"east": {"uv": [0, 0, 4, 16], "texture": "#0"},
				"south": {"uv": [0, 0, 4, 16], "texture": "#0"},
				"west": {"uv": [0, 0, 4, 16], "texture": "#0"},
				"up": {"uv": [0, 0, 4, 16], "texture": "#0"},
				"down": {"uv": [0, 0, 4, 16], "texture": "#0"}
			}
		},
		{
			"name": "bass 5",
			"from": [7.8125, 0.45521, 8.09712],
			"to": [8.1875, 0.83021, 8.22212],
			"rotation": {"angle": 22.5, "axis": "x", "origin": [8, 0.64271, 8.34712]},
			"faces": {
				"north": {"uv": [0, 0, 4, 16], "texture": "#0"},
				"east": {"uv": [0, 0, 4, 16], "texture": "#0"},
				"south": {"uv": [0, 0, 4, 16], "texture": "#0"},
				"west": {"uv": [0, 0, 4, 16], "texture": "#0"},
				"up": {"uv": [0, 0, 4, 16], "texture": "#0"},
				"down": {"uv": [0, 0, 4, 16], "texture": "#0"}
			}
		},
		{
			"name": "bass 6",
			"from": [7.8125, 0.51732, 8.15988],
			"to": [8.1875, 0.89232, 8.46512],
			"rotation": {"angle": 0, "axis": "x", "origin": [8, 0.70482, 8.40988]},
			"faces": {
				"north": {"uv": [0, 0, 4, 16], "texture": "#0"},
				"east": {"uv": [0, 0, 4, 16], "texture": "#0"},
				"south": {"uv": [0, 0, 4, 16], "texture": "#0"},
				"west": {"uv": [0, 0, 4, 16], "texture": "#0"},
				"up": {"uv": [0, 0, 4, 16], "texture": "#0"},
				"down": {"uv": [0, 0, 4, 16], "texture": "#0"}
			}
		},
		{
			"name": "bass 6",
			"from": [7.8125, 0.55243, 8.36562],
			"to": [8.1875, 0.92743, 8.49062],
			"rotation": {"angle": -22.5, "axis": "x", "origin": [8, 0.78498, 8.50362]},
			"faces": {
				"north": {"uv": [0, 0, 4, 16], "texture": "#0"},
				"east": {"uv": [0, 0, 4, 16], "texture": "#0"},
				"south": {"uv": [0, 0, 4, 16], "texture": "#0"},
				"west": {"uv": [0, 0, 4, 16], "texture": "#0"},
				"up": {"uv": [0, 0, 4, 16], "texture": "#0"},
				"down": {"uv": [0, 0, 4, 16], "texture": "#0"}
			}
		},
		{
			"name": "bass 5",
			"from": [7.8125, 0.68398, 8.33849],
			"to": [8.1875, 0.80898, 8.71349],
			"rotation": {"angle": 45, "axis": "x", "origin": [8, 0.78498, 8.50362]},
			"faces": {
				"north": {"uv": [0, 0, 4, 16], "texture": "#0"},
				"east": {"uv": [0, 0, 4, 16], "texture": "#0"},
				"south": {"uv": [0, 0, 4, 16], "texture": "#0"},
				"west": {"uv": [0, 0, 4, 16], "texture": "#0"},
				"up": {"uv": [0, 0, 4, 16], "texture": "#0"},
				"down": {"uv": [0, 0, 4, 16], "texture": "#0"}
			}
		},
		{
			"name": "bass 4",
			"from": [7.8125, 0.72684, 8.3317],
			"to": [8.1875, 1.10184, 8.7067],
			"rotation": {"angle": 22.5, "axis": "x", "origin": [8, 0.78498, 8.50362]},
			"faces": {
				"north": {"uv": [0, 0, 4, 16], "texture": "#0"},
				"east": {"uv": [0, 0, 4, 16], "texture": "#0"},
				"south": {"uv": [0, 0, 4, 16], "texture": "#0"},
				"west": {"uv": [0, 0, 4, 16], "texture": "#0"},
				"up": {"uv": [0, 0, 4, 16], "texture": "#0"},
				"down": {"uv": [0, 0, 4, 16], "texture": "#0"}
			}
		},
		{
			"name": "bass 3",
			"from": [7.8125, 1, 8.5625],
			"to": [8.1875, 2, 8.8125],
			"rotation": {"angle": 0, "axis": "x", "origin": [8, 1.5, 7.6875]},
			"faces": {
				"north": {"uv": [0, 0, 4, 16], "texture": "#0"},
				"east": {"uv": [0, 0, 4, 16], "texture": "#0"},
				"south": {"uv": [0, 0, 4, 16], "texture": "#0"},
				"west": {"uv": [0, 0, 4, 16], "texture": "#0"},
				"up": {"uv": [0, 0, 4, 16], "texture": "#0"},
				"down": {"uv": [0, 0, 4, 16], "texture": "#0"}
			}
		},
		{
			"name": "bass 4",
			"from": [7.8125, 0.65646, 8.35597],
			"to": [8.1875, 1.65646, 8.60597],
			"rotation": {"angle": 22.5, "axis": "x", "origin": [8, 1.08668, 8.3125]},
			"faces": {
				"north": {"uv": [0, 0, 4, 16], "texture": "#0"},
				"east": {"uv": [0, 0, 4, 16], "texture": "#0"},
				"south": {"uv": [0, 0, 4, 16], "texture": "#0"},
				"west": {"uv": [0, 0, 4, 16], "texture": "#0"},
				"up": {"uv": [0, 0, 4, 16], "texture": "#0"},
				"down": {"uv": [0, 0, 4, 16], "texture": "#0"}
			}
		},
		{
			"name": "bass 5",
			"from": [7.8125, 0.65646, 8.01903],
			"to": [8.1875, 1.65646, 8.26903],
			"rotation": {"angle": -22.5, "axis": "x", "origin": [8, 1.08668, 8.3125]},
			"faces": {
				"north": {"uv": [0, 0, 4, 16], "texture": "#0"},
				"east": {"uv": [0, 0, 4, 16], "texture": "#0"},
				"south": {"uv": [0, 0, 4, 16], "texture": "#0"},
				"west": {"uv": [0, 0, 4, 16], "texture": "#0"},
				"up": {"uv": [0, 0, 4, 16], "texture": "#0"},
				"down": {"uv": [0, 0, 4, 16], "texture": "#0"}
			}
		},
		{
			"name": "bass 3",
			"from": [7.8125, 1.2891, 8.24433],
			"to": [8.1875, 2.0231, 8.49433],
			"rotation": {"angle": 22.5, "axis": "x", "origin": [8, 2.4141, 8.36933]},
			"faces": {
				"north": {"uv": [0, 0, 4, 16], "texture": "#0"},
				"east": {"uv": [0, 0, 4, 16], "texture": "#0"},
				"south": {"uv": [0, 0, 4, 16], "texture": "#0"},
				"west": {"uv": [0, 0, 4, 16], "texture": "#0"},
				"up": {"uv": [0, 0, 4, 16], "texture": "#0"},
				"down": {"uv": [0, 0, 4, 16], "texture": "#0"}
			}
		},
		{
			"name": "bass 4",
			"from": [7.8125, 0.90642, 8.20679],
			"to": [8.1875, 1.64042, 8.45679],
			"rotation": {"angle": -22.5, "axis": "x", "origin": [8, 2.03142, 7.33179]},
			"faces": {
				"north": {"uv": [0, 0, 4, 16], "texture": "#0"},
				"east": {"uv": [0, 0, 4, 16], "texture": "#0"},
				"south": {"uv": [0, 0, 4, 16], "texture": "#0"},
				"west": {"uv": [0, 0, 4, 16], "texture": "#0"},
				"up": {"uv": [0, 0, 4, 16], "texture": "#0"},
				"down": {"uv": [0, 0, 4, 16], "texture": "#0"}
			}
		},
		{
			"name": "bass 2",
			"from": [8.1875, 2, 8.625],
			"to": [8.25, 9.25, 8.8125],
			"rotation": {"angle": 0, "axis": "y", "origin": [15.5625, 13.5, 15.8125]},
			"faces": {
				"north": {"uv": [0, 0, 4, 16], "texture": "#0"},
				"east": {"uv": [0, 0, 4, 16], "texture": "#0"},
				"south": {"uv": [0, 0, 4, 16], "texture": "#0"},
				"west": {"uv": [0, 0, 4, 16], "texture": "#0"},
				"up": {"uv": [0, 0, 4, 16], "texture": "#0"},
				"down": {"uv": [0, 0, 4, 16], "texture": "#0"}
			}
		},
		{
			"name": "bass 3",
			"from": [8.1875, 2, 7.8125],
			"to": [8.25, 9.25, 8],
			"rotation": {"angle": 0, "axis": "y", "origin": [15.5625, 13.5, 15.8125]},
			"faces": {
				"north": {"uv": [0, 0, 4, 16], "texture": "#0"},
				"east": {"uv": [0, 0, 4, 16], "texture": "#0"},
				"south": {"uv": [0, 0, 4, 16], "texture": "#0"},
				"west": {"uv": [0, 0, 4, 16], "texture": "#0"},
				"up": {"uv": [0, 0, 4, 16], "texture": "#0"},
				"down": {"uv": [0, 0, 4, 16], "texture": "#0"}
			}
		},
		{
			"name": "bass 3",
			"from": [8.1875, 1, 7.8125],
			"to": [8.25, 2, 8],
			"rotation": {"angle": 0, "axis": "x", "origin": [8.0625, 1.5, 7.9375]},
			"faces": {
				"north": {"uv": [0, 0, 4, 16], "texture": "#0"},
				"east": {"uv": [0, 0, 4, 16], "texture": "#0"},
				"south": {"uv": [0, 0, 4, 16], "texture": "#0"},
				"west": {"uv": [0, 0, 4, 16], "texture": "#0"},
				"up": {"uv": [0, 0, 4, 16], "texture": "#0"},
				"down": {"uv": [0, 0, 4, 16], "texture": "#0"}
			}
		},
		{
			"name": "bass 4",
			"from": [8.1875, 0.71578, 7.8939],
			"to": [8.25, 1.09078, 8.0814],
			"rotation": {"angle": -22.5, "axis": "x", "origin": [8.0625, 0.84078, 8.0814]},
			"faces": {
				"north": {"uv": [0, 0, 4, 16], "texture": "#0"},
				"east": {"uv": [0, 0, 4, 16], "texture": "#0"},
				"south": {"uv": [0, 0, 4, 16], "texture": "#0"},
				"west": {"uv": [0, 0, 4, 16], "texture": "#0"},
				"up": {"uv": [0, 0, 4, 16], "texture": "#0"},
				"down": {"uv": [0, 0, 4, 16], "texture": "#0"}
			}
		},
		{
			"name": "bass 5",
			"from": [8.1875, 0.73435, 8.07787],
			"to": [8.25, 0.85935, 8.26537],
			"rotation": {"angle": -45, "axis": "x", "origin": [8.0625, 0.60935, 8.26537]},
			"faces": {
				"north": {"uv": [0, 0, 4, 16], "texture": "#0"},
				"east": {"uv": [0, 0, 4, 16], "texture": "#0"},
				"south": {"uv": [0, 0, 4, 16], "texture": "#0"},
				"west": {"uv": [0, 0, 4, 16], "texture": "#0"},
				"up": {"uv": [0, 0, 4, 16], "texture": "#0"},
				"down": {"uv": [0, 0, 4, 16], "texture": "#0"}
			}
		},
		{
			"name": "bass 6",
			"from": [8.1875, 0.45521, 8.09712],
			"to": [8.25, 0.64271, 8.22212],
			"rotation": {"angle": 22.5, "axis": "x", "origin": [8.0625, 0.64271, 8.34712]},
			"faces": {
				"north": {"uv": [0, 0, 4, 16], "texture": "#0"},
				"east": {"uv": [0, 0, 4, 16], "texture": "#0"},
				"south": {"uv": [0, 0, 4, 16], "texture": "#0"},
				"west": {"uv": [0, 0, 4, 16], "texture": "#0"},
				"up": {"uv": [0, 0, 4, 16], "texture": "#0"},
				"down": {"uv": [0, 0, 4, 16], "texture": "#0"}
			}
		},
		{
			"name": "bass 7",
			"from": [8.1875, 0.51732, 8.15988],
			"to": [8.25, 0.70482, 8.46512],
			"rotation": {"angle": 0, "axis": "x", "origin": [8.0625, 0.70482, 8.40988]},
			"faces": {
				"north": {"uv": [0, 0, 4, 16], "texture": "#0"},
				"east": {"uv": [0, 0, 4, 16], "texture": "#0"},
				"south": {"uv": [0, 0, 4, 16], "texture": "#0"},
				"west": {"uv": [0, 0, 4, 16], "texture": "#0"},
				"up": {"uv": [0, 0, 4, 16], "texture": "#0"},
				"down": {"uv": [0, 0, 4, 16], "texture": "#0"}
			}
		},
		{
			"name": "bass 7",
			"from": [8.1875, 0.55243, 8.36562],
			"to": [8.25, 0.73993, 8.49062],
			"rotation": {"angle": -22.5, "axis": "x", "origin": [8.0625, 0.78498, 8.50362]},
			"faces": {
				"north": {"uv": [0, 0, 4, 16], "texture": "#0"},
				"east": {"uv": [0, 0, 4, 16], "texture": "#0"},
				"south": {"uv": [0, 0, 4, 16], "texture": "#0"},
				"west": {"uv": [0, 0, 4, 16], "texture": "#0"},
				"up": {"uv": [0, 0, 4, 16], "texture": "#0"},
				"down": {"uv": [0, 0, 4, 16], "texture": "#0"}
			}
		},
		{
			"name": "bass 6",
			"from": [8.1875, 0.68398, 8.52599],
			"to": [8.25, 0.80898, 8.71349],
			"rotation": {"angle": 45, "axis": "x", "origin": [8.0625, 0.78498, 8.50362]},
			"faces": {
				"north": {"uv": [0, 0, 4, 16], "texture": "#0"},
				"east": {"uv": [0, 0, 4, 16], "texture": "#0"},
				"south": {"uv": [0, 0, 4, 16], "texture": "#0"},
				"west": {"uv": [0, 0, 4, 16], "texture": "#0"},
				"up": {"uv": [0, 0, 4, 16], "texture": "#0"},
				"down": {"uv": [0, 0, 4, 16], "texture": "#0"}
			}
		},
		{
			"name": "bass 5",
			"from": [8.1875, 0.72684, 8.5192],
			"to": [8.25, 1.10184, 8.7067],
			"rotation": {"angle": 22.5, "axis": "x", "origin": [8.0625, 0.78498, 8.50362]},
			"faces": {
				"north": {"uv": [0, 0, 4, 16], "texture": "#0"},
				"east": {"uv": [0, 0, 4, 16], "texture": "#0"},
				"south": {"uv": [0, 0, 4, 16], "texture": "#0"},
				"west": {"uv": [0, 0, 4, 16], "texture": "#0"},
				"up": {"uv": [0, 0, 4, 16], "texture": "#0"},
				"down": {"uv": [0, 0, 4, 16], "texture": "#0"}
			}
		},
		{
			"name": "bass 4",
			"from": [8.1875, 1, 8.625],
			"to": [8.25, 2, 8.8125],
			"rotation": {"angle": 0, "axis": "x", "origin": [8.0625, 1.5, 7.6875]},
			"faces": {
				"north": {"uv": [0, 0, 4, 16], "texture": "#0"},
				"east": {"uv": [0, 0, 4, 16], "texture": "#0"},
				"south": {"uv": [0, 0, 4, 16], "texture": "#0"},
				"west": {"uv": [0, 0, 4, 16], "texture": "#0"},
				"up": {"uv": [0, 0, 4, 16], "texture": "#0"},
				"down": {"uv": [0, 0, 4, 16], "texture": "#0"}
			}
		},
		{
			"name": "bass 3",
			"from": [7.75, 2, 8.625],
			"to": [7.8125, 9.25, 8.8125],
			"rotation": {"angle": 0, "axis": "y", "origin": [15.125, 13.5, 15.8125]},
			"faces": {
				"north": {"uv": [0, 0, 4, 16], "texture": "#0"},
				"east": {"uv": [0, 0, 4, 16], "texture": "#0"},
				"south": {"uv": [0, 0, 4, 16], "texture": "#0"},
				"west": {"uv": [0, 0, 4, 16], "texture": "#0"},
				"up": {"uv": [0, 0, 4, 16], "texture": "#0"},
				"down": {"uv": [0, 0, 4, 16], "texture": "#0"}
			}
		},
		{
			"name": "bass 4",
			"from": [7.75, 2, 7.8125],
			"to": [7.8125, 9.25, 8],
			"rotation": {"angle": 0, "axis": "y", "origin": [15.125, 13.5, 15.8125]},
			"faces": {
				"north": {"uv": [0, 0, 4, 16], "texture": "#0"},
				"east": {"uv": [0, 0, 4, 16], "texture": "#0"},
				"south": {"uv": [0, 0, 4, 16], "texture": "#0"},
				"west": {"uv": [0, 0, 4, 16], "texture": "#0"},
				"up": {"uv": [0, 0, 4, 16], "texture": "#0"},
				"down": {"uv": [0, 0, 4, 16], "texture": "#0"}
			}
		},
		{
			"name": "bass 4",
			"from": [7.75, 1, 7.8125],
			"to": [7.8125, 2, 8],
			"rotation": {"angle": 0, "axis": "x", "origin": [7.625, 1.5, 7.9375]},
			"faces": {
				"north": {"uv": [0, 0, 4, 16], "texture": "#0"},
				"east": {"uv": [0, 0, 4, 16], "texture": "#0"},
				"south": {"uv": [0, 0, 4, 16], "texture": "#0"},
				"west": {"uv": [0, 0, 4, 16], "texture": "#0"},
				"up": {"uv": [0, 0, 4, 16], "texture": "#0"},
				"down": {"uv": [0, 0, 4, 16], "texture": "#0"}
			}
		},
		{
			"name": "bass 5",
			"from": [7.75, 0.71578, 7.8939],
			"to": [7.8125, 1.09078, 8.0814],
			"rotation": {"angle": -22.5, "axis": "x", "origin": [7.625, 0.84078, 8.0814]},
			"faces": {
				"north": {"uv": [0, 0, 4, 16], "texture": "#0"},
				"east": {"uv": [0, 0, 4, 16], "texture": "#0"},
				"south": {"uv": [0, 0, 4, 16], "texture": "#0"},
				"west": {"uv": [0, 0, 4, 16], "texture": "#0"},
				"up": {"uv": [0, 0, 4, 16], "texture": "#0"},
				"down": {"uv": [0, 0, 4, 16], "texture": "#0"}
			}
		},
		{
			"name": "bass 6",
			"from": [7.75, 0.73435, 8.07787],
			"to": [7.8125, 0.85935, 8.26537],
			"rotation": {"angle": -45, "axis": "x", "origin": [7.625, 0.60935, 8.26537]},
			"faces": {
				"north": {"uv": [0, 0, 4, 16], "texture": "#0"},
				"east": {"uv": [0, 0, 4, 16], "texture": "#0"},
				"south": {"uv": [0, 0, 4, 16], "texture": "#0"},
				"west": {"uv": [0, 0, 4, 16], "texture": "#0"},
				"up": {"uv": [0, 0, 4, 16], "texture": "#0"},
				"down": {"uv": [0, 0, 4, 16], "texture": "#0"}
			}
		},
		{
			"name": "bass 7",
			"from": [7.75, 0.45521, 8.09712],
			"to": [7.8125, 0.64271, 8.22212],
			"rotation": {"angle": 22.5, "axis": "x", "origin": [7.625, 0.64271, 8.34712]},
			"faces": {
				"north": {"uv": [0, 0, 4, 16], "texture": "#0"},
				"east": {"uv": [0, 0, 4, 16], "texture": "#0"},
				"south": {"uv": [0, 0, 4, 16], "texture": "#0"},
				"west": {"uv": [0, 0, 4, 16], "texture": "#0"},
				"up": {"uv": [0, 0, 4, 16], "texture": "#0"},
				"down": {"uv": [0, 0, 4, 16], "texture": "#0"}
			}
		},
		{
			"name": "bass 8",
			"from": [7.75, 0.51732, 8.15988],
			"to": [7.8125, 0.70482, 8.46512],
			"rotation": {"angle": 0, "axis": "x", "origin": [7.625, 0.70482, 8.40988]},
			"faces": {
				"north": {"uv": [0, 0, 4, 16], "texture": "#0"},
				"east": {"uv": [0, 0, 4, 16], "texture": "#0"},
				"south": {"uv": [0, 0, 4, 16], "texture": "#0"},
				"west": {"uv": [0, 0, 4, 16], "texture": "#0"},
				"up": {"uv": [0, 0, 4, 16], "texture": "#0"},
				"down": {"uv": [0, 0, 4, 16], "texture": "#0"}
			}
		},
		{
			"name": "bass 8",
			"from": [7.75, 0.55243, 8.36562],
			"to": [7.8125, 0.73993, 8.49062],
			"rotation": {"angle": -22.5, "axis": "x", "origin": [7.625, 0.78498, 8.50362]},
			"faces": {
				"north": {"uv": [0, 0, 4, 16], "texture": "#0"},
				"east": {"uv": [0, 0, 4, 16], "texture": "#0"},
				"south": {"uv": [0, 0, 4, 16], "texture": "#0"},
				"west": {"uv": [0, 0, 4, 16], "texture": "#0"},
				"up": {"uv": [0, 0, 4, 16], "texture": "#0"},
				"down": {"uv": [0, 0, 4, 16], "texture": "#0"}
			}
		},
		{
			"name": "bass 7",
			"from": [7.75, 0.68398, 8.52599],
			"to": [7.8125, 0.80898, 8.71349],
			"rotation": {"angle": 45, "axis": "x", "origin": [7.625, 0.78498, 8.50362]},
			"faces": {
				"north": {"uv": [0, 0, 4, 16], "texture": "#0"},
				"east": {"uv": [0, 0, 4, 16], "texture": "#0"},
				"south": {"uv": [0, 0, 4, 16], "texture": "#0"},
				"west": {"uv": [0, 0, 4, 16], "texture": "#0"},
				"up": {"uv": [0, 0, 4, 16], "texture": "#0"},
				"down": {"uv": [0, 0, 4, 16], "texture": "#0"}
			}
		},
		{
			"name": "bass 6",
			"from": [7.75, 0.72684, 8.5192],
			"to": [7.8125, 1.10184, 8.7067],
			"rotation": {"angle": 22.5, "axis": "x", "origin": [7.625, 0.78498, 8.50362]},
			"faces": {
				"north": {"uv": [0, 0, 4, 16], "texture": "#0"},
				"east": {"uv": [0, 0, 4, 16], "texture": "#0"},
				"south": {"uv": [0, 0, 4, 16], "texture": "#0"},
				"west": {"uv": [0, 0, 4, 16], "texture": "#0"},
				"up": {"uv": [0, 0, 4, 16], "texture": "#0"},
				"down": {"uv": [0, 0, 4, 16], "texture": "#0"}
			}
		},
		{
			"name": "bass 5",
			"from": [7.75, 1, 8.625],
			"to": [7.8125, 2, 8.8125],
			"rotation": {"angle": 0, "axis": "x", "origin": [7.625, 1.5, 7.6875]},
			"faces": {
				"north": {"uv": [0, 0, 4, 16], "texture": "#0"},
				"east": {"uv": [0, 0, 4, 16], "texture": "#0"},
				"south": {"uv": [0, 0, 4, 16], "texture": "#0"},
				"west": {"uv": [0, 0, 4, 16], "texture": "#0"},
				"up": {"uv": [0, 0, 4, 16], "texture": "#0"},
				"down": {"uv": [0, 0, 4, 16], "texture": "#0"}
			}
		},
		{
			"name": "bass_1",
			"from": [7.6875, 8.375, 9.25],
			"to": [8.3125, 10.75, 10.0625],
			"rotation": {"angle": 0, "axis": "y", "origin": [8, 7.4375, 8.25]},
			"faces": {
				"north": {"uv": [4, 0, 8, 16], "texture": "#0"},
				"east": {"uv": [4, 0, 8, 16], "texture": "#0"},
				"south": {"uv": [4, 0, 8, 16], "texture": "#0"},
				"west": {"uv": [4, 0, 8, 16], "texture": "#0"},
				"up": {"uv": [4, 0, 8, 16], "texture": "#0"},
				"down": {"uv": [4, 0, 8, 16], "texture": "#0"}
			}
		},
		{
			"name": "bass_2",
			"from": [7.6875, 6, 9.3125],
			"to": [8.3125, 8.375, 10],
			"rotation": {"angle": 0, "axis": "y", "origin": [8, 7.4375, 8.25]},
			"faces": {
				"north": {"uv": [4, 0, 8, 16], "texture": "#0"},
				"east": {"uv": [4, 0, 8, 16], "texture": "#0"},
				"south": {"uv": [4, 0, 8, 16], "texture": "#0"},
				"west": {"uv": [4, 0, 8, 16], "texture": "#0"},
				"up": {"uv": [4, 0, 8, 16], "texture": "#0"},
				"down": {"uv": [4, 0, 8, 16], "texture": "#0"}
			}
		},
		{
			"name": "bass_3",
			"from": [7.6875, 8.25, 9.25],
			"to": [8.3125, 8.3125, 9.3125],
			"rotation": {"angle": 0, "axis": "y", "origin": [8, 7.4375, 8.25]},
			"faces": {
				"north": {"uv": [4, 0, 8, 16], "texture": "#0"},
				"east": {"uv": [4, 0, 8, 16], "texture": "#0"},
				"south": {"uv": [4, 0, 8, 16], "texture": "#0"},
				"west": {"uv": [4, 0, 8, 16], "texture": "#0"},
				"up": {"uv": [4, 0, 8, 16], "texture": "#0"},
				"down": {"uv": [4, 0, 8, 16], "texture": "#0"}
			}
		},
		{
			"name": "bass_4",
			"from": [7.6875, 8.25, 10],
			"to": [8.3125, 8.3125, 10.0625],
			"rotation": {"angle": 0, "axis": "y", "origin": [8, 7.4375, 9]},
			"faces": {
				"north": {"uv": [4, 0, 8, 16], "texture": "#0"},
				"east": {"uv": [4, 0, 8, 16], "texture": "#0"},
				"south": {"uv": [4, 0, 8, 16], "texture": "#0"},
				"west": {"uv": [4, 0, 8, 16], "texture": "#0"},
				"up": {"uv": [4, 0, 8, 16], "texture": "#0"},
				"down": {"uv": [4, 0, 8, 16], "texture": "#0"}
			}
		},
		{
			"name": "bass_4",
			"from": [7.6875, 7.875, 9.25],
			"to": [8.3125, 7.9375, 9.3125],
			"rotation": {"angle": 0, "axis": "y", "origin": [8, 7.0625, 8.25]},
			"faces": {
				"north": {"uv": [4, 0, 8, 16], "texture": "#0"},
				"east": {"uv": [4, 0, 8, 16], "texture": "#0"},
				"south": {"uv": [4, 0, 8, 16], "texture": "#0"},
				"west": {"uv": [4, 0, 8, 16], "texture": "#0"},
				"up": {"uv": [4, 0, 8, 16], "texture": "#0"},
				"down": {"uv": [4, 0, 8, 16], "texture": "#0"}
			}
		},
		{
			"name": "bass_5",
			"from": [7.6875, 7.875, 10],
			"to": [8.3125, 7.9375, 10.0625],
			"rotation": {"angle": 0, "axis": "y", "origin": [8, 7.0625, 9]},
			"faces": {
				"north": {"uv": [4, 0, 8, 16], "texture": "#0"},
				"east": {"uv": [4, 0, 8, 16], "texture": "#0"},
				"south": {"uv": [4, 0, 8, 16], "texture": "#0"},
				"west": {"uv": [4, 0, 8, 16], "texture": "#0"},
				"up": {"uv": [4, 0, 8, 16], "texture": "#0"},
				"down": {"uv": [4, 0, 8, 16], "texture": "#0"}
			}
		},
		{
			"name": "bass_5",
			"from": [7.6875, 7.5, 9.25],
			"to": [8.3125, 7.5625, 9.3125],
			"rotation": {"angle": 0, "axis": "y", "origin": [8, 6.6875, 8.25]},
			"faces": {
				"north": {"uv": [4, 0, 8, 16], "texture": "#0"},
				"east": {"uv": [4, 0, 8, 16], "texture": "#0"},
				"south": {"uv": [4, 0, 8, 16], "texture": "#0"},
				"west": {"uv": [4, 0, 8, 16], "texture": "#0"},
				"up": {"uv": [4, 0, 8, 16], "texture": "#0"},
				"down": {"uv": [4, 0, 8, 16], "texture": "#0"}
			}
		},
		{
			"name": "bass_6",
			"from": [7.6875, 7.5, 10],
			"to": [8.3125, 7.5625, 10.0625],
			"rotation": {"angle": 0, "axis": "y", "origin": [8, 6.6875, 9]},
			"faces": {
				"north": {"uv": [4, 0, 8, 16], "texture": "#0"},
				"east": {"uv": [4, 0, 8, 16], "texture": "#0"},
				"south": {"uv": [4, 0, 8, 16], "texture": "#0"},
				"west": {"uv": [4, 0, 8, 16], "texture": "#0"},
				"up": {"uv": [4, 0, 8, 16], "texture": "#0"},
				"down": {"uv": [4, 0, 8, 16], "texture": "#0"}
			}
		},
		{
			"name": "bass_6",
			"from": [7.6875, 7.125, 9.25],
			"to": [8.3125, 7.1875, 9.3125],
			"rotation": {"angle": 0, "axis": "y", "origin": [8, 6.3125, 8.25]},
			"faces": {
				"north": {"uv": [4, 0, 8, 16], "texture": "#0"},
				"east": {"uv": [4, 0, 8, 16], "texture": "#0"},
				"south": {"uv": [4, 0, 8, 16], "texture": "#0"},
				"west": {"uv": [4, 0, 8, 16], "texture": "#0"},
				"up": {"uv": [4, 0, 8, 16], "texture": "#0"},
				"down": {"uv": [4, 0, 8, 16], "texture": "#0"}
			}
		},
		{
			"name": "bass_7",
			"from": [7.6875, 7.125, 10],
			"to": [8.3125, 7.1875, 10.0625],
			"rotation": {"angle": 0, "axis": "y", "origin": [8, 6.3125, 9]},
			"faces": {
				"north": {"uv": [4, 0, 8, 16], "texture": "#0"},
				"east": {"uv": [4, 0, 8, 16], "texture": "#0"},
				"south": {"uv": [4, 0, 8, 16], "texture": "#0"},
				"west": {"uv": [4, 0, 8, 16], "texture": "#0"},
				"up": {"uv": [4, 0, 8, 16], "texture": "#0"},
				"down": {"uv": [4, 0, 8, 16], "texture": "#0"}
			}
		},
		{
			"name": "bass_7",
			"from": [7.6875, 6.75, 9.25],
			"to": [8.3125, 6.8125, 9.3125],
			"rotation": {"angle": 0, "axis": "y", "origin": [8, 5.9375, 8.25]},
			"faces": {
				"north": {"uv": [4, 0, 8, 16], "texture": "#0"},
				"east": {"uv": [4, 0, 8, 16], "texture": "#0"},
				"south": {"uv": [4, 0, 8, 16], "texture": "#0"},
				"west": {"uv": [4, 0, 8, 16], "texture": "#0"},
				"up": {"uv": [4, 0, 8, 16], "texture": "#0"},
				"down": {"uv": [4, 0, 8, 16], "texture": "#0"}
			}
		},
		{
			"name": "bass_8",
			"from": [7.6875, 6.75, 10],
			"to": [8.3125, 6.8125, 10.0625],
			"rotation": {"angle": 0, "axis": "y", "origin": [8, 5.9375, 9]},
			"faces": {
				"north": {"uv": [4, 0, 8, 16], "texture": "#0"},
				"east": {"uv": [4, 0, 8, 16], "texture": "#0"},
				"south": {"uv": [4, 0, 8, 16], "texture": "#0"},
				"west": {"uv": [4, 0, 8, 16], "texture": "#0"},
				"up": {"uv": [4, 0, 8, 16], "texture": "#0"},
				"down": {"uv": [4, 0, 8, 16], "texture": "#0"}
			}
		},
		{
			"name": "bass_8",
			"from": [7.6875, 6.375, 9.25],
			"to": [8.3125, 6.4375, 9.3125],
			"rotation": {"angle": 0, "axis": "y", "origin": [8, 5.5625, 8.25]},
			"faces": {
				"north": {"uv": [4, 0, 8, 16], "texture": "#0"},
				"east": {"uv": [4, 0, 8, 16], "texture": "#0"},
				"south": {"uv": [4, 0, 8, 16], "texture": "#0"},
				"west": {"uv": [4, 0, 8, 16], "texture": "#0"},
				"up": {"uv": [4, 0, 8, 16], "texture": "#0"},
				"down": {"uv": [4, 0, 8, 16], "texture": "#0"}
			}
		},
		{
			"name": "bass_9",
			"from": [7.6875, 6.375, 10],
			"to": [8.3125, 6.4375, 10.0625],
			"rotation": {"angle": 0, "axis": "y", "origin": [8, 5.5625, 9]},
			"faces": {
				"north": {"uv": [4, 0, 8, 16], "texture": "#0"},
				"east": {"uv": [4, 0, 8, 16], "texture": "#0"},
				"south": {"uv": [4, 0, 8, 16], "texture": "#0"},
				"west": {"uv": [4, 0, 8, 16], "texture": "#0"},
				"up": {"uv": [4, 0, 8, 16], "texture": "#0"},
				"down": {"uv": [4, 0, 8, 16], "texture": "#0"}
			}
		},
		{
			"name": "bass_4",
			"from": [7.6875, 8.125, 9.25],
			"to": [8.3125, 8.1875, 9.3125],
			"rotation": {"angle": 0, "axis": "y", "origin": [8, 7.4375, 8.25]},
			"faces": {
				"north": {"uv": [4, 0, 8, 16], "texture": "#0"},
				"east": {"uv": [4, 0, 8, 16], "texture": "#0"},
				"south": {"uv": [4, 0, 8, 16], "texture": "#0"},
				"west": {"uv": [4, 0, 8, 16], "texture": "#0"},
				"up": {"uv": [4, 0, 8, 16], "texture": "#0"},
				"down": {"uv": [4, 0, 8, 16], "texture": "#0"}
			}
		},
		{
			"name": "bass_5",
			"from": [7.6875, 8.125, 10],
			"to": [8.3125, 8.1875, 10.0625],
			"rotation": {"angle": 0, "axis": "y", "origin": [8, 7.4375, 9]},
			"faces": {
				"north": {"uv": [4, 0, 8, 16], "texture": "#0"},
				"east": {"uv": [4, 0, 8, 16], "texture": "#0"},
				"south": {"uv": [4, 0, 8, 16], "texture": "#0"},
				"west": {"uv": [4, 0, 8, 16], "texture": "#0"},
				"up": {"uv": [4, 0, 8, 16], "texture": "#0"},
				"down": {"uv": [4, 0, 8, 16], "texture": "#0"}
			}
		},
		{
			"name": "bass_5",
			"from": [7.6875, 7.75, 9.25],
			"to": [8.3125, 7.8125, 9.3125],
			"rotation": {"angle": 0, "axis": "y", "origin": [8, 7.0625, 8.25]},
			"faces": {
				"north": {"uv": [4, 0, 8, 16], "texture": "#0"},
				"east": {"uv": [4, 0, 8, 16], "texture": "#0"},
				"south": {"uv": [4, 0, 8, 16], "texture": "#0"},
				"west": {"uv": [4, 0, 8, 16], "texture": "#0"},
				"up": {"uv": [4, 0, 8, 16], "texture": "#0"},
				"down": {"uv": [4, 0, 8, 16], "texture": "#0"}
			}
		},
		{
			"name": "bass_6",
			"from": [7.6875, 7.75, 10],
			"to": [8.3125, 7.8125, 10.0625],
			"rotation": {"angle": 0, "axis": "y", "origin": [8, 7.0625, 9]},
			"faces": {
				"north": {"uv": [4, 0, 8, 16], "texture": "#0"},
				"east": {"uv": [4, 0, 8, 16], "texture": "#0"},
				"south": {"uv": [4, 0, 8, 16], "texture": "#0"},
				"west": {"uv": [4, 0, 8, 16], "texture": "#0"},
				"up": {"uv": [4, 0, 8, 16], "texture": "#0"},
				"down": {"uv": [4, 0, 8, 16], "texture": "#0"}
			}
		},
		{
			"name": "bass_6",
			"from": [7.6875, 7.375, 9.25],
			"to": [8.3125, 7.4375, 9.3125],
			"rotation": {"angle": 0, "axis": "y", "origin": [8, 6.6875, 8.25]},
			"faces": {
				"north": {"uv": [4, 0, 8, 16], "texture": "#0"},
				"east": {"uv": [4, 0, 8, 16], "texture": "#0"},
				"south": {"uv": [4, 0, 8, 16], "texture": "#0"},
				"west": {"uv": [4, 0, 8, 16], "texture": "#0"},
				"up": {"uv": [4, 0, 8, 16], "texture": "#0"},
				"down": {"uv": [4, 0, 8, 16], "texture": "#0"}
			}
		},
		{
			"name": "bass_7",
			"from": [7.6875, 7.375, 10],
			"to": [8.3125, 7.4375, 10.0625],
			"rotation": {"angle": 0, "axis": "y", "origin": [8, 6.6875, 9]},
			"faces": {
				"north": {"uv": [4, 0, 8, 16], "texture": "#0"},
				"east": {"uv": [4, 0, 8, 16], "texture": "#0"},
				"south": {"uv": [4, 0, 8, 16], "texture": "#0"},
				"west": {"uv": [4, 0, 8, 16], "texture": "#0"},
				"up": {"uv": [4, 0, 8, 16], "texture": "#0"},
				"down": {"uv": [4, 0, 8, 16], "texture": "#0"}
			}
		},
		{
			"name": "bass_7",
			"from": [7.6875, 7, 9.25],
			"to": [8.3125, 7.0625, 9.3125],
			"rotation": {"angle": 0, "axis": "y", "origin": [8, 6.3125, 8.25]},
			"faces": {
				"north": {"uv": [4, 0, 8, 16], "texture": "#0"},
				"east": {"uv": [4, 0, 8, 16], "texture": "#0"},
				"south": {"uv": [4, 0, 8, 16], "texture": "#0"},
				"west": {"uv": [4, 0, 8, 16], "texture": "#0"},
				"up": {"uv": [4, 0, 8, 16], "texture": "#0"},
				"down": {"uv": [4, 0, 8, 16], "texture": "#0"}
			}
		},
		{
			"name": "bass_8",
			"from": [7.6875, 7, 10],
			"to": [8.3125, 7.0625, 10.0625],
			"rotation": {"angle": 0, "axis": "y", "origin": [8, 6.3125, 9]},
			"faces": {
				"north": {"uv": [4, 0, 8, 16], "texture": "#0"},
				"east": {"uv": [4, 0, 8, 16], "texture": "#0"},
				"south": {"uv": [4, 0, 8, 16], "texture": "#0"},
				"west": {"uv": [4, 0, 8, 16], "texture": "#0"},
				"up": {"uv": [4, 0, 8, 16], "texture": "#0"},
				"down": {"uv": [4, 0, 8, 16], "texture": "#0"}
			}
		},
		{
			"name": "bass_8",
			"from": [7.6875, 6.625, 9.25],
			"to": [8.3125, 6.6875, 9.3125],
			"rotation": {"angle": 0, "axis": "y", "origin": [8, 5.9375, 8.25]},
			"faces": {
				"north": {"uv": [4, 0, 8, 16], "texture": "#0"},
				"east": {"uv": [4, 0, 8, 16], "texture": "#0"},
				"south": {"uv": [4, 0, 8, 16], "texture": "#0"},
				"west": {"uv": [4, 0, 8, 16], "texture": "#0"},
				"up": {"uv": [4, 0, 8, 16], "texture": "#0"},
				"down": {"uv": [4, 0, 8, 16], "texture": "#0"}
			}
		},
		{
			"name": "bass_9",
			"from": [7.6875, 6.625, 10],
			"to": [8.3125, 6.6875, 10.0625],
			"rotation": {"angle": 0, "axis": "y", "origin": [8, 5.9375, 9]},
			"faces": {
				"north": {"uv": [4, 0, 8, 16], "texture": "#0"},
				"east": {"uv": [4, 0, 8, 16], "texture": "#0"},
				"south": {"uv": [4, 0, 8, 16], "texture": "#0"},
				"west": {"uv": [4, 0, 8, 16], "texture": "#0"},
				"up": {"uv": [4, 0, 8, 16], "texture": "#0"},
				"down": {"uv": [4, 0, 8, 16], "texture": "#0"}
			}
		},
		{
			"name": "bass_9",
			"from": [7.6875, 6.25, 9.25],
			"to": [8.3125, 6.3125, 9.3125],
			"rotation": {"angle": 0, "axis": "y", "origin": [8, 5.5625, 8.25]},
			"faces": {
				"north": {"uv": [4, 0, 8, 16], "texture": "#0"},
				"east": {"uv": [4, 0, 8, 16], "texture": "#0"},
				"south": {"uv": [4, 0, 8, 16], "texture": "#0"},
				"west": {"uv": [4, 0, 8, 16], "texture": "#0"},
				"up": {"uv": [4, 0, 8, 16], "texture": "#0"},
				"down": {"uv": [4, 0, 8, 16], "texture": "#0"}
			}
		},
		{
			"name": "bass_10",
			"from": [7.6875, 6.25, 10],
			"to": [8.3125, 6.3125, 10.0625],
			"rotation": {"angle": 0, "axis": "y", "origin": [8, 5.5625, 9]},
			"faces": {
				"north": {"uv": [4, 0, 8, 16], "texture": "#0"},
				"east": {"uv": [4, 0, 8, 16], "texture": "#0"},
				"south": {"uv": [4, 0, 8, 16], "texture": "#0"},
				"west": {"uv": [4, 0, 8, 16], "texture": "#0"},
				"up": {"uv": [4, 0, 8, 16], "texture": "#0"},
				"down": {"uv": [4, 0, 8, 16], "texture": "#0"}
			}
		},
		{
			"name": "bass_5",
			"from": [7.6875, 8, 9.25],
			"to": [8.3125, 8.0625, 9.3125],
			"rotation": {"angle": 0, "axis": "y", "origin": [8, 7.4375, 8.25]},
			"faces": {
				"north": {"uv": [4, 0, 8, 16], "texture": "#0"},
				"east": {"uv": [4, 0, 8, 16], "texture": "#0"},
				"south": {"uv": [4, 0, 8, 16], "texture": "#0"},
				"west": {"uv": [4, 0, 8, 16], "texture": "#0"},
				"up": {"uv": [4, 0, 8, 16], "texture": "#0"},
				"down": {"uv": [4, 0, 8, 16], "texture": "#0"}
			}
		},
		{
			"name": "bass_6",
			"from": [7.6875, 8, 10],
			"to": [8.3125, 8.0625, 10.0625],
			"rotation": {"angle": 0, "axis": "y", "origin": [8, 7.4375, 9]},
			"faces": {
				"north": {"uv": [4, 0, 8, 16], "texture": "#0"},
				"east": {"uv": [4, 0, 8, 16], "texture": "#0"},
				"south": {"uv": [4, 0, 8, 16], "texture": "#0"},
				"west": {"uv": [4, 0, 8, 16], "texture": "#0"},
				"up": {"uv": [4, 0, 8, 16], "texture": "#0"},
				"down": {"uv": [4, 0, 8, 16], "texture": "#0"}
			}
		},
		{
			"name": "bass_6",
			"from": [7.6875, 7.625, 9.25],
			"to": [8.3125, 7.6875, 9.3125],
			"rotation": {"angle": 0, "axis": "y", "origin": [8, 7.0625, 8.25]},
			"faces": {
				"north": {"uv": [4, 0, 8, 16], "texture": "#0"},
				"east": {"uv": [4, 0, 8, 16], "texture": "#0"},
				"south": {"uv": [4, 0, 8, 16], "texture": "#0"},
				"west": {"uv": [4, 0, 8, 16], "texture": "#0"},
				"up": {"uv": [4, 0, 8, 16], "texture": "#0"},
				"down": {"uv": [4, 0, 8, 16], "texture": "#0"}
			}
		},
		{
			"name": "bass_7",
			"from": [7.6875, 7.625, 10],
			"to": [8.3125, 7.6875, 10.0625],
			"rotation": {"angle": 0, "axis": "y", "origin": [8, 7.0625, 9]},
			"faces": {
				"north": {"uv": [4, 0, 8, 16], "texture": "#0"},
				"east": {"uv": [4, 0, 8, 16], "texture": "#0"},
				"south": {"uv": [4, 0, 8, 16], "texture": "#0"},
				"west": {"uv": [4, 0, 8, 16], "texture": "#0"},
				"up": {"uv": [4, 0, 8, 16], "texture": "#0"},
				"down": {"uv": [4, 0, 8, 16], "texture": "#0"}
			}
		},
		{
			"name": "bass_7",
			"from": [7.6875, 7.25, 9.25],
			"to": [8.3125, 7.3125, 9.3125],
			"rotation": {"angle": 0, "axis": "y", "origin": [8, 6.6875, 8.25]},
			"faces": {
				"north": {"uv": [4, 0, 8, 16], "texture": "#0"},
				"east": {"uv": [4, 0, 8, 16], "texture": "#0"},
				"south": {"uv": [4, 0, 8, 16], "texture": "#0"},
				"west": {"uv": [4, 0, 8, 16], "texture": "#0"},
				"up": {"uv": [4, 0, 8, 16], "texture": "#0"},
				"down": {"uv": [4, 0, 8, 16], "texture": "#0"}
			}
		},
		{
			"name": "bass_8",
			"from": [7.6875, 7.25, 10],
			"to": [8.3125, 7.3125, 10.0625],
			"rotation": {"angle": 0, "axis": "y", "origin": [8, 6.6875, 9]},
			"faces": {
				"north": {"uv": [4, 0, 8, 16], "texture": "#0"},
				"east": {"uv": [4, 0, 8, 16], "texture": "#0"},
				"south": {"uv": [4, 0, 8, 16], "texture": "#0"},
				"west": {"uv": [4, 0, 8, 16], "texture": "#0"},
				"up": {"uv": [4, 0, 8, 16], "texture": "#0"},
				"down": {"uv": [4, 0, 8, 16], "texture": "#0"}
			}
		},
		{
			"name": "bass_8",
			"from": [7.6875, 6.875, 9.25],
			"to": [8.3125, 6.9375, 9.3125],
			"rotation": {"angle": 0, "axis": "y", "origin": [8, 6.3125, 8.25]},
			"faces": {
				"north": {"uv": [4, 0, 8, 16], "texture": "#0"},
				"east": {"uv": [4, 0, 8, 16], "texture": "#0"},
				"south": {"uv": [4, 0, 8, 16], "texture": "#0"},
				"west": {"uv": [4, 0, 8, 16], "texture": "#0"},
				"up": {"uv": [4, 0, 8, 16], "texture": "#0"},
				"down": {"uv": [4, 0, 8, 16], "texture": "#0"}
			}
		},
		{
			"name": "bass_9",
			"from": [7.6875, 6.875, 10],
			"to": [8.3125, 6.9375, 10.0625],
			"rotation": {"angle": 0, "axis": "y", "origin": [8, 6.3125, 9]},
			"faces": {
				"north": {"uv": [4, 0, 8, 16], "texture": "#0"},
				"east": {"uv": [4, 0, 8, 16], "texture": "#0"},
				"south": {"uv": [4, 0, 8, 16], "texture": "#0"},
				"west": {"uv": [4, 0, 8, 16], "texture": "#0"},
				"up": {"uv": [4, 0, 8, 16], "texture": "#0"},
				"down": {"uv": [4, 0, 8, 16], "texture": "#0"}
			}
		},
		{
			"name": "bass_9",
			"from": [7.6875, 6.5, 9.25],
			"to": [8.3125, 6.5625, 9.3125],
			"rotation": {"angle": 0, "axis": "y", "origin": [8, 5.9375, 8.25]},
			"faces": {
				"north": {"uv": [4, 0, 8, 16], "texture": "#0"},
				"east": {"uv": [4, 0, 8, 16], "texture": "#0"},
				"south": {"uv": [4, 0, 8, 16], "texture": "#0"},
				"west": {"uv": [4, 0, 8, 16], "texture": "#0"},
				"up": {"uv": [4, 0, 8, 16], "texture": "#0"},
				"down": {"uv": [4, 0, 8, 16], "texture": "#0"}
			}
		},
		{
			"name": "bass_10",
			"from": [7.6875, 6.5, 10],
			"to": [8.3125, 6.5625, 10.0625],
			"rotation": {"angle": 0, "axis": "y", "origin": [8, 5.9375, 9]},
			"faces": {
				"north": {"uv": [4, 0, 8, 16], "texture": "#0"},
				"east": {"uv": [4, 0, 8, 16], "texture": "#0"},
				"south": {"uv": [4, 0, 8, 16], "texture": "#0"},
				"west": {"uv": [4, 0, 8, 16], "texture": "#0"},
				"up": {"uv": [4, 0, 8, 16], "texture": "#0"},
				"down": {"uv": [4, 0, 8, 16], "texture": "#0"}
			}
		},
		{
			"name": "bass_10",
			"from": [7.6875, 6.125, 9.25],
			"to": [8.3125, 6.1875, 9.3125],
			"rotation": {"angle": 0, "axis": "y", "origin": [8, 5.5625, 8.25]},
			"faces": {
				"north": {"uv": [4, 0, 8, 16], "texture": "#0"},
				"east": {"uv": [4, 0, 8, 16], "texture": "#0"},
				"south": {"uv": [4, 0, 8, 16], "texture": "#0"},
				"west": {"uv": [4, 0, 8, 16], "texture": "#0"},
				"up": {"uv": [4, 0, 8, 16], "texture": "#0"},
				"down": {"uv": [4, 0, 8, 16], "texture": "#0"}
			}
		},
		{
			"name": "bass_11",
			"from": [7.6875, 6.125, 10],
			"to": [8.3125, 6.1875, 10.0625],
			"rotation": {"angle": 0, "axis": "y", "origin": [8, 5.5625, 9]},
			"faces": {
				"north": {"uv": [4, 0, 8, 16], "texture": "#0"},
				"east": {"uv": [4, 0, 8, 16], "texture": "#0"},
				"south": {"uv": [4, 0, 8, 16], "texture": "#0"},
				"west": {"uv": [4, 0, 8, 16], "texture": "#0"},
				"up": {"uv": [4, 0, 8, 16], "texture": "#0"},
				"down": {"uv": [4, 0, 8, 16], "texture": "#0"}
			}
		},
		{
			"name": "bass_11",
			"from": [7.6875, 6, 9.25],
			"to": [8.3125, 6.0625, 9.3125],
			"rotation": {"angle": 0, "axis": "y", "origin": [8, 5.5625, 8.25]},
			"faces": {
				"north": {"uv": [4, 0, 8, 16], "texture": "#0"},
				"east": {"uv": [4, 0, 8, 16], "texture": "#0"},
				"south": {"uv": [4, 0, 8, 16], "texture": "#0"},
				"west": {"uv": [4, 0, 8, 16], "texture": "#0"},
				"up": {"uv": [4, 0, 8, 16], "texture": "#0"},
				"down": {"uv": [4, 0, 8, 16], "texture": "#0"}
			}
		},
		{
			"name": "bass_12",
			"from": [7.6875, 6, 10],
			"to": [8.3125, 6.0625, 10.0625],
			"rotation": {"angle": 0, "axis": "y", "origin": [8, 5.5625, 9]},
			"faces": {
				"north": {"uv": [4, 0, 8, 16], "texture": "#0"},
				"east": {"uv": [4, 0, 8, 16], "texture": "#0"},
				"south": {"uv": [4, 0, 8, 16], "texture": "#0"},
				"west": {"uv": [4, 0, 8, 16], "texture": "#0"},
				"up": {"uv": [4, 0, 8, 16], "texture": "#0"},
				"down": {"uv": [4, 0, 8, 16], "texture": "#0"}
			}
		},
		{
			"name": "bass_12",
			"from": [7.6875, 5.87018, 9.28826],
			"to": [8.3125, 5.93268, 9.35076],
			"rotation": {"angle": -22.5, "axis": "x", "origin": [8, 5.90143, 9.31951]},
			"faces": {
				"north": {"uv": [4, 0, 8, 16], "texture": "#0"},
				"east": {"uv": [4, 0, 8, 16], "texture": "#0"},
				"south": {"uv": [4, 0, 8, 16], "texture": "#0"},
				"west": {"uv": [4, 0, 8, 16], "texture": "#0"},
				"up": {"uv": [4, 0, 8, 16], "texture": "#0"},
				"down": {"uv": [4, 0, 8, 16], "texture": "#0"}
			}
		},
		{
			"name": "bass_13",
			"from": [7.6875, 5.76488, 9.37328],
			"to": [8.3125, 5.82738, 9.43578],
			"rotation": {"angle": -45, "axis": "x", "origin": [8, 5.79613, 9.40453]},
			"faces": {
				"north": {"uv": [4, 0, 8, 16], "texture": "#0"},
				"east": {"uv": [4, 0, 8, 16], "texture": "#0"},
				"south": {"uv": [4, 0, 8, 16], "texture": "#0"},
				"west": {"uv": [4, 0, 8, 16], "texture": "#0"},
				"up": {"uv": [4, 0, 8, 16], "texture": "#0"},
				"down": {"uv": [4, 0, 8, 16], "texture": "#0"}
			}
		},
		{
			"name": "bass_14",
			"from": [7.6875, 5.70013, 9.49213],
			"to": [8.3125, 5.76263, 9.55463],
			"rotation": {"angle": 22.5, "axis": "x", "origin": [8, 5.73138, 9.52338]},
			"faces": {
				"north": {"uv": [4, 0, 8, 16], "rotation": 180, "texture": "#0"},
				"east": {"uv": [4, 0, 8, 16], "rotation": 90, "texture": "#0"},
				"south": {"uv": [4, 0, 8, 16], "texture": "#0"},
				"west": {"uv": [4, 0, 8, 16], "rotation": 270, "texture": "#0"},
				"up": {"uv": [4, 0, 8, 16], "texture": "#0"},
				"down": {"uv": [4, 0, 8, 16], "rotation": 180, "texture": "#0"}
			}
		},
		{
			"name": "bass_15",
			"from": [7.6875, 5.68579, 9.62671],
			"to": [8.3125, 5.74829, 9.68921],
			"rotation": {"angle": 0, "axis": "x", "origin": [8, 5.71704, 9.72046]},
			"faces": {
				"north": {"uv": [4, 0, 8, 16], "rotation": 180, "texture": "#0"},
				"east": {"uv": [4, 0, 8, 16], "rotation": 90, "texture": "#0"},
				"south": {"uv": [4, 0, 8, 16], "texture": "#0"},
				"west": {"uv": [4, 0, 8, 16], "rotation": 270, "texture": "#0"},
				"up": {"uv": [4, 0, 8, 16], "texture": "#0"},
				"down": {"uv": [4, 0, 8, 16], "rotation": 180, "texture": "#0"}
			}
		},
		{
			"name": "bass_16",
			"from": [7.6875, 5.72405, 9.78361],
			"to": [8.3125, 5.78655, 9.84611],
			"rotation": {"angle": -22.5, "axis": "x", "origin": [8, 5.7553, 9.84686]},
			"faces": {
				"north": {"uv": [4, 0, 8, 16], "rotation": 180, "texture": "#0"},
				"east": {"uv": [4, 0, 8, 16], "rotation": 90, "texture": "#0"},
				"south": {"uv": [4, 0, 8, 16], "texture": "#0"},
				"west": {"uv": [4, 0, 8, 16], "rotation": 270, "texture": "#0"},
				"up": {"uv": [4, 0, 8, 16], "texture": "#0"},
				"down": {"uv": [4, 0, 8, 16], "rotation": 180, "texture": "#0"}
			}
		},
		{
			"name": "bass_17",
			"from": [7.6875, 5.80907, 9.88891],
			"to": [8.3125, 5.87157, 9.95141],
			"rotation": {"angle": -45, "axis": "x", "origin": [8, 5.84032, 9.95216]},
			"faces": {
				"north": {"uv": [4, 0, 8, 16], "rotation": 180, "texture": "#0"},
				"east": {"uv": [4, 0, 8, 16], "rotation": 90, "texture": "#0"},
				"south": {"uv": [4, 0, 8, 16], "texture": "#0"},
				"west": {"uv": [4, 0, 8, 16], "rotation": 270, "texture": "#0"},
				"up": {"uv": [4, 0, 8, 16], "texture": "#0"},
				"down": {"uv": [4, 0, 8, 16], "rotation": 180, "texture": "#0"}
			}
		},
		{
			"name": "bass_18",
			"from": [7.6875, 5.89592, 9.98566],
			"to": [8.3125, 5.95842, 10.04816],
			"rotation": {"angle": 22.5, "axis": "x", "origin": [8, 5.95917, 10.01691]},
			"faces": {
				"north": {"uv": [4, 0, 8, 16], "rotation": 180, "texture": "#0"},
				"east": {"uv": [4, 0, 8, 16], "rotation": 180, "texture": "#0"},
				"south": {"uv": [4, 0, 8, 16], "rotation": 180, "texture": "#0"},
				"west": {"uv": [4, 0, 8, 16], "rotation": 180, "texture": "#0"},
				"up": {"uv": [4, 0, 8, 16], "texture": "#0"},
				"down": {"uv": [4, 0, 8, 16], "texture": "#0"}
			}
		},
		{
			"name": "bass_3",
			"from": [7.6875, 6.09694, 9.74077],
			"to": [8.3125, 6.22194, 9.92827],
			"rotation": {"angle": -22.5, "axis": "x", "origin": [8, 5.03444, 10.08452]},
			"faces": {
				"north": {"uv": [4, 0, 8, 16], "texture": "#0"},
				"east": {"uv": [4, 0, 8, 16], "texture": "#0"},
				"south": {"uv": [4, 0, 8, 16], "texture": "#0"},
				"west": {"uv": [4, 0, 8, 16], "texture": "#0"},
				"up": {"uv": [4, 0, 8, 16], "texture": "#0"},
				"down": {"uv": [4, 0, 8, 16], "texture": "#0"}
			}
		},
		{
			"name": "bass_4",
			"from": [7.6875, 5.93211, 9.76714],
			"to": [8.3125, 6.05711, 9.95464],
			"rotation": {"angle": 22.5, "axis": "x", "origin": [8, 5.91452, 9.83377]},
			"faces": {
				"north": {"uv": [4, 0, 8, 16], "texture": "#0"},
				"east": {"uv": [4, 0, 8, 16], "texture": "#0"},
				"south": {"uv": [4, 0, 8, 16], "texture": "#0"},
				"west": {"uv": [4, 0, 8, 16], "texture": "#0"},
				"up": {"uv": [4, 0, 8, 16], "rotation": 180, "texture": "#0"},
				"down": {"uv": [4, 0, 8, 16], "rotation": 180, "texture": "#0"}
			}
		},
		{
			"name": "bass_4",
			"from": [7.6875, 5.85327, 9.39917],
			"to": [8.3125, 5.97827, 9.63467],
			"rotation": {"angle": -45, "axis": "x", "origin": [8, 5.88452, 9.49292]},
			"faces": {
				"north": {"uv": [4, 0, 8, 16], "texture": "#0"},
				"east": {"uv": [4, 0, 8, 16], "texture": "#0"},
				"south": {"uv": [4, 0, 8, 16], "texture": "#0"},
				"west": {"uv": [4, 0, 8, 16], "texture": "#0"},
				"up": {"uv": [4, 0, 8, 16], "texture": "#0"},
				"down": {"uv": [4, 0, 8, 16], "texture": "#0"}
			}
		},
		{
			"name": "bass_5",
			"from": [7.6875, 5.85202, 9.70321],
			"to": [8.3125, 5.97702, 9.93871],
			"rotation": {"angle": 45, "axis": "x", "origin": [8, 5.91452, 9.83377]},
			"faces": {
				"north": {"uv": [4, 0, 8, 16], "texture": "#0"},
				"east": {"uv": [4, 0, 8, 16], "texture": "#0"},
				"south": {"uv": [4, 0, 8, 16], "texture": "#0"},
				"west": {"uv": [4, 0, 8, 16], "texture": "#0"},
				"up": {"uv": [4, 0, 8, 16], "rotation": 180, "texture": "#0"},
				"down": {"uv": [4, 0, 8, 16], "rotation": 180, "texture": "#0"}
			}
		},
		{
			"name": "bass_5",
			"from": [7.6875, 5.75311, 9.47746],
			"to": [8.3125, 5.94061, 9.60246],
			"rotation": {"angle": 22.5, "axis": "x", "origin": [8, 5.84686, 9.57121]},
			"faces": {
				"north": {"uv": [4, 0, 8, 16], "rotation": 180, "texture": "#0"},
				"east": {"uv": [4, 0, 8, 16], "rotation": 90, "texture": "#0"},
				"south": {"uv": [4, 0, 8, 16], "texture": "#0"},
				"west": {"uv": [4, 0, 8, 16], "rotation": 270, "texture": "#0"},
				"up": {"uv": [4, 0, 8, 16], "texture": "#0"},
				"down": {"uv": [4, 0, 8, 16], "rotation": 180, "texture": "#0"}
			}
		},
		{
			"name": "bass_6",
			"from": [7.6875, 5.79366, 9.69118],
			"to": [8.3125, 5.98116, 9.81618],
			"rotation": {"angle": -22.5, "axis": "x", "origin": [8, 5.91452, 9.83377]},
			"faces": {
				"north": {"uv": [4, 0, 8, 16], "texture": "#0"},
				"east": {"uv": [4, 0, 8, 16], "rotation": 270, "texture": "#0"},
				"south": {"uv": [4, 0, 8, 16], "rotation": 180, "texture": "#0"},
				"west": {"uv": [4, 0, 8, 16], "rotation": 90, "texture": "#0"},
				"up": {"uv": [4, 0, 8, 16], "rotation": 180, "texture": "#0"},
				"down": {"uv": [4, 0, 8, 16], "texture": "#0"}
			}
		},
		{
			"name": "bass_6",
			"from": [7.6875, 5.74829, 9.56421],
			"to": [8.3125, 5.99979, 9.75171],
			"rotation": {"angle": 0, "axis": "x", "origin": [8, 5.84204, 9.65796]},
			"faces": {
				"north": {"uv": [4, 0, 8, 16], "rotation": 180, "texture": "#0"},
				"east": {"uv": [4, 0, 8, 16], "rotation": 90, "texture": "#0"},
				"south": {"uv": [4, 0, 8, 16], "texture": "#0"},
				"west": {"uv": [4, 0, 8, 16], "rotation": 270, "texture": "#0"},
				"up": {"uv": [4, 0, 8, 16], "texture": "#0"},
				"down": {"uv": [4, 0, 8, 16], "rotation": 180, "texture": "#0"}
			}
		},
		{
			"name": "bass_2",
			"from": [7.6875, 10.56599, 9.13742],
			"to": [8.3125, 11.06599, 9.94992],
			"rotation": {"angle": -22.5, "axis": "x", "origin": [8, 10.94099, 9.54367]},
			"faces": {
				"north": {"uv": [4, 0, 8, 16], "texture": "#0"},
				"east": {"uv": [4, 0, 8, 16], "texture": "#0"},
				"south": {"uv": [4, 0, 8, 16], "texture": "#0"},
				"west": {"uv": [4, 0, 8, 16], "texture": "#0"},
				"up": {"uv": [4, 0, 8, 16], "texture": "#0"},
				"down": {"uv": [4, 0, 8, 16], "texture": "#0"}
			}
		},
		{
			"name": "bass_3",
			"from": [7.6875, 10.81484, 8.91248],
			"to": [8.3125, 11.31484, 9.72498],
			"rotation": {"angle": -45, "axis": "x", "origin": [8, 11.18984, 9.31873]},
			"faces": {
				"north": {"uv": [4, 0, 8, 16], "texture": "#0"},
				"east": {"uv": [4, 0, 8, 16], "texture": "#0"},
				"south": {"uv": [4, 0, 8, 16], "texture": "#0"},
				"west": {"uv": [4, 0, 8, 16], "texture": "#0"},
				"up": {"uv": [4, 0, 8, 16], "texture": "#0"},
				"down": {"uv": [4, 0, 8, 16], "texture": "#0"}
			}
		},
		{
			"name": "bass_4",
			"from": [7.6875, 10.92742, 8.89068],
			"to": [8.3125, 11.73992, 9.39068],
			"rotation": {"angle": 22.5, "axis": "x", "origin": [8, 11.33367, 9.01568]},
			"faces": {
				"north": {"uv": [4, 0, 8, 16], "texture": "#0"},
				"east": {"uv": [4, 0, 8, 16], "texture": "#0"},
				"south": {"uv": [4, 0, 8, 16], "texture": "#0"},
				"west": {"uv": [4, 0, 8, 16], "texture": "#0"},
				"up": {"uv": [4, 0, 8, 16], "texture": "#0"},
				"down": {"uv": [4, 0, 8, 16], "texture": "#0"}
			}
		},
		{
			"name": "bass_5",
			"from": [7.6875, 10.94433, 8.55567],
			"to": [8.3125, 11.75683, 9.05567],
			"rotation": {"angle": 0, "axis": "x", "origin": [8, 11.35058, 8.68067]},
			"faces": {
				"north": {"uv": [4, 0, 8, 16], "texture": "#0"},
				"east": {"uv": [4, 0, 8, 16], "texture": "#0"},
				"south": {"uv": [4, 0, 8, 16], "texture": "#0"},
				"west": {"uv": [4, 0, 8, 16], "texture": "#0"},
				"up": {"uv": [4, 0, 8, 16], "texture": "#0"},
				"down": {"uv": [4, 0, 8, 16], "texture": "#0"}
			}
		},
		{
			"name": "bass_6",
			"from": [7.6875, 10.94433, 7.49317],
			"to": [8.3125, 11.31933, 8.55567],
			"rotation": {"angle": 0, "axis": "x", "origin": [8, 11.35058, 8.80567]},
			"faces": {
				"north": {"uv": [4, 0, 8, 16], "texture": "#0"},
				"east": {"uv": [4, 0, 8, 16], "texture": "#0"},
				"south": {"uv": [4, 0, 8, 16], "texture": "#0"},
				"west": {"uv": [4, 0, 8, 16], "texture": "#0"},
				"up": {"uv": [4, 0, 8, 16], "texture": "#0"},
				"down": {"uv": [4, 0, 8, 16], "texture": "#0"}
			}
		},
		{
			"name": "bass_7",
			"from": [7.6875, 10.38183, 7.49317],
			"to": [8.3125, 10.75683, 9.00917],
			"rotation": {"angle": 0, "axis": "x", "origin": [8, 11.78808, 8.80567]},
			"faces": {
				"north": {"uv": [4, 0, 8, 16], "texture": "#0"},
				"east": {"uv": [4, 0, 8, 16], "texture": "#0"},
				"south": {"uv": [4, 0, 8, 16], "texture": "#0"},
				"west": {"uv": [4, 0, 8, 16], "texture": "#0"},
				"up": {"uv": [4, 0, 8, 16], "texture": "#0"},
				"down": {"uv": [4, 0, 8, 16], "texture": "#0"}
			}
		},
		{
			"name": "bass_7",
			"from": [7.6875, 11.16064, 7.5082],
			"to": [8.3125, 11.57813, 8.65725],
			"rotation": {"angle": -22.5, "axis": "x", "origin": [8, 11.41214, 8.15725]},
			"faces": {
				"north": {"uv": [4, 0, 8, 16], "texture": "#0"},
				"east": {"uv": [4, 0, 8, 16], "texture": "#0"},
				"south": {"uv": [4, 0, 8, 16], "texture": "#0"},
				"west": {"uv": [4, 0, 8, 16], "texture": "#0"},
				"up": {"uv": [4, 0, 8, 16], "texture": "#0"},
				"down": {"uv": [4, 0, 8, 16], "texture": "#0"}
			}
		},
		{
			"name": "bass_6",
			"from": [7.6875, 10.88183, 7.49317],
			"to": [8.3125, 10.94433, 7.55567],
			"rotation": {"angle": 0, "axis": "x", "origin": [8, 11.53808, 8.68067]},
			"faces": {
				"north": {"uv": [8, 14, 10, 16], "texture": "#0"},
				"east": {"uv": [8, 14, 10, 16], "texture": "#0"},
				"south": {"uv": [8, 14, 10, 16], "texture": "#0"},
				"west": {"uv": [8, 14, 10, 16], "texture": "#0"},
				"up": {"uv": [8, 14, 10, 16], "texture": "#0"},
				"down": {"uv": [8, 14, 10, 16], "texture": "#0"}
			}
		},
		{
			"name": "bass_7",
			"from": [7.6875, 10.88183, 7.61817],
			"to": [8.3125, 10.94433, 7.68067],
			"rotation": {"angle": 0, "axis": "x", "origin": [8, 11.53808, 8.68067]},
			"faces": {
				"north": {"uv": [8, 14, 10, 16], "texture": "#0"},
				"east": {"uv": [8, 14, 10, 16], "texture": "#0"},
				"south": {"uv": [8, 14, 10, 16], "texture": "#0"},
				"west": {"uv": [8, 14, 10, 16], "texture": "#0"},
				"up": {"uv": [8, 14, 10, 16], "texture": "#0"},
				"down": {"uv": [8, 14, 10, 16], "texture": "#0"}
			}
		},
		{
			"name": "bass_8",
			"from": [7.6875, 10.88183, 7.74317],
			"to": [8.3125, 10.94433, 7.80567],
			"rotation": {"angle": 0, "axis": "x", "origin": [8, 11.53808, 8.68067]},
			"faces": {
				"north": {"uv": [8, 14, 10, 16], "texture": "#0"},
				"east": {"uv": [8, 14, 10, 16], "texture": "#0"},
				"south": {"uv": [8, 14, 10, 16], "texture": "#0"},
				"west": {"uv": [8, 14, 10, 16], "texture": "#0"},
				"up": {"uv": [8, 14, 10, 16], "texture": "#0"},
				"down": {"uv": [8, 14, 10, 16], "texture": "#0"}
			}
		},
		{
			"name": "bass_9",
			"from": [7.6875, 10.88183, 7.86817],
			"to": [8.3125, 10.94433, 7.93067],
			"rotation": {"angle": 0, "axis": "x", "origin": [8, 11.53808, 8.68067]},
			"faces": {
				"north": {"uv": [8, 14, 10, 16], "texture": "#0"},
				"east": {"uv": [8, 14, 10, 16], "texture": "#0"},
				"south": {"uv": [8, 14, 10, 16], "texture": "#0"},
				"west": {"uv": [8, 14, 10, 16], "texture": "#0"},
				"up": {"uv": [8, 14, 10, 16], "texture": "#0"},
				"down": {"uv": [8, 14, 10, 16], "texture": "#0"}
			}
		},
		{
			"name": "bass_7",
			"from": [7.6875, 10.88183, 7.99317],
			"to": [8.3125, 10.94433, 8.05567],
			"rotation": {"angle": 0, "axis": "x", "origin": [8, 11.53808, 9.18067]},
			"faces": {
				"north": {"uv": [8, 14, 10, 16], "texture": "#0"},
				"east": {"uv": [8, 14, 10, 16], "texture": "#0"},
				"south": {"uv": [8, 14, 10, 16], "texture": "#0"},
				"west": {"uv": [8, 14, 10, 16], "texture": "#0"},
				"up": {"uv": [8, 14, 10, 16], "texture": "#0"},
				"down": {"uv": [8, 14, 10, 16], "texture": "#0"}
			}
		},
		{
			"name": "bass_8",
			"from": [7.6875, 10.88183, 8.11817],
			"to": [8.3125, 10.94433, 8.18067],
			"rotation": {"angle": 0, "axis": "x", "origin": [8, 11.53808, 9.18067]},
			"faces": {
				"north": {"uv": [8, 14, 10, 16], "texture": "#0"},
				"east": {"uv": [8, 14, 10, 16], "texture": "#0"},
				"south": {"uv": [8, 14, 10, 16], "texture": "#0"},
				"west": {"uv": [8, 14, 10, 16], "texture": "#0"},
				"up": {"uv": [8, 14, 10, 16], "texture": "#0"},
				"down": {"uv": [8, 14, 10, 16], "texture": "#0"}
			}
		},
		{
			"name": "bass_9",
			"from": [7.6875, 10.88183, 8.24317],
			"to": [8.3125, 10.94433, 8.30567],
			"rotation": {"angle": 0, "axis": "x", "origin": [8, 11.53808, 9.18067]},
			"faces": {
				"north": {"uv": [8, 14, 10, 16], "texture": "#0"},
				"east": {"uv": [8, 14, 10, 16], "texture": "#0"},
				"south": {"uv": [8, 14, 10, 16], "texture": "#0"},
				"west": {"uv": [8, 14, 10, 16], "texture": "#0"},
				"up": {"uv": [8, 14, 10, 16], "texture": "#0"},
				"down": {"uv": [8, 14, 10, 16], "texture": "#0"}
			}
		},
		{
			"name": "bass_10",
			"from": [7.6875, 10.88183, 8.36817],
			"to": [8.3125, 10.94433, 8.43067],
			"rotation": {"angle": 0, "axis": "x", "origin": [8, 11.53808, 9.18067]},
			"faces": {
				"north": {"uv": [8, 14, 10, 16], "texture": "#0"},
				"east": {"uv": [8, 14, 10, 16], "texture": "#0"},
				"south": {"uv": [8, 14, 10, 16], "texture": "#0"},
				"west": {"uv": [8, 14, 10, 16], "texture": "#0"},
				"up": {"uv": [8, 14, 10, 16], "texture": "#0"},
				"down": {"uv": [8, 14, 10, 16], "texture": "#0"}
			}
		},
		{
			"name": "bass_9",
			"from": [7.6875, 10.88183, 8.49317],
			"to": [8.3125, 10.94433, 8.55567],
			"rotation": {"angle": 0, "axis": "x", "origin": [8, 11.53808, 9.55567]},
			"faces": {
				"north": {"uv": [8, 14, 10, 16], "texture": "#0"},
				"east": {"uv": [8, 14, 10, 16], "texture": "#0"},
				"south": {"uv": [8, 14, 10, 16], "texture": "#0"},
				"west": {"uv": [8, 14, 10, 16], "texture": "#0"},
				"up": {"uv": [8, 14, 10, 16], "texture": "#0"},
				"down": {"uv": [8, 14, 10, 16], "texture": "#0"}
			}
		},
		{
			"name": "bass_10",
			"from": [7.6875, 10.88183, 8.61817],
			"to": [8.3125, 10.94433, 8.68067],
			"rotation": {"angle": 0, "axis": "x", "origin": [8, 11.53808, 9.55567]},
			"faces": {
				"north": {"uv": [8, 14, 10, 16], "texture": "#0"},
				"east": {"uv": [8, 14, 10, 16], "texture": "#0"},
				"south": {"uv": [8, 14, 10, 16], "texture": "#0"},
				"west": {"uv": [8, 14, 10, 16], "texture": "#0"},
				"up": {"uv": [8, 14, 10, 16], "texture": "#0"},
				"down": {"uv": [8, 14, 10, 16], "texture": "#0"}
			}
		},
		{
			"name": "bass_11",
			"from": [7.6875, 10.88183, 8.74317],
			"to": [8.3125, 10.94433, 8.80567],
			"rotation": {"angle": 0, "axis": "x", "origin": [8, 11.53808, 9.55567]},
			"faces": {
				"north": {"uv": [8, 14, 10, 16], "texture": "#0"},
				"east": {"uv": [8, 14, 10, 16], "texture": "#0"},
				"south": {"uv": [8, 14, 10, 16], "texture": "#0"},
				"west": {"uv": [8, 14, 10, 16], "texture": "#0"},
				"up": {"uv": [8, 14, 10, 16], "texture": "#0"},
				"down": {"uv": [8, 14, 10, 16], "texture": "#0"}
			}
		},
		{
			"name": "bass_12",
			"from": [7.6875, 10.88183, 8.86817],
			"to": [8.3125, 10.94433, 8.93067],
			"rotation": {"angle": 0, "axis": "x", "origin": [8, 11.53808, 9.55567]},
			"faces": {
				"north": {"uv": [8, 14, 10, 16], "texture": "#0"},
				"east": {"uv": [8, 14, 10, 16], "texture": "#0"},
				"south": {"uv": [8, 14, 10, 16], "texture": "#0"},
				"west": {"uv": [8, 14, 10, 16], "texture": "#0"},
				"up": {"uv": [8, 14, 10, 16], "texture": "#0"},
				"down": {"uv": [8, 14, 10, 16], "texture": "#0"}
			}
		},
		{
			"name": "bass_9",
			"from": [7.6875, 10.75683, 8.18067],
			"to": [8.3125, 10.81933, 8.24317],
			"rotation": {"angle": 0, "axis": "x", "origin": [8, 11.41308, 9.24317]},
			"faces": {
				"north": {"uv": [8, 14, 10, 16], "texture": "#0"},
				"east": {"uv": [8, 14, 10, 16], "texture": "#0"},
				"south": {"uv": [8, 14, 10, 16], "texture": "#0"},
				"west": {"uv": [8, 14, 10, 16], "texture": "#0"},
				"up": {"uv": [8, 14, 10, 16], "texture": "#0"},
				"down": {"uv": [8, 14, 10, 16], "texture": "#0"}
			}
		},
		{
			"name": "bass_7",
			"from": [7.6875, 10.75683, 7.55567],
			"to": [8.3125, 10.81933, 7.61817],
			"rotation": {"angle": 0, "axis": "x", "origin": [8, 11.41308, 8.74317]},
			"faces": {
				"north": {"uv": [8, 14, 10, 16], "texture": "#0"},
				"east": {"uv": [8, 14, 10, 16], "texture": "#0"},
				"south": {"uv": [8, 14, 10, 16], "texture": "#0"},
				"west": {"uv": [8, 14, 10, 16], "texture": "#0"},
				"up": {"uv": [8, 14, 10, 16], "texture": "#0"},
				"down": {"uv": [8, 14, 10, 16], "texture": "#0"}
			}
		},
		{
			"name": "bass_8",
			"from": [7.6875, 10.75683, 7.68067],
			"to": [8.3125, 10.81933, 7.74317],
			"rotation": {"angle": 0, "axis": "x", "origin": [8, 11.41308, 8.74317]},
			"faces": {
				"north": {"uv": [8, 14, 10, 16], "texture": "#0"},
				"east": {"uv": [8, 14, 10, 16], "texture": "#0"},
				"south": {"uv": [8, 14, 10, 16], "texture": "#0"},
				"west": {"uv": [8, 14, 10, 16], "texture": "#0"},
				"up": {"uv": [8, 14, 10, 16], "texture": "#0"},
				"down": {"uv": [8, 14, 10, 16], "texture": "#0"}
			}
		},
		{
			"name": "bass_9",
			"from": [7.6875, 10.75683, 7.80567],
			"to": [8.3125, 10.81933, 7.86817],
			"rotation": {"angle": 0, "axis": "x", "origin": [8, 11.41308, 8.74317]},
			"faces": {
				"north": {"uv": [8, 14, 10, 16], "texture": "#0"},
				"east": {"uv": [8, 14, 10, 16], "texture": "#0"},
				"south": {"uv": [8, 14, 10, 16], "texture": "#0"},
				"west": {"uv": [8, 14, 10, 16], "texture": "#0"},
				"up": {"uv": [8, 14, 10, 16], "texture": "#0"},
				"down": {"uv": [8, 14, 10, 16], "texture": "#0"}
			}
		},
		{
			"name": "bass_10",
			"from": [7.6875, 10.75683, 7.93067],
			"to": [8.3125, 10.81933, 7.99317],
			"rotation": {"angle": 0, "axis": "x", "origin": [8, 11.41308, 8.74317]},
			"faces": {
				"north": {"uv": [8, 14, 10, 16], "texture": "#0"},
				"east": {"uv": [8, 14, 10, 16], "texture": "#0"},
				"south": {"uv": [8, 14, 10, 16], "texture": "#0"},
				"west": {"uv": [8, 14, 10, 16], "texture": "#0"},
				"up": {"uv": [8, 14, 10, 16], "texture": "#0"},
				"down": {"uv": [8, 14, 10, 16], "texture": "#0"}
			}
		},
		{
			"name": "bass_10",
			"from": [7.6875, 10.75683, 8.30567],
			"to": [8.3125, 10.81933, 8.36817],
			"rotation": {"angle": 0, "axis": "x", "origin": [8, 11.41308, 9.24317]},
			"faces": {
				"north": {"uv": [8, 14, 10, 16], "texture": "#0"},
				"east": {"uv": [8, 14, 10, 16], "texture": "#0"},
				"south": {"uv": [8, 14, 10, 16], "texture": "#0"},
				"west": {"uv": [8, 14, 10, 16], "texture": "#0"},
				"up": {"uv": [8, 14, 10, 16], "texture": "#0"},
				"down": {"uv": [8, 14, 10, 16], "texture": "#0"}
			}
		},
		{
			"name": "bass_11",
			"from": [7.6875, 10.75683, 8.43067],
			"to": [8.3125, 10.81933, 8.49317],
			"rotation": {"angle": 0, "axis": "x", "origin": [8, 11.41308, 9.24317]},
			"faces": {
				"north": {"uv": [8, 14, 10, 16], "texture": "#0"},
				"east": {"uv": [8, 14, 10, 16], "texture": "#0"},
				"south": {"uv": [8, 14, 10, 16], "texture": "#0"},
				"west": {"uv": [8, 14, 10, 16], "texture": "#0"},
				"up": {"uv": [8, 14, 10, 16], "texture": "#0"},
				"down": {"uv": [8, 14, 10, 16], "texture": "#0"}
			}
		},
		{
			"name": "bass_10",
			"from": [7.6875, 10.75683, 8.55567],
			"to": [8.3125, 10.81933, 8.61817],
			"rotation": {"angle": 0, "axis": "x", "origin": [8, 11.41308, 9.61817]},
			"faces": {
				"north": {"uv": [8, 14, 10, 16], "texture": "#0"},
				"east": {"uv": [8, 14, 10, 16], "texture": "#0"},
				"south": {"uv": [8, 14, 10, 16], "texture": "#0"},
				"west": {"uv": [8, 14, 10, 16], "texture": "#0"},
				"up": {"uv": [8, 14, 10, 16], "texture": "#0"},
				"down": {"uv": [8, 14, 10, 16], "texture": "#0"}
			}
		},
		{
			"name": "bass_11",
			"from": [7.6875, 10.75683, 8.68067],
			"to": [8.3125, 10.81933, 8.74317],
			"rotation": {"angle": 0, "axis": "x", "origin": [8, 11.41308, 9.61817]},
			"faces": {
				"north": {"uv": [8, 14, 10, 16], "texture": "#0"},
				"east": {"uv": [8, 14, 10, 16], "texture": "#0"},
				"south": {"uv": [8, 14, 10, 16], "texture": "#0"},
				"west": {"uv": [8, 14, 10, 16], "texture": "#0"},
				"up": {"uv": [8, 14, 10, 16], "texture": "#0"},
				"down": {"uv": [8, 14, 10, 16], "texture": "#0"}
			}
		},
		{
			"name": "bass_12",
			"from": [7.6875, 10.75683, 8.80567],
			"to": [8.3125, 10.81933, 8.86817],
			"rotation": {"angle": 0, "axis": "x", "origin": [8, 11.41308, 9.61817]},
			"faces": {
				"north": {"uv": [8, 14, 10, 16], "texture": "#0"},
				"east": {"uv": [8, 14, 10, 16], "texture": "#0"},
				"south": {"uv": [8, 14, 10, 16], "texture": "#0"},
				"west": {"uv": [8, 14, 10, 16], "texture": "#0"},
				"up": {"uv": [8, 14, 10, 16], "texture": "#0"},
				"down": {"uv": [8, 14, 10, 16], "texture": "#0"}
			}
		},
		{
			"name": "bass_13",
			"from": [7.6875, 10.75683, 8.93067],
			"to": [8.3125, 10.81933, 8.99317],
			"rotation": {"angle": 0, "axis": "x", "origin": [8, 11.41308, 9.61817]},
			"faces": {
				"north": {"uv": [8, 14, 10, 16], "texture": "#0"},
				"east": {"uv": [8, 14, 10, 16], "texture": "#0"},
				"south": {"uv": [8, 14, 10, 16], "texture": "#0"},
				"west": {"uv": [8, 14, 10, 16], "texture": "#0"},
				"up": {"uv": [8, 14, 10, 16], "texture": "#0"},
				"down": {"uv": [8, 14, 10, 16], "texture": "#0"}
			}
		},
		{
			"name": "bass_8",
			"from": [7.6875, 10.75683, 8.05567],
			"to": [8.3125, 10.81933, 8.11817],
			"rotation": {"angle": 0, "axis": "x", "origin": [8, 11.41308, 9.24317]},
			"faces": {
				"north": {"uv": [8, 14, 10, 16], "texture": "#0"},
				"east": {"uv": [8, 14, 10, 16], "texture": "#0"},
				"south": {"uv": [8, 14, 10, 16], "texture": "#0"},
				"west": {"uv": [8, 14, 10, 16], "texture": "#0"},
				"up": {"uv": [8, 14, 10, 16], "texture": "#0"},
				"down": {"uv": [8, 14, 10, 16], "texture": "#0"}
			}
		},
		{
			"name": "bass_2",
			"from": [7.5625, 8.4375, 9.25],
			"to": [7.6875, 9.125, 10.0625],
			"rotation": {"angle": 0, "axis": "y", "origin": [8, 7.9375, 8.25]},
			"faces": {
				"north": {"uv": [4, 0, 8, 16], "texture": "#0"},
				"east": {"uv": [4, 0, 8, 16], "texture": "#0"},
				"south": {"uv": [4, 0, 8, 16], "texture": "#0"},
				"west": {"uv": [4, 0, 8, 16], "texture": "#0"},
				"up": {"uv": [4, 0, 8, 16], "texture": "#0"},
				"down": {"uv": [4, 0, 8, 16], "texture": "#0"}
			}
		},
		{
			"name": "bass_3",
			"from": [8.3125, 8.4375, 9.25],
			"to": [8.4375, 9.125, 10.0625],
			"rotation": {"angle": 0, "axis": "y", "origin": [8, 7.9375, 8.25]},
			"faces": {
				"north": {"uv": [4, 0, 8, 16], "texture": "#0"},
				"east": {"uv": [4, 0, 8, 16], "texture": "#0"},
				"south": {"uv": [4, 0, 8, 16], "texture": "#0"},
				"west": {"uv": [4, 0, 8, 16], "texture": "#0"},
				"up": {"uv": [4, 0, 8, 16], "texture": "#0"},
				"down": {"uv": [4, 0, 8, 16], "texture": "#0"}
			}
		},
		{
			"name": "bass_4",
			"from": [7.6875, 8.4375, 10.0625],
			"to": [8.3125, 9.125, 10.1875],
			"rotation": {"angle": 0, "axis": "y", "origin": [7.90625, 8.78125, 10.09375]},
			"faces": {
				"north": {"uv": [4, 0, 8, 16], "texture": "#0"},
				"east": {"uv": [4, 0, 8, 16], "texture": "#0"},
				"south": {"uv": [4, 0, 8, 16], "texture": "#0"},
				"west": {"uv": [4, 0, 8, 16], "texture": "#0"},
				"up": {"uv": [4, 0, 8, 16], "texture": "#0"},
				"down": {"uv": [4, 0, 8, 16], "texture": "#0"}
			}
		},
		{
			"name": "bass_5",
			"from": [7.6875, 8.4375, 9.125],
			"to": [8.3125, 9.125, 9.25],
			"rotation": {"angle": 0, "axis": "y", "origin": [7.90625, 8.78125, 10.09375]},
			"faces": {
				"north": {"uv": [4, 0, 8, 16], "texture": "#0"},
				"east": {"uv": [4, 0, 8, 16], "texture": "#0"},
				"south": {"uv": [4, 0, 8, 16], "texture": "#0"},
				"west": {"uv": [4, 0, 8, 16], "texture": "#0"},
				"up": {"uv": [4, 0, 8, 16], "texture": "#0"},
				"down": {"uv": [4, 0, 8, 16], "texture": "#0"}
			}
		},
		{
			"name": "bass_6",
			"from": [7.9779, 8.4375, 9.05963],
			"to": [8.15468, 9.125, 9.16632],
			"rotation": {"angle": 45, "axis": "y", "origin": [8, 8.78125, 9.65625]},
			"faces": {
				"north": {"uv": [4, 0, 8, 16], "texture": "#0"},
				"east": {"uv": [4, 0, 8, 16], "texture": "#0"},
				"south": {"uv": [4, 0, 8, 16], "texture": "#0"},
				"west": {"uv": [4, 0, 8, 16], "texture": "#0"},
				"up": {"uv": [4, 0, 8, 16], "texture": "#0"},
				"down": {"uv": [4, 0, 8, 16], "texture": "#0"}
			}
		},
		{
			"name": "bass_7",
			"from": [8.39618, 8.4375, 9.5404],
			"to": [8.50287, 9.125, 9.71718],
			"rotation": {"angle": 45, "axis": "y", "origin": [7.90625, 8.78125, 9.5625]},
			"faces": {
				"north": {"uv": [4, 0, 8, 16], "texture": "#0"},
				"east": {"uv": [4, 0, 8, 16], "texture": "#0"},
				"south": {"uv": [4, 0, 8, 16], "texture": "#0"},
				"west": {"uv": [4, 0, 8, 16], "texture": "#0"},
				"up": {"uv": [4, 0, 8, 16], "texture": "#0"},
				"down": {"uv": [4, 0, 8, 16], "texture": "#0"}
			}
		},
		{
			"name": "bass_7",
			"from": [7.84532, 8.4375, 10.14618],
			"to": [8.0221, 9.125, 10.25287],
			"rotation": {"angle": 45, "axis": "y", "origin": [8, 8.78125, 9.65625]},
			"faces": {
				"north": {"uv": [4, 0, 8, 16], "texture": "#0"},
				"east": {"uv": [4, 0, 8, 16], "texture": "#0"},
				"south": {"uv": [4, 0, 8, 16], "texture": "#0"},
				"west": {"uv": [4, 0, 8, 16], "texture": "#0"},
				"up": {"uv": [4, 0, 8, 16], "texture": "#0"},
				"down": {"uv": [4, 0, 8, 16], "texture": "#0"}
			}
		},
		{
			"name": "bass_8",
			"from": [7.49713, 8.4375, 9.59532],
			"to": [7.60382, 9.125, 9.7721],
			"rotation": {"angle": 45, "axis": "y", "origin": [8.09375, 8.78125, 9.75]},
			"faces": {
				"north": {"uv": [4, 0, 8, 16], "texture": "#0"},
				"east": {"uv": [4, 0, 8, 16], "texture": "#0"},
				"south": {"uv": [4, 0, 8, 16], "texture": "#0"},
				"west": {"uv": [4, 0, 8, 16], "texture": "#0"},
				"up": {"uv": [4, 0, 8, 16], "texture": "#0"},
				"down": {"uv": [4, 0, 8, 16], "texture": "#0"}
			}
		}
	],
	"display": {
		"thirdperson_righthand": {
			"translation": [0, 2.5, 0]
		},
		"thirdperson_lefthand": {
			"rotation": [-157, -180, 0],
			"translation": [-1.75, -7.75, -1]
		},
		"firstperson_righthand": {
			"translation": [-0.5, 5.25, 2]
		},
		"firstperson_lefthand": {
			"rotation": [166, -180, 0],
			"translation": [-0.25, -2, 2.5]
		},
		"ground": {
			"rotation": [0, 0, -90],
			"translation": [2.25, -3.5, 0]
		},
		"gui": {
			"rotation": [90, 45, -90],
			"translation": [1, 2.25, 0],
			"scale": [1.5, 1.5, 1.5]
		},
		"fixed": {
			"rotation": [0, -90, 0],
			"translation": [0, 3, 0],
			"scale": [2, 2, 2]
		}
	},
	"groups": [
		{
			"name": "bass",
			"origin": [8, 8, 8],
			"children": [
				{
					"name": "bass",
					"origin": [8, 1.08668, 8],
					"children": [0, 1, 2, 3, 4, 5, 6, 7, 8, 9, 10, 11, 12, 13, 14, 15, 16, 17, 18, 19, 20, 21, 22, 23,
						{
							"name": "h",
							"origin": [8, 2.03142, 7.33179],
							"children": [24, 25, 26, 27, 28, 29, 30, 31, 32, 33, 34, 35, 36, 37,
								{
									"name": "h-u",
									"origin": [8, 2.03142, 7.33179],
									"children": [38, 39, 40, 41, 42, 43, 44, 45, 46, 47, 48]
								},
								{
									"name": "h-u",
									"origin": [8, 2.03142, 7.33179],
									"children": [49, 50, 51, 52, 53, 54, 55, 56, 57, 58, 59]
								}
							]
						}
					]
				},
				{
					"name": "top",
					"origin": [8, 8, 8],
					"children": [60, 61,
						{
							"name": "t",
							"origin": [8, 7.4375, 8.25],
							"children": [62, 63, 64, 65, 66, 67, 68, 69, 70, 71, 72, 73, 74, 75, 76, 77, 78, 79, 80, 81, 82, 83, 84, 85, 86, 87, 88, 89, 90, 91, 92, 93, 94, 95, 96, 97, 98, 99, 100, 101, 102, 103, 104, 105, 106]
						}, 107, 108, 109, 110, 111, 112, 113, 114, 115, 116, 117, 118, 119, 120,
						{
							"name": "t-t",
							"origin": [8, 11.53808, 9.55567],
							"children": [121, 122, 123, 124, 125, 126, 127, 128, 129, 130, 131, 132]
						},
						{
							"name": "t-d",
							"origin": [8, 11.41308, 9.61817],
							"children": [133, 134, 135, 136, 137, 138, 139, 140, 141, 142, 143, 144]
						}, 145, 146, 147, 148, 149, 150, 151, 152]
				}
			]
		}
	]
}