{
  "multipart": [
    {
      "when": {
        "age": "0"
      },
      "apply": [
        {"model": "minecraft:block/bamboo1_age0","weight":10 },
        {"model": "minecraft:block/bamboo/bamboo1_age0_stick","weight":5 },
        {"model": "minecraft:block/bamboo/bamboo1_age0_stick1","weight":5 },
        {"model": "minecraft:block/bamboo/bamboo1_age0_stick2","weight":5 },
        {"model": "minecraft:block/bamboo/bamboo1_age0_stick3","weight":5 },

        {"model": "minecraft:block/bamboo2_age0","weight":10 },
        {"model": "minecraft:block/bamboo/bamboo2_age0_stick","weight":5 },
        {"model": "minecraft:block/bamboo/bamboo2_age0_stick1","weight":5 },
        {"model": "minecraft:block/bamboo/bamboo2_age0_stick2","weight":5 },
        {"model": "minecraft:block/bamboo/bamboo2_age0_stick3","weight":5 },

        {"model": "minecraft:block/bamboo3_age0","weight":10 },
        {"model": "minecraft:block/bamboo/bamboo3_age0_stick","weight":5 },
        {"model": "minecraft:block/bamboo/bamboo3_age0_stick1","weight":5 },
        {"model": "minecraft:block/bamboo/bamboo3_age0_stick2","weight":5 },
        {"model": "minecraft:block/bamboo/bamboo3_age0_stick3","weight":5 },

        {"model": "minecraft:block/bamboo4_age0","weight":10 },
        {"model": "minecraft:block/bamboo/bamboo4_age0_stick","weight":5 },
        {"model": "minecraft:block/bamboo/bamboo4_age0_stick1","weight":5 },
        {"model": "minecraft:block/bamboo/bamboo4_age0_stick2","weight":5 },
        {"model": "minecraft:block/bamboo/bamboo4_age0_stick3","weight":5 }
      ]
    },
    {
      "when": {
        "age": "1"
      },
      "apply": [
        {
          "model": "minecraft:block/bamboo1_age1"
        },
        {
          "model": "minecraft:block/bamboo2_age1"
        },
        {
          "model": "minecraft:block/bamboo3_age1"
        },
        {
          "model": "minecraft:block/bamboo4_age1"
        }
      ]
    },
    {
      "when": {
        "leaves": "small"
      },
      "apply": {
        "model": "minecraft:block/bamboo_small_leaves"
      }
    },
    {
      "when": {
        "leaves": "large"
      },
      "apply": {
        "model": "minecraft:block/bamboo_large_leaves"
      }
    }
  ]
}