{
  "variants": {
    "": [
      {"model": "minecraft:block/dirt_path","weight":10},
      {"model": "minecraft:block/dirt_path/dirt_path1","weight":1},
      {"model": "minecraft:block/dirt_path/dirt_path2","weight":1},

      {"model": "minecraft:block/dirt_path","y": 90,"weight":10},
      {"model": "minecraft:block/dirt_path/dirt_path1","y": 90,"weight":1},
      {"model": "minecraft:block/dirt_path/dirt_path2","y": 90,"weight":1},

      {"model": "minecraft:block/dirt_path","y": 180,"weight":10},
      {"model": "minecraft:block/dirt_path/dirt_path1","y": 180,"weight":1},
      {"model": "minecraft:block/dirt_path/dirt_path2","y": 180,"weight":1},

      {"model": "minecraft:block/dirt_path","y": 270,"weight":10},
      {"model": "minecraft:block/dirt_path/dirt_path1","y": 270,"weight":1},
      {"model": "minecraft:block/dirt_path/dirt_path2","y": 270,"weight":1}
    ]
  }
}