{
    "variants": {
        "": [
            {"model":"block/grass","weight":20},
            {"model":"block/grass","weight":20,"y":90},
            {"model":"block/grass","weight":20,"y":180},
            {"model":"block/grass","weight":20,"y":270},

            {"model":"block/grass/grass0","weight":20},
            {"model":"block/grass/grass0","weight":20,"y":90},
            {"model":"block/grass/grass0","weight":20,"y":180},
            {"model":"block/grass/grass0","weight":20,"y":270},

            {"model":"block/grass/grass1","weight":20},
            {"model":"block/grass/grass1","weight":20,"y":90},
            {"model":"block/grass/grass1","weight":20,"y":180},
            {"model":"block/grass/grass1","weight":20,"y":270},

            {"model":"block/grass/grass2","weight":20},
            {"model":"block/grass/grass2","weight":20,"y":90},
            {"model":"block/grass/grass2","weight":20,"y":180},
            {"model":"block/grass/grass2","weight":20,"y":270},

            {"model":"block/grass/grass3","weight":5},
            {"model":"block/grass/grass3","weight":5,"y":90},
            {"model":"block/grass/grass3","weight":5,"y":180},
            {"model":"block/grass/grass3","weight":5,"y":270},

            {"model":"block/grass/grass4","weight":2},
            {"model":"block/grass/grass4","weight":2,"y":90},
            {"model":"block/grass/grass4","weight":2,"y":180},
            {"model":"block/grass/grass4","weight":2,"y":270}

        ]
    }
}
