{
	"credit": "Made with Blockbench",
	"textures": {
		"0": "custom/stop",
		"1": "custom/pole",
		"particle": "custom/stop"
	},
	"elements": [
		{
			"name": "bass 1",
			"from": [8.51844, 15.33349, 8.1514],
			"to": [9.31844, 28.13349, 8.9514],
			"rotation": {"angle": 0, "axis": "y", "origin": [14.71844, 20.17313, 14.3514]},
			"faces": {
				"north": {"uv": [0, 0, 16, 15], "texture": "#1"},
				"east": {"uv": [0, 0, 16, 15], "texture": "#1"},
				"south": {"uv": [0, 0, 16, 15], "texture": "#1"},
				"west": {"uv": [0, 0, 16, 15], "texture": "#1"},
				"up": {"uv": [0, 0, 16, 15], "texture": "#1"},
				"down": {"uv": [0, 0, 16, 15], "texture": "#1"}
			}
		},
		{
			"name": "bass 2",
			"from": [7.6, -3.2, 7.6],
			"to": [8.4, 6.4, 8.4],
			"rotation": {"angle": 0, "axis": "y", "origin": [13.8, 10, 13.8]},
			"faces": {
				"north": {"uv": [0, 0, 16, 16], "texture": "#1"},
				"east": {"uv": [0, 0, 16, 16], "texture": "#1"},
				"south": {"uv": [0, 0, 16, 16], "texture": "#1"},
				"west": {"uv": [0, 0, 16, 16], "texture": "#1"},
				"up": {"uv": [0, 0, 16, 16], "texture": "#1"},
				"down": {"uv": [0, 0, 16, 16], "texture": "#1"}
			}
		},
		{
			"name": "bass 3",
			"from": [12.17947, 3.02257, 7.6],
			"to": [12.97947, 7.02257, 8.4],
			"rotation": {"angle": -22.5, "axis": "z", "origin": [18.37947, 16.22257, 13.8]},
			"faces": {
				"north": {"uv": [0, 0, 16, 15], "texture": "#1"},
				"east": {"uv": [0, 0, 16, 15], "texture": "#1"},
				"south": {"uv": [0, 0, 16, 15], "texture": "#1"},
				"west": {"uv": [0, 0, 16, 15], "texture": "#1"},
				"up": {"uv": [0, 0, 16, 15], "texture": "#1"},
				"down": {"uv": [0, 0, 16, 15], "texture": "#1"}
			}
		},
		{
			"name": "bass 4",
			"from": [9.06984, 9.78937, 7.6],
			"to": [9.86984, 11.38937, 8.4],
			"rotation": {"angle": 0, "axis": "z", "origin": [15.26984, 22.98937, 13.8]},
			"faces": {
				"north": {"uv": [0, 0, 16, 15], "texture": "#1"},
				"east": {"uv": [0, 0, 16, 15], "texture": "#1"},
				"south": {"uv": [0, 0, 16, 15], "texture": "#1"},
				"west": {"uv": [0, 0, 16, 15], "texture": "#1"},
				"up": {"uv": [0, 0, 16, 15], "texture": "#1"},
				"down": {"uv": [0, 0, 16, 15], "texture": "#1"}
			}
		},
		{
			"name": "bass 5",
			"from": [9.06984, 8.01194, 12.17947],
			"to": [9.86984, 9.61194, 12.97947],
			"rotation": {"angle": 22.5, "axis": "x", "origin": [15.26984, 21.21194, 18.37947]},
			"faces": {
				"north": {"uv": [0, 0, 16, 15], "texture": "#1"},
				"east": {"uv": [0, 0, 16, 15], "texture": "#1"},
				"south": {"uv": [0, 0, 16, 15], "texture": "#1"},
				"west": {"uv": [0, 0, 16, 15], "texture": "#1"},
				"up": {"uv": [0, 0, 16, 15], "texture": "#1"},
				"down": {"uv": [0, 0, 16, 15], "texture": "#1"}
			}
		},
		{
			"name": "bass 6",
			"from": [9.06984, 12.56143, 8.1514],
			"to": [9.86984, 14.16143, 8.9514],
			"rotation": {"angle": 0, "axis": "x", "origin": [15.26984, 25.76143, 14.3514]},
			"faces": {
				"north": {"uv": [0, 0, 16, 15], "texture": "#1"},
				"east": {"uv": [0, 0, 16, 15], "texture": "#1"},
				"south": {"uv": [0, 0, 16, 15], "texture": "#1"},
				"west": {"uv": [0, 0, 16, 15], "texture": "#1"},
				"up": {"uv": [0, 0, 16, 15], "texture": "#1"},
				"down": {"uv": [0, 0, 16, 15], "texture": "#1"}
			}
		},
		{
			"name": "bass 7",
			"from": [3.60737, 15.22313, 8.1514],
			"to": [4.40737, 16.82313, 8.9514],
			"rotation": {"angle": 22.5, "axis": "z", "origin": [9.80737, 28.42313, 14.3514]},
			"faces": {
				"north": {"uv": [0, 0, 16, 15], "texture": "#1"},
				"east": {"uv": [0, 0, 16, 15], "texture": "#1"},
				"south": {"uv": [0, 0, 16, 15], "texture": "#1"},
				"west": {"uv": [0, 0, 16, 15], "texture": "#1"},
				"up": {"uv": [0, 0, 16, 15], "texture": "#1"},
				"down": {"uv": [0, 0, 16, 15], "texture": "#1"}
			}
		},
		{
			"name": "bass_2",
			"from": [8.48004, 19.33349, 4.1514],
			"to": [8.48004, 28.13349, 12.9514],
			"rotation": {"angle": 0, "axis": "y", "origin": [14.08004, 34.97313, 14.5514]},
			"faces": {
				"north": {"uv": [0, 0, 16, 16], "texture": "#0"},
				"east": {"uv": [0, 0, 16, 16], "texture": "#0"},
				"south": {"uv": [0, 0, 16, 16], "texture": "#0"},
				"west": {"uv": [0, 0, 16, 16], "texture": "#0"},
				"up": {"uv": [0, 0, 16, 16], "texture": "#0"},
				"down": {"uv": [0, 0, 16, 16], "texture": "#0"}
			}
		}
	],
	"display": {
		"thirdperson_righthand": {
			"translation": [0, 3, 0]
		},
		"thirdperson_lefthand": {
			"rotation": [0, 180, 0],
			"translation": [0, 3, 0]
		},
		"firstperson_righthand": {
			"rotation": [-8, 0, 0],
			"translation": [0, 2.25, 0.25],
			"scale": [0.9, 0.9, 0.9]
		},
		"firstperson_lefthand": {
			"rotation": [-8, 180, 0],
			"translation": [0, 2.25, 0.25],
			"scale": [0.9, 0.9, 0.9]
		},
		"ground": {
			"rotation": [0, 0, -90],
			"translation": [-6.25, -3.25, 0]
		},
		"gui": {
			"rotation": [-76, 47, 69],
			"translation": [1.75, -2.5, 0],
			"scale": [0.6, 0.6, 0.6]
		},
		"head": {
			"rotation": [0, -90, 0],
			"translation": [0, -13.75, 0],
			"scale": [2, 2, 2]
		}
	},
	"groups": [
		{
			"name": "bass",
			"origin": [8, 8, 8],
			"children": [0, 1, 2, 3, 4, 5, 6,
				{
					"name": "top",
					"origin": [8, 8, 8],
					"children": [7]
				}
			]
		}
	]
}