{
	"credit": "Made with Blockbench",
	"textures": {
		"0": "block/oak_planks",
		"1": "block/birch_planks",
		"particle": "block/oak_planks"
	},
	"elements": [
		{
			"name": "bass 1",
			"from": [7.5, 0, 7.5],
			"to": [8.5, 5, 8.5],
			"faces": {
				"north": {"uv": [0, 0, 1, 5], "texture": "#1"},
				"east": {"uv": [0, 0, 1, 5], "texture": "#1"},
				"south": {"uv": [0, 0, 1, 5], "texture": "#1"},
				"west": {"uv": [0, 0, 1, 5], "texture": "#1"},
				"up": {"uv": [0, 0, 1, 5], "texture": "#1"},
				"down": {"uv": [0, 0, 1, 5], "texture": "#1"}
			}
		},
		{
			"name": "bass 2",
			"from": [7.5, 5, 6],
			"to": [8.5, 6, 10],
			"faces": {
				"north": {"uv": [0, 0, 16, 16], "texture": "#0"},
				"east": {"uv": [0, 0, 16, 16], "texture": "#0"},
				"south": {"uv": [0, 0, 16, 16], "texture": "#0"},
				"west": {"uv": [0, 0, 16, 16], "texture": "#0"},
				"up": {"uv": [0, 0, 16, 16], "texture": "#0"},
				"down": {"uv": [0, 0, 16, 16], "texture": "#0"}
			}
		},
		{
			"name": "bass 3",
			"from": [7.6, 6, 7],
			"to": [8.4, 16, 9],
			"faces": {
				"north": {"uv": [0, 0, 15, 3], "texture": "#0"},
				"east": {"uv": [0, 0, 15, 3], "texture": "#0"},
				"south": {"uv": [0, 0, 15, 3], "texture": "#0"},
				"west": {"uv": [0, 0, 15, 3], "texture": "#0"},
				"up": {"uv": [0, 0, 15, 3], "texture": "#0"},
				"down": {"uv": [0, 0, 15, 3], "texture": "#0"}
			}
		},
		{
			"name": "bass 3",
			"from": [7.5, -1, 6.5],
			"to": [8.5, 0, 9.5],
			"faces": {
				"north": {"uv": [0, 0, 16, 16], "texture": "#0"},
				"east": {"uv": [0, 0, 16, 16], "texture": "#0"},
				"south": {"uv": [0, 0, 16, 16], "texture": "#0"},
				"west": {"uv": [0, 0, 16, 16], "texture": "#0"},
				"up": {"uv": [0, 0, 16, 16], "texture": "#0"},
				"down": {"uv": [0, 0, 16, 16], "texture": "#0"}
			}
		},
		{
			"name": "bass 4",
			"from": [7.6, 15.86627, 8.32769],
			"to": [8.4, 17.86627, 8.82769],
			"rotation": {"angle": -22.5, "axis": "x", "origin": [8, 16.36627, 8.57769]},
			"faces": {
				"north": {"uv": [0, 0, 15, 3], "texture": "#0"},
				"east": {"uv": [0, 0, 15, 3], "texture": "#0"},
				"south": {"uv": [0, 0, 15, 3], "texture": "#0"},
				"west": {"uv": [0, 0, 15, 3], "texture": "#0"},
				"up": {"uv": [0, 0, 15, 3], "texture": "#0"},
				"down": {"uv": [0, 0, 15, 3], "texture": "#0"}
			}
		},
		{
			"name": "bass 5",
			"from": [7.6, 15.86627, 7.17231],
			"to": [8.4, 17.86627, 7.67231],
			"rotation": {"angle": 22.5, "axis": "x", "origin": [8, 16.36627, 7.42231]},
			"faces": {
				"north": {"uv": [0, 0, 15, 3], "texture": "#0"},
				"east": {"uv": [0, 0, 15, 3], "texture": "#0"},
				"south": {"uv": [0, 0, 15, 3], "texture": "#0"},
				"west": {"uv": [0, 0, 15, 3], "texture": "#0"},
				"up": {"uv": [0, 0, 15, 3], "texture": "#0"},
				"down": {"uv": [0, 0, 15, 3], "texture": "#0"}
			}
		},
		{
			"name": "bass 4",
			"from": [7.6, 16, 7.5],
			"to": [8.4, 17.11, 8.5],
			"faces": {
				"north": {"uv": [0, 0, 15, 3], "texture": "#0"},
				"east": {"uv": [0, 0, 15, 3], "texture": "#0"},
				"south": {"uv": [0, 0, 15, 3], "texture": "#0"},
				"west": {"uv": [0, 0, 15, 3], "texture": "#0"},
				"up": {"uv": [0, 0, 15, 3], "texture": "#0"},
				"down": {"uv": [0, 0, 15, 3], "texture": "#0"}
			}
		},
		{
			"name": "bass 6",
			"from": [7.59539, 17.38569, 8.37531],
			"to": [8.39539, 17.78569, 8.77531],
			"rotation": {"angle": 45, "axis": "x", "origin": [7.99539, 18.38569, 8.57531]},
			"faces": {
				"north": {"uv": [0, 0, 15, 3], "texture": "#0"},
				"east": {"uv": [0, 0, 15, 3], "texture": "#0"},
				"south": {"uv": [0, 0, 15, 3], "texture": "#0"},
				"west": {"uv": [0, 0, 15, 3], "texture": "#0"},
				"up": {"uv": [0, 0, 15, 3], "texture": "#0"},
				"down": {"uv": [0, 0, 15, 3], "texture": "#0"}
			}
		}
	],
	"display": {
		"thirdperson_righthand": {
			"translation": [0, 3.5, 0]
		},
		"thirdperson_lefthand": {
			"translation": [0, 3.5, 0]
		},
		"firstperson_righthand": {
			"rotation": [-6, 0, 0],
			"translation": [0.5, 4.25, 1.25]
		},
		"firstperson_lefthand": {
			"rotation": [-6, 0, 0],
			"translation": [0.5, 4.25, 1.25]
		},
		"ground": {
			"rotation": [0, 0, -90],
			"translation": [0, -3.25, 0]
		},
		"gui": {
			"rotation": [-85, -133, -95],
			"scale": [0.9, 0.9, 0.9]
		},
		"fixed": {
			"rotation": [0, -90, 0],
			"scale": [2, 2, 2]
		}
	},
	"groups": [
		{
			"name": "bass",
			"origin": [8, 8, 8],
			"children": [0, 1, 2, 3, 4, 5, 6, 7]
		}
	]
}