{
	"credit": "Made with Blockbench",
	"parent": "block/block",
	"textures": {
		"2": "block/damaged_anvil_top",
		"3": "block/crafting_table_tools",
		"particle": "block/anvil",
		"body": "block/anvil"
	},
	"elements": [
		{
			"name": "Anvil top",
			"from": [6, 12.34688, 15.5],
			"to": [10, 15.52188, 17.1],
			"rotation": {"angle": 0, "axis": "y", "origin": [1.6, 2.74687, 1.1]},
			"faces": {
				"north": {"uv": [0, 0, 4, 4], "rotation": 180, "texture": "#body"},
				"east": {"uv": [0, 0, 4, 4], "rotation": 180, "texture": "#body"},
				"south": {"uv": [0, 0, 4, 4], "rotation": 180, "texture": "#body"},
				"west": {"uv": [0, 0.46875, 4, 4.46875], "rotation": 180, "texture": "#body"},
				"up": {"uv": [8, 7, 13, 9], "rotation": 180, "texture": "#2"},
				"down": {"uv": [0, 0, 4, 4], "rotation": 180, "texture": "#body"}
			}
		},
		{
			"name": "Anvil top",
			"from": [6.8, 13.14688, 17.1],
			"to": [9.2, 15.52188, 19.5],
			"rotation": {"angle": 0, "axis": "y", "origin": [1.6, 2.74687, 2.7]},
			"faces": {
				"north": {"uv": [0, 0, 4, 4], "rotation": 180, "texture": "#body"},
				"east": {"uv": [0, 0, 4, 4], "rotation": 180, "texture": "#body"},
				"south": {"uv": [0, 0, 4, 4], "rotation": 180, "texture": "#body"},
				"west": {"uv": [0, 0, 4, 4], "rotation": 180, "texture": "#body"},
				"up": {"uv": [8, 7, 11, 10], "rotation": 180, "texture": "#2"},
				"down": {"uv": [0, 0, 4, 4], "rotation": 180, "texture": "#body"}
			}
		},
		{
			"name": "Anvil top",
			"from": [5.6, 11.54688, 13.9],
			"to": [10.4, 15.52188, 15.5],
			"rotation": {"angle": 0, "axis": "y", "origin": [1.6, 2.74687, 1.1]},
			"faces": {
				"north": {"uv": [0.15625, 0.59375, 4.15625, 3.96875], "rotation": 180, "texture": "#body"},
				"east": {"uv": [0.15625, 0.59375, 4.15625, 3.96875], "rotation": 180, "texture": "#body"},
				"south": {"uv": [0.15625, 0.59375, 4.15625, 3.96875], "rotation": 180, "texture": "#body"},
				"west": {"uv": [0.15625, 0.59375, 4.15625, 3.96875], "rotation": 180, "texture": "#body"},
				"up": {"uv": [3, 0, 8, 1.375], "rotation": 180, "texture": "#2"},
				"down": {"uv": [0.15625, 0.59375, 4.15625, 3.96875], "rotation": 180, "texture": "#body"}
			}
		},
		{
			"name": "Anvil top",
			"from": [4.8, 10.74688, 13.1],
			"to": [11.2, 15.52188, 13.9],
			"rotation": {"angle": 0, "axis": "y", "origin": [1.6, 2.74687, 1.1]},
			"faces": {
				"north": {"uv": [0, 0, 4, 4], "rotation": 180, "texture": "#body"},
				"east": {"uv": [0, 0, 4, 4], "rotation": 180, "texture": "#body"},
				"south": {"uv": [0, 0, 4, 4], "rotation": 180, "texture": "#body"},
				"west": {"uv": [0, 0, 4, 4], "rotation": 180, "texture": "#body"},
				"up": {"uv": [3, 1, 13, 2], "rotation": 180, "texture": "#2"},
				"down": {"uv": [0, 0, 4, 4], "rotation": 180, "texture": "#body"}
			}
		},
		{
			"name": "Anvil top",
			"from": [4, 10.74688, 1.1],
			"to": [12, 15.52188, 13.1],
			"rotation": {"angle": 0, "axis": "y", "origin": [1.6, 2.74687, 1.1]},
			"faces": {
				"north": {"uv": [0, 0, 4, 4], "rotation": 180, "texture": "#body"},
				"east": {"uv": [0, 0, 4, 4], "rotation": 180, "texture": "#body"},
				"south": {"uv": [0, 0, 4, 4], "rotation": 180, "texture": "#body"},
				"west": {"uv": [0, 0, 4, 4], "rotation": 180, "texture": "#body"},
				"up": {"uv": [3, 0, 13, 15], "rotation": 180, "texture": "#2"},
				"down": {"uv": [0, 0, 4, 4], "rotation": 180, "texture": "#body"}
			}
		},
		{
			"name": "Anvil top",
			"from": [4.8, 10.74688, 0.3],
			"to": [11.2, 15.52188, 1.1],
			"rotation": {"angle": 0, "axis": "y", "origin": [1.6, 2.74687, 1.1]},
			"faces": {
				"north": {"uv": [0, 0, 4, 4], "rotation": 180, "texture": "#body"},
				"east": {"uv": [0, 0, 4, 4], "rotation": 180, "texture": "#body"},
				"south": {"uv": [0, 0, 4, 4], "rotation": 180, "texture": "#body"},
				"west": {"uv": [0, 0, 4, 4], "rotation": 180, "texture": "#body"},
				"up": {"uv": [3, 0, 13, 1], "rotation": 180, "texture": "#2"},
				"down": {"uv": [0, 0, 4, 4], "rotation": 180, "texture": "#body"}
			}
		},
		{
			"from": [9.25386, 15.2125, 1.67556],
			"to": [11.20386, 17.1625, 6.87556],
			"rotation": {"angle": 22.5, "axis": "y", "origin": [7.95386, 16.1875, 4.27556]},
			"faces": {
				"north": {"uv": [8, 2, 12, 0], "rotation": 90, "texture": "#3"},
				"east": {"uv": [12, 0, 8, 1.5], "texture": "#3"},
				"south": {"uv": [8, 2, 12, 0], "rotation": 270, "texture": "#3"},
				"west": {"uv": [12, 0, 8, 1.5], "rotation": 180, "texture": "#3"},
				"up": {"uv": [8, 2, 12, 0], "rotation": 270, "texture": "#3"}
			}
		},
		{
			"from": [2.10386, 15.5375, 3.62556],
			"to": [9.25386, 16.8375, 4.92556],
			"rotation": {"angle": 22.5, "axis": "y", "origin": [7.95386, 16.1875, 4.27556]},
			"faces": {
				"north": {"uv": [9.5, 9, 10.5, 2], "rotation": 90, "texture": "#3"},
				"east": {"uv": [0, 0, 0, 0], "texture": "#3"},
				"south": {"uv": [9.5, 9, 10.5, 2], "rotation": 270, "texture": "#3"},
				"west": {"uv": [10.5, 8.5, 9.5, 9], "rotation": 180, "texture": "#3"},
				"up": {"uv": [9.5, 9, 10.5, 2], "rotation": 270, "texture": "#3"},
				"down": {"uv": [9.5, 9, 10.5, 2], "rotation": 270, "texture": "#3"}
			}
		},
		{
			"from": [12.5, 8.5, 2.5],
			"to": [14.5, 10.5, 13.5],
			"rotation": {"angle": 0, "axis": "y", "origin": [2.5, 16.5, 0]},
			"faces": {
				"north": {"uv": [16, 12, 14, 14], "rotation": 180, "texture": "#body"},
				"east": {"uv": [16, 0, 14, 16], "rotation": 90, "texture": "#body"},
				"south": {"uv": [16, 0, 14, 2], "texture": "#body"},
				"west": {"uv": [16, 0, 14, 16], "rotation": 270, "texture": "#body"},
				"up": {"uv": [16, 0, 14, 16], "texture": "#body"},
				"down": {"uv": [16, 0, 14, 16], "texture": "#body"}
			}
		},
		{
			"from": [1.21875, 0, 14],
			"to": [3.71875, 12, 17],
			"rotation": {"angle": -22.5, "axis": "x", "origin": [-0.28125, 0, 17]},
			"faces": {
				"north": {"uv": [16, 4, 13, 16], "texture": "#body"},
				"east": {"uv": [16, 4, 13, 16], "texture": "#body"},
				"south": {"uv": [16, 4, 13, 16], "texture": "#body"},
				"west": {"uv": [16, 4, 13, 16], "texture": "#body"},
				"up": {"uv": [13, 3, 16, 0], "texture": "#body"},
				"down": {"uv": [13, 16, 16, 13], "texture": "#body"}
			}
		},
		{
			"from": [1.21875, 0, -1],
			"to": [3.71875, 12, 2],
			"rotation": {"angle": 22.5, "axis": "x", "origin": [-0.28125, 0, -1]},
			"faces": {
				"north": {"uv": [13, 4, 16, 16], "texture": "#body"},
				"east": {"uv": [13, 4, 16, 16], "texture": "#body"},
				"south": {"uv": [13, 4, 16, 16], "texture": "#body"},
				"west": {"uv": [13, 4, 16, 16], "texture": "#body"},
				"up": {"uv": [13, 0, 16, 3], "texture": "#body"},
				"down": {"uv": [13, 13, 16, 16], "texture": "#body"}
			}
		},
		{
			"from": [12.28125, 0, 14],
			"to": [14.78125, 12, 17],
			"rotation": {"angle": -22.5, "axis": "x", "origin": [16.28125, 0, 17]},
			"faces": {
				"north": {"uv": [13, 4, 16, 16], "texture": "#body"},
				"east": {"uv": [13, 4, 16, 16], "texture": "#body"},
				"south": {"uv": [13, 4, 16, 16], "texture": "#body"},
				"west": {"uv": [13, 4, 16, 16], "texture": "#body"},
				"up": {"uv": [16, 3, 13, 0], "texture": "#body"},
				"down": {"uv": [16, 16, 13, 13], "texture": "#body"}
			}
		},
		{
			"from": [12.28125, 0, -1],
			"to": [14.78125, 12, 2],
			"rotation": {"angle": 22.5, "axis": "x", "origin": [16.28125, 0, -1]},
			"faces": {
				"north": {"uv": [16, 4, 13, 16], "texture": "#body"},
				"east": {"uv": [16, 4, 13, 16], "texture": "#body"},
				"south": {"uv": [16, 4, 13, 16], "texture": "#body"},
				"west": {"uv": [16, 4, 13, 16], "texture": "#body"},
				"up": {"uv": [16, 0, 13, 3], "texture": "#body"},
				"down": {"uv": [16, 13, 13, 16], "texture": "#body"}
			}
		},
		{
			"from": [0.5, 10, 4.5],
			"to": [15.5, 12, 6.5],
			"rotation": {"angle": 0, "axis": "y", "origin": [0, 0, -1.5]},
			"faces": {
				"north": {"uv": [14, 0, 16, 16], "rotation": 90, "texture": "#body"},
				"east": {"uv": [14, 0, 16, 2], "rotation": 90, "texture": "#body"},
				"south": {"uv": [14, 0, 16, 16], "rotation": 90, "texture": "#body"},
				"west": {"uv": [14, 12, 16, 14], "rotation": 90, "texture": "#body"},
				"up": {"uv": [16, 16, 14, 0], "rotation": 90, "texture": "#body"},
				"down": {"uv": [16, 16, 14, 0], "rotation": 90, "texture": "#body"}
			}
		},
		{
			"from": [0.5, 10, 9.5],
			"to": [15.5, 12, 11.5],
			"rotation": {"angle": 0, "axis": "y", "origin": [0, 0, 17.5]},
			"faces": {
				"north": {"uv": [14, 16, 16, 0], "rotation": 90, "texture": "#body"},
				"east": {"uv": [14, 2, 16, 0], "rotation": 90, "texture": "#body"},
				"south": {"uv": [14, 16, 16, 0], "rotation": 90, "texture": "#body"},
				"west": {"uv": [14, 14, 16, 12], "rotation": 90, "texture": "#body"},
				"up": {"uv": [14, 16, 16, 0], "rotation": 90, "texture": "#body"},
				"down": {"uv": [14, 16, 16, 0], "rotation": 90, "texture": "#body"}
			}
		},
		{
			"from": [1.5, 8.5, 2.5],
			"to": [3.5, 10.5, 13.5],
			"rotation": {"angle": 0, "axis": "y", "origin": [13.5, 16.5, 0]},
			"faces": {
				"north": {"uv": [14, 12, 16, 14], "rotation": 180, "texture": "#body"},
				"east": {"uv": [16, 16, 14, 0], "rotation": 270, "texture": "#body"},
				"south": {"uv": [14, 0, 16, 2], "texture": "#body"},
				"west": {"uv": [16, 16, 14, 0], "rotation": 90, "texture": "#body"},
				"up": {"uv": [14, 0, 16, 16], "texture": "#body"},
				"down": {"uv": [14, 0, 16, 16], "texture": "#body"}
			}
		},
		{
			"from": [2, 1, 0],
			"to": [3, 3, 16],
			"rotation": {"angle": 0, "axis": "y", "origin": [2, 3, 0]},
			"faces": {
				"east": {"uv": [16, 0, 15, 16], "rotation": 270, "texture": "#body"},
				"west": {"uv": [16, 0, 15, 16], "rotation": 90, "texture": "#body"},
				"up": {"uv": [16, 0, 15, 16], "rotation": 180, "texture": "#body"},
				"down": {"uv": [16, 0, 15, 16], "texture": "#body"}
			}
		},
		{
			"from": [13, 1, 0],
			"to": [14, 3, 16],
			"rotation": {"angle": 0, "axis": "y", "origin": [14, 3, 0]},
			"faces": {
				"east": {"uv": [14, 16, 13, 0], "rotation": 90, "texture": "#body"},
				"west": {"uv": [15, 16, 14, 0], "rotation": 270, "texture": "#body"},
				"up": {"uv": [15, 0, 16, 16], "rotation": 180, "texture": "#body"},
				"down": {"uv": [14, 0, 15, 16], "texture": "#body"}
			}
		},
		{
			"from": [2.5, 1, 1],
			"to": [13.5, 3, 2],
			"rotation": {"angle": 0, "axis": "y", "origin": [2.5, 3, 1]},
			"faces": {
				"north": {"uv": [14, 0, 16, 11], "rotation": 270, "texture": "#body"},
				"east": {"uv": [14, 4, 16, 5], "rotation": 90, "texture": "#body"},
				"south": {"uv": [14, 0, 16, 11], "rotation": 90, "texture": "#body"},
				"west": {"uv": [14, 7, 16, 8], "rotation": 90, "texture": "#body"},
				"up": {"uv": [14, 0, 16, 11], "rotation": 90, "texture": "#body"},
				"down": {"uv": [14, 0, 16, 11], "rotation": 90, "texture": "#body"}
			}
		}
	],
	"display": {
		"thirdperson_righthand": {
			"rotation": [75, 45, 0],
			"translation": [0, 2.5, 0],
			"scale": [0.375, 0.375, 0.375]
		},
		"thirdperson_lefthand": {
			"rotation": [75, 45, 0],
			"translation": [0, 2.5, 0],
			"scale": [0.375, 0.375, 0.375]
		},
		"firstperson_righthand": {
			"rotation": [0, 45, 0],
			"scale": [0.4, 0.4, 0.4]
		},
		"firstperson_lefthand": {
			"rotation": [0, 225, 0],
			"scale": [0.4, 0.4, 0.4]
		},
		"ground": {
			"translation": [0, 3, 0],
			"scale": [0.25, 0.25, 0.25]
		},
		"gui": {
			"rotation": [30, 225, 0],
			"scale": [0.625, 0.625, 0.625]
		},
		"fixed": {
			"scale": [0.5, 0.5, 0.5]
		}
	},
	"groups": [
		{
			"name": "Top",
			"origin": [0, 0, 0],
			"color": 0,
			"children": [0, 1, 2, 3, 4, 5]
		},
		{
			"name": "hammer",
			"origin": [7, 17, 10.125],
			"color": 0,
			"children": [6, 7]
		},
		{
			"name": "Legs",
			"origin": [12.5, 16.5, 0],
			"color": 0,
			"children": [8, 9, 10, 11, 12, 13, 14, 15]
		},
		16,
		17,
		18
	]
}