{
	"credit": "Made with Blockbench",
	"textures": {
		"0": "block/solar_cells_day",
		"particle": "block/solar_cells_day"
	},
	"elements": [
		{
			"name": "bass 1",
			"from": [7.5, 1, 7.5],
			"to": [8.5, 8, 8.5],
			"rotation": {"angle": 0, "axis": "y", "origin": [8, 9, 8]},
			"faces": {
				"north": {"uv": [8, 0, 9, 16], "texture": "#0"},
				"east": {"uv": [8, 0, 9, 16], "texture": "#0"},
				"south": {"uv": [8, 0, 9, 16], "texture": "#0"},
				"west": {"uv": [8, 0, 9, 16], "texture": "#0"},
				"up": {"uv": [8, 0, 9, 16], "texture": "#0"},
				"down": {"uv": [8, 0, 9, 16], "texture": "#0"}
			}
		},
		{
			"name": "bass 2",
			"from": [0, 8, 7.5],
			"to": [16, 9, 8.5],
			"rotation": {"angle": 0, "axis": "y", "origin": [7.5, 11.5, 8]},
			"faces": {
				"north": {"uv": [8, 0, 9, 16], "texture": "#0"},
				"east": {"uv": [8, 0, 9, 16], "texture": "#0"},
				"south": {"uv": [8, 0, 9, 16], "texture": "#0"},
				"west": {"uv": [8, 0, 9, 16], "texture": "#0"},
				"up": {"uv": [8, 0, 9, 16], "texture": "#0"},
				"down": {"uv": [8, 0, 9, 16], "texture": "#0"}
			}
		},
		{
			"name": "bass 3",
			"from": [8.5, 8.5, 1],
			"to": [16, 9.5, 15],
			"rotation": {"angle": -22.5, "axis": "x", "origin": [8, 9, 7]},
			"faces": {
				"north": {"uv": [0, 0, 0.5, 16], "rotation": 180, "texture": "#0"},
				"east": {"uv": [0, 0, 0.5, 16], "rotation": 180, "texture": "#0"},
				"south": {"uv": [0, 0, 0.5, 16], "rotation": 180, "texture": "#0"},
				"west": {"uv": [0, 0, 0.5, 16], "rotation": 180, "texture": "#0"},
				"up": {"uv": [0, 0, 8, 16], "rotation": 180, "texture": "#0"},
				"down": {"uv": [0, 0, 0.5, 0.5], "rotation": 180, "texture": "#0"}
			}
		},
		{
			"name": "bass 4",
			"from": [0, 8.5, 1],
			"to": [7.5, 9.5, 15],
			"rotation": {"angle": -22.5, "axis": "x", "origin": [8, 9, 7]},
			"faces": {
				"north": {"uv": [0, 0, 0.5, 16], "rotation": 180, "texture": "#0"},
				"east": {"uv": [0, 0, 0.5, 16], "rotation": 180, "texture": "#0"},
				"south": {"uv": [0, 0, 0.5, 16], "rotation": 180, "texture": "#0"},
				"west": {"uv": [0, 0, 0.5, 16], "rotation": 180, "texture": "#0"},
				"up": {"uv": [0, 0, 8, 16], "texture": "#0"},
				"down": {"uv": [0, 0, 0.5, 16], "rotation": 180, "texture": "#0"}
			}
		},
		{
			"name": "bass 1",
			"from": [0.25, 0, 0.25],
			"to": [15.75, 1, 15.75],
			"faces": {
				"north": {"uv": [9, 0, 12, 3], "texture": "#0"},
				"east": {"uv": [9, 0, 12, 3], "texture": "#0"},
				"south": {"uv": [9, 0, 12, 3], "texture": "#0"},
				"west": {"uv": [9, 0, 12, 3], "texture": "#0"},
				"up": {"uv": [9, 0, 12, 3], "texture": "#0"},
				"down": {"uv": [9, 0, 12, 3], "texture": "#0"}
			}
		},
		{
			"name": "bass 2",
			"from": [13.75, 1, 13.75],
			"to": [15.25, 6, 15.25],
			"faces": {
				"north": {"uv": [9, 3, 10.5, 7.5], "texture": "#0"},
				"east": {"uv": [9, 3, 10.5, 7.5], "texture": "#0"},
				"south": {"uv": [9, 3, 10.5, 7.5], "texture": "#0"},
				"west": {"uv": [9, 3, 10.5, 7.5], "texture": "#0"},
				"up": {"uv": [9, 3, 10.5, 3.5], "rotation": 180, "texture": "#0"},
				"down": {"uv": [9, 3, 10.5, 7.5], "rotation": 180, "texture": "#0"}
			}
		},
		{
			"name": "bass 2",
			"from": [0.25, 0, 15.75],
			"to": [15.75, 0.5, 16],
			"faces": {
				"north": {"uv": [9, 0, 12, 3], "texture": "#0"},
				"east": {"uv": [9, 0, 12, 3], "texture": "#0"},
				"south": {"uv": [9, 0, 12, 3], "texture": "#0"},
				"west": {"uv": [9, 0, 12, 3], "texture": "#0"},
				"up": {"uv": [9, 0, 12, 3], "texture": "#0"},
				"down": {"uv": [9, 0, 12, 3], "texture": "#0"}
			}
		},
		{
			"name": "bass 3",
			"from": [0.00005, -0.00005, 0],
			"to": [0.25, 0.5, 16],
			"rotation": {"angle": 0, "axis": "y", "origin": [8.0136, 0.24998, 8.01353]},
			"faces": {
				"north": {"uv": [9, 0, 12, 3], "rotation": 90, "texture": "#0"},
				"east": {"uv": [9, 0, 12, 3], "rotation": 90, "texture": "#0"},
				"south": {"uv": [9, 0, 12, 3], "rotation": 90, "texture": "#0"},
				"west": {"uv": [9, 0, 12, 3], "rotation": 90, "texture": "#0"},
				"up": {"uv": [9, 0, 12, 3], "rotation": 90, "texture": "#0"},
				"down": {"uv": [9, 0, 12, 3], "rotation": 90, "texture": "#0"}
			}
		},
		{
			"name": "bass 4",
			"from": [0.25, 0, 0],
			"to": [15.75, 0.5, 0.25],
			"faces": {
				"north": {"uv": [9, 0, 12, 3], "texture": "#0"},
				"east": {"uv": [9, 0, 12, 3], "texture": "#0"},
				"south": {"uv": [9, 0, 12, 3], "texture": "#0"},
				"west": {"uv": [9, 0, 12, 3], "texture": "#0"},
				"up": {"uv": [9, 0, 12, 3], "texture": "#0"},
				"down": {"uv": [9, 0, 12, 3], "texture": "#0"}
			}
		},
		{
			"name": "bass 5",
			"from": [15.75, -0.00005, 0],
			"to": [16.00005, 0.5, 16],
			"rotation": {"angle": 0, "axis": "y", "origin": [8.0136, 0.24998, 8.01353]},
			"faces": {
				"north": {"uv": [9, 0, 12, 3], "rotation": 90, "texture": "#0"},
				"east": {"uv": [9, 0, 12, 3], "rotation": 90, "texture": "#0"},
				"south": {"uv": [9, 0, 12, 3], "rotation": 90, "texture": "#0"},
				"west": {"uv": [9, 0, 12, 3], "rotation": 90, "texture": "#0"},
				"up": {"uv": [9, 0, 12, 3], "rotation": 90, "texture": "#0"},
				"down": {"uv": [9, 0, 12, 3], "rotation": 90, "texture": "#0"}
			}
		}
	],
	"display": {
		"thirdperson_righthand": {
			"rotation": [75, 45, 0],
			"translation": [0, 2.5, 0],
			"scale": [0.375, 0.375, 0.375]
		},
		"thirdperson_lefthand": {
			"rotation": [75, 45, 0],
			"translation": [0, 2.5, 0],
			"scale": [0.375, 0.375, 0.375]
		},
		"firstperson_righthand": {
			"rotation": [0, 45, 0],
			"scale": [0.4, 0.4, 0.4]
		},
		"firstperson_lefthand": {
			"rotation": [0, 225, 0],
			"scale": [0.4, 0.4, 0.4]
		},
		"ground": {
			"translation": [0, 3, 0],
			"scale": [0.25, 0.25, 0.25]
		},
		"gui": {
			"rotation": [30, 225, 0],
			"scale": [0.625, 0.625, 0.625]
		},
		"fixed": {
			"scale": [0.5, 0.5, 0.5]
		}
	},
	"groups": [
		{
			"name": "top",
			"origin": [8, 8, 7],
			"children": [0, 1, 2, 3]
		},
		{
			"name": "bottom",
			"origin": [8, 8, 8],
			"children": [4, 5, 6, 7, 8, 9]
		}
	]
}