{
	"credit": "Made with Blockbench",
	"textures": {
		"0": "custom/iron_door_t",
		"particle": "custom/iron_door_t"
	},
	"elements": [
		{
			"name": "bass 1",
			"from": [0, 0, 15],
			"to": [4, 16, 16],
			"faces": {
				"north": {"uv": [4, 16, 0, 0], "texture": "#0"},
				"east": {"uv": [4, 16, 0, 0], "texture": "#0"},
				"south": {"uv": [4, 16, 0, 0], "texture": "#0"},
				"west": {"uv": [4, 16, 0, 0], "texture": "#0"},
				"up": {"uv": [0, 0, 4, 16], "texture": "#0"},
				"down": {"uv": [0, 0, 4, 16], "texture": "#0"}
			}
		},
		{
			"name": "bass 2",
			"from": [0, 11.3735, 16.4375],
			"to": [1, 14.875, 16.6875],
			"rotation": {"angle": -22.5, "axis": "x", "origin": [2, 8, 14.5]},
			"faces": {
				"north": {"uv": [4, 16, 0, 0], "texture": "#0"},
				"east": {"uv": [4, 16, 0, 0], "texture": "#0"},
				"south": {"uv": [4, 16, 0, 0], "texture": "#0"},
				"west": {"uv": [4, 16, 0, 0], "texture": "#0"},
				"up": {"uv": [0, 0, 4, 16], "texture": "#0"},
				"down": {"uv": [0, 0, 4, 16], "texture": "#0"}
			}
		},
		{
			"name": "bass 3",
			"from": [3, 11.3735, 16.4375],
			"to": [4, 14.875, 16.6875],
			"rotation": {"angle": -22.5, "axis": "x", "origin": [5, 8, 14.5]},
			"faces": {
				"north": {"uv": [4, 16, 0, 0], "texture": "#0"},
				"east": {"uv": [4, 16, 0, 0], "texture": "#0"},
				"south": {"uv": [4, 16, 0, 0], "texture": "#0"},
				"west": {"uv": [4, 16, 0, 0], "texture": "#0"},
				"up": {"uv": [0, 0, 4, 16], "texture": "#0"},
				"down": {"uv": [0, 0, 4, 16], "texture": "#0"}
			}
		},
		{
			"name": "bass 3",
			"from": [0, 14.63007, 16.66617],
			"to": [1, 15.50657, 16.91617],
			"rotation": {"angle": -45, "axis": "x", "origin": [2, 11.25657, 14.72867]},
			"faces": {
				"north": {"uv": [4, 16, 0, 0], "texture": "#0"},
				"east": {"uv": [4, 16, 0, 0], "texture": "#0"},
				"south": {"uv": [4, 16, 0, 0], "texture": "#0"},
				"west": {"uv": [4, 16, 0, 0], "texture": "#0"},
				"up": {"uv": [0, 0, 4, 16], "texture": "#0"},
				"down": {"uv": [0, 0, 4, 16], "texture": "#0"}
			}
		},
		{
			"name": "bass 4",
			"from": [3, 14.63007, 16.66617],
			"to": [4, 15.50657, 16.91617],
			"rotation": {"angle": -45, "axis": "x", "origin": [5, 11.25657, 14.72867]},
			"faces": {
				"north": {"uv": [4, 16, 0, 0], "texture": "#0"},
				"east": {"uv": [4, 16, 0, 0], "texture": "#0"},
				"south": {"uv": [4, 16, 0, 0], "texture": "#0"},
				"west": {"uv": [4, 16, 0, 0], "texture": "#0"},
				"up": {"uv": [0, 0, 4, 16], "texture": "#0"},
				"down": {"uv": [0, 0, 4, 16], "texture": "#0"}
			}
		},
		{
			"name": "bass 5",
			"from": [0, 15.61309, 0],
			"to": [1, 16, 15],
			"rotation": {"angle": 0, "axis": "x", "origin": [2, 13.61309, 16.23818]},
			"faces": {
				"north": {"uv": [4, 16, 0, 0], "texture": "#0"},
				"east": {"uv": [4, 16, 0, 0], "texture": "#0"},
				"south": {"uv": [4, 16, 0, 0], "texture": "#0"},
				"west": {"uv": [4, 16, 0, 0], "texture": "#0"},
				"up": {"uv": [0, 0, 4, 16], "texture": "#0"},
				"down": {"uv": [0, 0, 4, 16], "texture": "#0"}
			}
		},
		{
			"name": "bass 6",
			"from": [3, 15.61309, 0],
			"to": [4, 16, 15],
			"rotation": {"angle": 0, "axis": "x", "origin": [5, 13.61309, 16.23818]},
			"faces": {
				"north": {"uv": [4, 16, 0, 0], "texture": "#0"},
				"east": {"uv": [4, 16, 0, 0], "texture": "#0"},
				"south": {"uv": [4, 16, 0, 0], "texture": "#0"},
				"west": {"uv": [4, 16, 0, 0], "texture": "#0"},
				"up": {"uv": [0, 0, 4, 16], "texture": "#0"},
				"down": {"uv": [0, 0, 4, 16], "texture": "#0"}
			}
		},
		{
			"name": "bass 6",
			"from": [0, 12.47618, 14.75],
			"to": [1, 15.61309, 15],
			"rotation": {"angle": 0, "axis": "x", "origin": [2, 13.72618, 16.23818]},
			"faces": {
				"north": {"uv": [4, 16, 0, 0], "texture": "#0"},
				"east": {"uv": [4, 16, 0, 0], "texture": "#0"},
				"south": {"uv": [4, 16, 0, 0], "texture": "#0"},
				"west": {"uv": [4, 16, 0, 0], "texture": "#0"},
				"up": {"uv": [0, 0, 4, 16], "texture": "#0"},
				"down": {"uv": [0, 0, 4, 16], "texture": "#0"}
			}
		},
		{
			"name": "bass 7",
			"from": [3, 12.47618, 14.75],
			"to": [4, 15.61309, 15],
			"rotation": {"angle": 0, "axis": "x", "origin": [5, 13.72618, 16.23818]},
			"faces": {
				"north": {"uv": [4, 16, 0, 0], "texture": "#0"},
				"east": {"uv": [4, 16, 0, 0], "texture": "#0"},
				"south": {"uv": [4, 16, 0, 0], "texture": "#0"},
				"west": {"uv": [4, 16, 0, 0], "texture": "#0"},
				"up": {"uv": [0, 0, 4, 16], "texture": "#0"},
				"down": {"uv": [0, 0, 4, 16], "texture": "#0"}
			}
		},
		{
			"name": "bass 7",
			"from": [0, 14.27418, 14],
			"to": [1, 15.61309, 14.75],
			"rotation": {"angle": 0, "axis": "x", "origin": [2, 13.72618, 16.23818]},
			"faces": {
				"north": {"uv": [4, 16, 0, 0], "texture": "#0"},
				"east": {"uv": [4, 16, 0, 0], "texture": "#0"},
				"south": {"uv": [4, 16, 0, 0], "texture": "#0"},
				"west": {"uv": [4, 16, 0, 0], "texture": "#0"},
				"up": {"uv": [0, 0, 4, 16], "texture": "#0"},
				"down": {"uv": [0, 0, 4, 16], "texture": "#0"}
			}
		},
		{
			"name": "bass 8",
			"from": [3, 14.27418, 14],
			"to": [4, 15.61309, 14.75],
			"rotation": {"angle": 0, "axis": "x", "origin": [5, 13.72618, 16.23818]},
			"faces": {
				"north": {"uv": [4, 16, 0, 0], "texture": "#0"},
				"east": {"uv": [4, 16, 0, 0], "texture": "#0"},
				"south": {"uv": [4, 16, 0, 0], "texture": "#0"},
				"west": {"uv": [4, 16, 0, 0], "texture": "#0"},
				"up": {"uv": [0, 0, 4, 16], "texture": "#0"},
				"down": {"uv": [0, 0, 4, 16], "texture": "#0"}
			}
		},
		{
			"name": "bass 8",
			"from": [0, 14.90218, 13.75],
			"to": [1, 15.61309, 14],
			"rotation": {"angle": 0, "axis": "x", "origin": [2, 13.72618, 16.23818]},
			"faces": {
				"north": {"uv": [4, 16, 0, 0], "texture": "#0"},
				"east": {"uv": [4, 16, 0, 0], "texture": "#0"},
				"south": {"uv": [4, 16, 0, 0], "texture": "#0"},
				"west": {"uv": [4, 16, 0, 0], "texture": "#0"},
				"up": {"uv": [0, 0, 4, 16], "texture": "#0"},
				"down": {"uv": [0, 0, 4, 16], "texture": "#0"}
			}
		},
		{
			"name": "bass 9",
			"from": [3, 14.90218, 13.75],
			"to": [4, 15.61309, 14],
			"rotation": {"angle": 0, "axis": "x", "origin": [5, 13.72618, 16.23818]},
			"faces": {
				"north": {"uv": [4, 16, 0, 0], "texture": "#0"},
				"east": {"uv": [4, 16, 0, 0], "texture": "#0"},
				"south": {"uv": [4, 16, 0, 0], "texture": "#0"},
				"west": {"uv": [4, 16, 0, 0], "texture": "#0"},
				"up": {"uv": [0, 0, 4, 16], "texture": "#0"},
				"down": {"uv": [0, 0, 4, 16], "texture": "#0"}
			}
		},
		{
			"name": "bass 9",
			"from": [0, 15.32218, 13.436],
			"to": [1, 15.61309, 13.75],
			"rotation": {"angle": 0, "axis": "x", "origin": [2, 13.72618, 16.23818]},
			"faces": {
				"north": {"uv": [4, 16, 0, 0], "texture": "#0"},
				"east": {"uv": [4, 16, 0, 0], "texture": "#0"},
				"south": {"uv": [4, 16, 0, 0], "texture": "#0"},
				"west": {"uv": [4, 16, 0, 0], "texture": "#0"},
				"up": {"uv": [0, 0, 4, 16], "texture": "#0"},
				"down": {"uv": [0, 0, 4, 16], "texture": "#0"}
			}
		},
		{
			"name": "bass 10",
			"from": [3, 15.32218, 13.436],
			"to": [4, 15.61309, 13.75],
			"rotation": {"angle": 0, "axis": "x", "origin": [5, 13.72618, 16.23818]},
			"faces": {
				"north": {"uv": [4, 16, 0, 0], "texture": "#0"},
				"east": {"uv": [4, 16, 0, 0], "texture": "#0"},
				"south": {"uv": [4, 16, 0, 0], "texture": "#0"},
				"west": {"uv": [4, 16, 0, 0], "texture": "#0"},
				"up": {"uv": [0, 0, 4, 16], "texture": "#0"},
				"down": {"uv": [0, 0, 4, 16], "texture": "#0"}
			}
		},
		{
			"name": "bass 8",
			"from": [0, 13.11418, 14.5],
			"to": [1, 14.27418, 14.75],
			"rotation": {"angle": 0, "axis": "x", "origin": [2, 13.72618, 16.23818]},
			"faces": {
				"north": {"uv": [4, 16, 0, 0], "texture": "#0"},
				"east": {"uv": [4, 16, 0, 0], "texture": "#0"},
				"south": {"uv": [4, 16, 0, 0], "texture": "#0"},
				"west": {"uv": [4, 16, 0, 0], "texture": "#0"},
				"up": {"uv": [0, 0, 4, 16], "texture": "#0"},
				"down": {"uv": [0, 0, 4, 16], "texture": "#0"}
			}
		},
		{
			"name": "bass 9",
			"from": [3, 13.11418, 14.5],
			"to": [4, 14.27418, 14.75],
			"rotation": {"angle": 0, "axis": "x", "origin": [5, 13.72618, 16.23818]},
			"faces": {
				"north": {"uv": [4, 16, 0, 0], "texture": "#0"},
				"east": {"uv": [4, 16, 0, 0], "texture": "#0"},
				"south": {"uv": [4, 16, 0, 0], "texture": "#0"},
				"west": {"uv": [4, 16, 0, 0], "texture": "#0"},
				"up": {"uv": [0, 0, 4, 16], "texture": "#0"},
				"down": {"uv": [0, 0, 4, 16], "texture": "#0"}
			}
		},
		{
			"name": "bass 9",
			"from": [0, 13.67818, 14.25],
			"to": [1, 14.27418, 14.5],
			"rotation": {"angle": 0, "axis": "x", "origin": [2, 13.72618, 16.23818]},
			"faces": {
				"north": {"uv": [4, 16, 0, 0], "texture": "#0"},
				"east": {"uv": [4, 16, 0, 0], "texture": "#0"},
				"south": {"uv": [4, 16, 0, 0], "texture": "#0"},
				"west": {"uv": [4, 16, 0, 0], "texture": "#0"},
				"up": {"uv": [0, 0, 4, 16], "texture": "#0"},
				"down": {"uv": [0, 0, 4, 16], "texture": "#0"}
			}
		},
		{
			"name": "bass 10",
			"from": [3, 13.67818, 14.25],
			"to": [4, 14.27418, 14.5],
			"rotation": {"angle": 0, "axis": "x", "origin": [5, 13.72618, 16.23818]},
			"faces": {
				"north": {"uv": [4, 16, 0, 0], "texture": "#0"},
				"east": {"uv": [4, 16, 0, 0], "texture": "#0"},
				"south": {"uv": [4, 16, 0, 0], "texture": "#0"},
				"west": {"uv": [4, 16, 0, 0], "texture": "#0"},
				"up": {"uv": [0, 0, 4, 16], "texture": "#0"},
				"down": {"uv": [0, 0, 4, 16], "texture": "#0"}
			}
		},
		{
			"name": "bass 6",
			"from": [1, 0, 0],
			"to": [3, 16, 15],
			"faces": {
				"north": {"uv": [16, 16, 8, 8], "texture": "#0"},
				"east": {"uv": [16, 16, 8, 8], "rotation": 270, "texture": "#0"},
				"south": {"uv": [16, 16, 8, 8], "texture": "#0"},
				"west": {"uv": [16, 16, 8, 8], "texture": "#0"},
				"up": {"uv": [8, 8, 16, 16], "texture": "#0"},
				"down": {"uv": [8, 8, 16, 16], "texture": "#0"}
			}
		},
		{
			"name": "bass 7",
			"from": [0.875, 7, -7.422],
			"to": [1, 8, 12],
			"rotation": {"angle": 45, "axis": "x", "origin": [0.92356, 0.5115, 7.47458]},
			"faces": {
				"north": {"uv": [14.5, 8.5, 10, 7.5], "texture": "#0"},
				"east": {"uv": [14.5, 8.5, 10, 7.5], "texture": "#0"},
				"south": {"uv": [14.5, 8.5, 10, 7.5], "texture": "#0"},
				"west": {"uv": [14.5, 8.5, 10, 7.5], "texture": "#0"},
				"up": {"uv": [10, 7.5, 14.5, 8.5], "texture": "#0"},
				"down": {"uv": [10, 7.5, 14.5, 8.5], "texture": "#0"}
			}
		},
		{
			"name": "bass 8",
			"from": [3, 7, -7.422],
			"to": [3.125, 8, 12],
			"rotation": {"angle": 45, "axis": "x", "origin": [3.04856, 0.5115, 7.47458]},
			"faces": {
				"north": {"uv": [14.5, 8.5, 10, 7.5], "texture": "#0"},
				"east": {"uv": [14.5, 8.5, 10, 7.5], "texture": "#0"},
				"south": {"uv": [14.5, 8.5, 10, 7.5], "texture": "#0"},
				"west": {"uv": [14.5, 8.5, 10, 7.5], "texture": "#0"},
				"up": {"uv": [10, 7.5, 14.5, 8.5], "texture": "#0"},
				"down": {"uv": [10, 7.5, 14.5, 8.5], "texture": "#0"}
			}
		}
	],
	"groups": [
		{
			"name": "bass",
			"origin": [8, 8, 8],
			"children": [
				{
					"name": "t",
					"origin": [8, 8, 8],
					"children": [0, 1, 2, 3, 4, 5, 6, 7, 8, 9, 10, 11, 12, 13, 14, 15, 16, 17, 18, 19, 20, 21]
				}
			]
		}
	]
}