{
	"credit": "Made with Blockbench",
	"textures": {
		"0": "custom/iron_door_t",
		"particle": "custom/iron_door_t"
	},
	"elements": [
		{
			"name": "bass 1",
			"from": [0, 0, 15],
			"to": [4, 16, 16],
			"faces": {
				"north": {"uv": [4, 0, 0, 16], "texture": "#0"},
				"east": {"uv": [4, 0, 0, 16], "texture": "#0"},
				"south": {"uv": [4, 0, 0, 16], "texture": "#0"},
				"west": {"uv": [4, 0, 0, 16], "texture": "#0"},
				"up": {"uv": [0, 16, 4, 0], "texture": "#0"},
				"down": {"uv": [0, 16, 4, 0], "texture": "#0"}
			}
		},
		{
			"name": "bass 2",
			"from": [0, 1.125, 16.4375],
			"to": [1, 4.6265, 16.6875],
			"rotation": {"angle": 22.5, "axis": "x", "origin": [2, 8, 14.5]},
			"faces": {
				"north": {"uv": [4, 0, 0, 16], "texture": "#0"},
				"east": {"uv": [4, 0, 0, 16], "texture": "#0"},
				"south": {"uv": [4, 0, 0, 16], "texture": "#0"},
				"west": {"uv": [4, 0, 0, 16], "texture": "#0"},
				"up": {"uv": [0, 16, 4, 0], "texture": "#0"},
				"down": {"uv": [0, 16, 4, 0], "texture": "#0"}
			}
		},
		{
			"name": "bass 3",
			"from": [3, 1.125, 16.4375],
			"to": [4, 4.6265, 16.6875],
			"rotation": {"angle": 22.5, "axis": "x", "origin": [5, 8, 14.5]},
			"faces": {
				"north": {"uv": [4, 0, 0, 16], "texture": "#0"},
				"east": {"uv": [4, 0, 0, 16], "texture": "#0"},
				"south": {"uv": [4, 0, 0, 16], "texture": "#0"},
				"west": {"uv": [4, 0, 0, 16], "texture": "#0"},
				"up": {"uv": [0, 16, 4, 0], "texture": "#0"},
				"down": {"uv": [0, 16, 4, 0], "texture": "#0"}
			}
		},
		{
			"name": "bass 3",
			"from": [0, 0.49343, 16.66617],
			"to": [1, 1.36993, 16.91617],
			"rotation": {"angle": 45, "axis": "x", "origin": [2, 4.74343, 14.72867]},
			"faces": {
				"north": {"uv": [4, 0, 0, 16], "texture": "#0"},
				"east": {"uv": [4, 0, 0, 16], "texture": "#0"},
				"south": {"uv": [4, 0, 0, 16], "texture": "#0"},
				"west": {"uv": [4, 0, 0, 16], "texture": "#0"},
				"up": {"uv": [0, 16, 4, 0], "texture": "#0"},
				"down": {"uv": [0, 16, 4, 0], "texture": "#0"}
			}
		},
		{
			"name": "bass 4",
			"from": [3, 0.49343, 16.66617],
			"to": [4, 1.36993, 16.91617],
			"rotation": {"angle": 45, "axis": "x", "origin": [5, 4.74343, 14.72867]},
			"faces": {
				"north": {"uv": [4, 0, 0, 16], "texture": "#0"},
				"east": {"uv": [4, 0, 0, 16], "texture": "#0"},
				"south": {"uv": [4, 0, 0, 16], "texture": "#0"},
				"west": {"uv": [4, 0, 0, 16], "texture": "#0"},
				"up": {"uv": [0, 16, 4, 0], "texture": "#0"},
				"down": {"uv": [0, 16, 4, 0], "texture": "#0"}
			}
		},
		{
			"name": "bass 5",
			"from": [0, 0, 0],
			"to": [1, 0.38691, 15],
			"rotation": {"angle": 0, "axis": "x", "origin": [2, 2.38691, 16.23818]},
			"faces": {
				"north": {"uv": [4, 0, 0, 16], "texture": "#0"},
				"east": {"uv": [4, 0, 0, 16], "texture": "#0"},
				"south": {"uv": [4, 0, 0, 16], "texture": "#0"},
				"west": {"uv": [4, 0, 0, 16], "texture": "#0"},
				"up": {"uv": [0, 16, 4, 0], "texture": "#0"},
				"down": {"uv": [0, 16, 4, 0], "texture": "#0"}
			}
		},
		{
			"name": "bass 6",
			"from": [3, 0, 0],
			"to": [4, 0.38691, 15],
			"rotation": {"angle": 0, "axis": "x", "origin": [5, 2.38691, 16.23818]},
			"faces": {
				"north": {"uv": [4, 0, 0, 16], "texture": "#0"},
				"east": {"uv": [4, 0, 0, 16], "texture": "#0"},
				"south": {"uv": [4, 0, 0, 16], "texture": "#0"},
				"west": {"uv": [4, 0, 0, 16], "texture": "#0"},
				"up": {"uv": [0, 16, 4, 0], "texture": "#0"},
				"down": {"uv": [0, 16, 4, 0], "texture": "#0"}
			}
		},
		{
			"name": "bass 6",
			"from": [0, 0.38691, 14.75],
			"to": [1, 3.52382, 15],
			"rotation": {"angle": 0, "axis": "x", "origin": [2, 2.27382, 16.23818]},
			"faces": {
				"north": {"uv": [4, 0, 0, 16], "texture": "#0"},
				"east": {"uv": [4, 0, 0, 16], "texture": "#0"},
				"south": {"uv": [4, 0, 0, 16], "texture": "#0"},
				"west": {"uv": [4, 0, 0, 16], "texture": "#0"},
				"up": {"uv": [0, 16, 4, 0], "texture": "#0"},
				"down": {"uv": [0, 16, 4, 0], "texture": "#0"}
			}
		},
		{
			"name": "bass 7",
			"from": [3, 0.38691, 14.75],
			"to": [4, 3.52382, 15],
			"rotation": {"angle": 0, "axis": "x", "origin": [5, 2.27382, 16.23818]},
			"faces": {
				"north": {"uv": [4, 0, 0, 16], "texture": "#0"},
				"east": {"uv": [4, 0, 0, 16], "texture": "#0"},
				"south": {"uv": [4, 0, 0, 16], "texture": "#0"},
				"west": {"uv": [4, 0, 0, 16], "texture": "#0"},
				"up": {"uv": [0, 16, 4, 0], "texture": "#0"},
				"down": {"uv": [0, 16, 4, 0], "texture": "#0"}
			}
		},
		{
			"name": "bass 7",
			"from": [0, 0.38691, 14],
			"to": [1, 1.72582, 14.75],
			"rotation": {"angle": 0, "axis": "x", "origin": [2, 2.27382, 16.23818]},
			"faces": {
				"north": {"uv": [4, 0, 0, 16], "texture": "#0"},
				"east": {"uv": [4, 0, 0, 16], "texture": "#0"},
				"south": {"uv": [4, 0, 0, 16], "texture": "#0"},
				"west": {"uv": [4, 0, 0, 16], "texture": "#0"},
				"up": {"uv": [0, 16, 4, 0], "texture": "#0"},
				"down": {"uv": [0, 16, 4, 0], "texture": "#0"}
			}
		},
		{
			"name": "bass 8",
			"from": [3, 0.38691, 14],
			"to": [4, 1.72582, 14.75],
			"rotation": {"angle": 0, "axis": "x", "origin": [5, 2.27382, 16.23818]},
			"faces": {
				"north": {"uv": [4, 0, 0, 16], "texture": "#0"},
				"east": {"uv": [4, 0, 0, 16], "texture": "#0"},
				"south": {"uv": [4, 0, 0, 16], "texture": "#0"},
				"west": {"uv": [4, 0, 0, 16], "texture": "#0"},
				"up": {"uv": [0, 16, 4, 0], "texture": "#0"},
				"down": {"uv": [0, 16, 4, 0], "texture": "#0"}
			}
		},
		{
			"name": "bass 8",
			"from": [0, 0.38691, 13.75],
			"to": [1, 1.09782, 14],
			"rotation": {"angle": 0, "axis": "x", "origin": [2, 2.27382, 16.23818]},
			"faces": {
				"north": {"uv": [4, 0, 0, 16], "texture": "#0"},
				"east": {"uv": [4, 0, 0, 16], "texture": "#0"},
				"south": {"uv": [4, 0, 0, 16], "texture": "#0"},
				"west": {"uv": [4, 0, 0, 16], "texture": "#0"},
				"up": {"uv": [0, 16, 4, 0], "texture": "#0"},
				"down": {"uv": [0, 16, 4, 0], "texture": "#0"}
			}
		},
		{
			"name": "bass 9",
			"from": [3, 0.38691, 13.75],
			"to": [4, 1.09782, 14],
			"rotation": {"angle": 0, "axis": "x", "origin": [5, 2.27382, 16.23818]},
			"faces": {
				"north": {"uv": [4, 0, 0, 16], "texture": "#0"},
				"east": {"uv": [4, 0, 0, 16], "texture": "#0"},
				"south": {"uv": [4, 0, 0, 16], "texture": "#0"},
				"west": {"uv": [4, 0, 0, 16], "texture": "#0"},
				"up": {"uv": [0, 16, 4, 0], "texture": "#0"},
				"down": {"uv": [0, 16, 4, 0], "texture": "#0"}
			}
		},
		{
			"name": "bass 9",
			"from": [0, 0.38691, 13.436],
			"to": [1, 0.67782, 13.75],
			"rotation": {"angle": 0, "axis": "x", "origin": [2, 2.27382, 16.23818]},
			"faces": {
				"north": {"uv": [4, 0, 0, 16], "texture": "#0"},
				"east": {"uv": [4, 0, 0, 16], "texture": "#0"},
				"south": {"uv": [4, 0, 0, 16], "texture": "#0"},
				"west": {"uv": [4, 0, 0, 16], "texture": "#0"},
				"up": {"uv": [0, 16, 4, 0], "texture": "#0"},
				"down": {"uv": [0, 16, 4, 0], "texture": "#0"}
			}
		},
		{
			"name": "bass 10",
			"from": [3, 0.38691, 13.436],
			"to": [4, 0.67782, 13.75],
			"rotation": {"angle": 0, "axis": "x", "origin": [5, 2.27382, 16.23818]},
			"faces": {
				"north": {"uv": [4, 0, 0, 16], "texture": "#0"},
				"east": {"uv": [4, 0, 0, 16], "texture": "#0"},
				"south": {"uv": [4, 0, 0, 16], "texture": "#0"},
				"west": {"uv": [4, 0, 0, 16], "texture": "#0"},
				"up": {"uv": [0, 16, 4, 0], "texture": "#0"},
				"down": {"uv": [0, 16, 4, 0], "texture": "#0"}
			}
		},
		{
			"name": "bass 8",
			"from": [0, 1.72582, 14.5],
			"to": [1, 2.88582, 14.75],
			"rotation": {"angle": 0, "axis": "x", "origin": [2, 2.27382, 16.23818]},
			"faces": {
				"north": {"uv": [4, 0, 0, 16], "texture": "#0"},
				"east": {"uv": [4, 0, 0, 16], "texture": "#0"},
				"south": {"uv": [4, 0, 0, 16], "texture": "#0"},
				"west": {"uv": [4, 0, 0, 16], "texture": "#0"},
				"up": {"uv": [0, 16, 4, 0], "texture": "#0"},
				"down": {"uv": [0, 16, 4, 0], "texture": "#0"}
			}
		},
		{
			"name": "bass 9",
			"from": [3, 1.72582, 14.5],
			"to": [4, 2.88582, 14.75],
			"rotation": {"angle": 0, "axis": "x", "origin": [5, 2.27382, 16.23818]},
			"faces": {
				"north": {"uv": [4, 0, 0, 16], "texture": "#0"},
				"east": {"uv": [4, 0, 0, 16], "texture": "#0"},
				"south": {"uv": [4, 0, 0, 16], "texture": "#0"},
				"west": {"uv": [4, 0, 0, 16], "texture": "#0"},
				"up": {"uv": [0, 16, 4, 0], "texture": "#0"},
				"down": {"uv": [0, 16, 4, 0], "texture": "#0"}
			}
		},
		{
			"name": "bass 9",
			"from": [0, 1.72582, 14.25],
			"to": [1, 2.32182, 14.5],
			"rotation": {"angle": 0, "axis": "x", "origin": [2, 2.27382, 16.23818]},
			"faces": {
				"north": {"uv": [4, 0, 0, 16], "texture": "#0"},
				"east": {"uv": [4, 0, 0, 16], "texture": "#0"},
				"south": {"uv": [4, 0, 0, 16], "texture": "#0"},
				"west": {"uv": [4, 0, 0, 16], "texture": "#0"},
				"up": {"uv": [0, 16, 4, 0], "texture": "#0"},
				"down": {"uv": [0, 16, 4, 0], "texture": "#0"}
			}
		},
		{
			"name": "bass 10",
			"from": [3, 1.72582, 14.25],
			"to": [4, 2.32182, 14.5],
			"rotation": {"angle": 0, "axis": "x", "origin": [5, 2.27382, 16.23818]},
			"faces": {
				"north": {"uv": [4, 0, 0, 16], "texture": "#0"},
				"east": {"uv": [4, 0, 0, 16], "texture": "#0"},
				"south": {"uv": [4, 0, 0, 16], "texture": "#0"},
				"west": {"uv": [4, 0, 0, 16], "texture": "#0"},
				"up": {"uv": [0, 16, 4, 0], "texture": "#0"},
				"down": {"uv": [0, 16, 4, 0], "texture": "#0"}
			}
		},
		{
			"name": "bass 6",
			"from": [1, 0, 0],
			"to": [3, 16, 15],
			"faces": {
				"north": {"uv": [16, 8, 8, 16], "texture": "#0"},
				"east": {"uv": [8, 16, 16, 8], "rotation": 270, "texture": "#0"},
				"south": {"uv": [16, 8, 8, 16], "texture": "#0"},
				"west": {"uv": [16, 8, 8, 16], "texture": "#0"},
				"up": {"uv": [8, 16, 16, 8], "texture": "#0"},
				"down": {"uv": [8, 16, 16, 8], "texture": "#0"}
			}
		},
		{
			"name": "bass 7",
			"from": [0.875, 8, -7.422],
			"to": [1, 9, 12],
			"rotation": {"angle": -45, "axis": "x", "origin": [0.92356, 15.4885, 7.47458]},
			"faces": {
				"north": {"uv": [14.5, 7.5, 10, 8.5], "texture": "#0"},
				"east": {"uv": [14.5, 7.5, 10, 8.5], "texture": "#0"},
				"south": {"uv": [14.5, 7.5, 10, 8.5], "texture": "#0"},
				"west": {"uv": [14.5, 7.5, 10, 8.5], "texture": "#0"},
				"up": {"uv": [10, 8.5, 14.5, 7.5], "texture": "#0"},
				"down": {"uv": [10, 8.5, 14.5, 7.5], "texture": "#0"}
			}
		},
		{
			"name": "bass 8",
			"from": [3, 8, -7.422],
			"to": [3.125, 9, 12],
			"rotation": {"angle": -45, "axis": "x", "origin": [3.04856, 15.4885, 7.47458]},
			"faces": {
				"north": {"uv": [14.5, 7.5, 10, 8.5], "texture": "#0"},
				"east": {"uv": [14.5, 7.5, 10, 8.5], "texture": "#0"},
				"south": {"uv": [14.5, 7.5, 10, 8.5], "texture": "#0"},
				"west": {"uv": [14.5, 7.5, 10, 8.5], "texture": "#0"},
				"up": {"uv": [10, 8.5, 14.5, 7.5], "texture": "#0"},
				"down": {"uv": [10, 8.5, 14.5, 7.5], "texture": "#0"}
			}
		}
	],
	"groups": [
		{
			"name": "bass",
			"origin": [8, 8, 8],
			"children": [
				{
					"name": "b",
					"origin": [8, 8, 8],
					"children": [0, 1, 2, 3, 4, 5, 6, 7, 8, 9, 10, 11, 12, 13, 14, 15, 16, 17, 18, 19, 20, 21]
				}
			]
		}
	]
}