{
	"credit": "Made with Blockbench",
	"textures": {
		"0": "custom/iron_door_t",
		"particle": "custom/iron_door_t"
	},
	"elements": [
		{
			"name": "bass 2",
			"from": [0, 0, 0],
			"to": [4, 16, 1],
			"faces": {
				"north": {"uv": [0, 0, 4, 16], "texture": "#0"},
				"east": {"uv": [0, 0, 4, 16], "texture": "#0"},
				"south": {"uv": [0, 0, 4, 16], "texture": "#0"},
				"west": {"uv": [0, 0, 4, 16], "texture": "#0"},
				"up": {"uv": [0, 0, 4, 16], "texture": "#0"},
				"down": {"uv": [0, 0, 4, 16], "texture": "#0"}
			}
		},
		{
			"name": "bass 3",
			"from": [0, 11.3735, -1.4375],
			"to": [1, 14.875, -0.4375],
			"rotation": {"angle": 22.5, "axis": "x", "origin": [2, 8, 1.5]},
			"faces": {
				"north": {"uv": [0, 0, 4, 16], "texture": "#0"},
				"east": {"uv": [0, 0, 4, 16], "texture": "#0"},
				"south": {"uv": [0, 0, 4, 16], "texture": "#0"},
				"west": {"uv": [0, 0, 4, 16], "texture": "#0"},
				"up": {"uv": [0, 0, 4, 16], "texture": "#0"},
				"down": {"uv": [0, 0, 4, 16], "texture": "#0"}
			}
		},
		{
			"name": "bass 4",
			"from": [0, 13.7485, -1.9375],
			"to": [1, 14.875, -1.4375],
			"rotation": {"angle": 22.5, "axis": "x", "origin": [2, 8, 1.5]},
			"faces": {
				"north": {"uv": [0, 0, 4, 16], "texture": "#0"},
				"east": {"uv": [0, 0, 4, 16], "texture": "#0"},
				"south": {"uv": [0, 0, 4, 16], "texture": "#0"},
				"west": {"uv": [0, 0, 4, 16], "texture": "#0"},
				"up": {"uv": [0, 0, 4, 16], "texture": "#0"},
				"down": {"uv": [0, 0, 4, 16], "texture": "#0"}
			}
		},
		{
			"name": "bass 5",
			"from": [3, 13.7485, -1.9375],
			"to": [4, 14.875, -1.4375],
			"rotation": {"angle": 22.5, "axis": "x", "origin": [5, 8, 1.5]},
			"faces": {
				"north": {"uv": [0, 0, 4, 16], "texture": "#0"},
				"east": {"uv": [0, 0, 4, 16], "texture": "#0"},
				"south": {"uv": [0, 0, 4, 16], "texture": "#0"},
				"west": {"uv": [0, 0, 4, 16], "texture": "#0"},
				"up": {"uv": [0, 0, 4, 16], "texture": "#0"},
				"down": {"uv": [0, 0, 4, 16], "texture": "#0"}
			}
		},
		{
			"name": "bass 4",
			"from": [0, 14.38675, -1.82875],
			"to": [1, 15.26325, -0.82875],
			"rotation": {"angle": 45, "axis": "x", "origin": [2, 11.01325, 1.10875]},
			"faces": {
				"north": {"uv": [0, 0, 4, 16], "texture": "#0"},
				"east": {"uv": [0, 0, 4, 16], "texture": "#0"},
				"south": {"uv": [0, 0, 4, 16], "texture": "#0"},
				"west": {"uv": [0, 0, 4, 16], "texture": "#0"},
				"up": {"uv": [0, 0, 4, 16], "texture": "#0"},
				"down": {"uv": [0, 0, 4, 16], "texture": "#0"}
			}
		},
		{
			"name": "bass 5",
			"from": [0, 14.5781, -2.54069],
			"to": [1, 15.5186, -1.82269],
			"rotation": {"angle": 45, "axis": "x", "origin": [2, 11.2046, 0.64681]},
			"faces": {
				"north": {"uv": [0, 0, 4, 16], "texture": "#0"},
				"east": {"uv": [0, 0, 4, 16], "texture": "#0"},
				"south": {"uv": [0, 0, 4, 16], "texture": "#0"},
				"west": {"uv": [0, 0, 4, 16], "texture": "#0"},
				"up": {"uv": [0, 0, 4, 16], "texture": "#0"},
				"down": {"uv": [0, 0, 4, 16], "texture": "#0"}
			}
		},
		{
			"name": "bass 6",
			"from": [3, 14.5781, -2.54069],
			"to": [4, 15.5186, -1.82269],
			"rotation": {"angle": 45, "axis": "x", "origin": [5, 11.2046, 0.64681]},
			"faces": {
				"north": {"uv": [0, 0, 4, 16], "texture": "#0"},
				"east": {"uv": [0, 0, 4, 16], "texture": "#0"},
				"south": {"uv": [0, 0, 4, 16], "texture": "#0"},
				"west": {"uv": [0, 0, 4, 16], "texture": "#0"},
				"up": {"uv": [0, 0, 4, 16], "texture": "#0"},
				"down": {"uv": [0, 0, 4, 16], "texture": "#0"}
			}
		},
		{
			"name": "bass 5",
			"from": [0, 14.0282, 3.41776],
			"to": [1, 15.0282, 4.60676],
			"rotation": {"angle": -22.5, "axis": "x", "origin": [2, 12.0907, 0.04426]},
			"faces": {
				"north": {"uv": [0, 0, 4, 16], "texture": "#0"},
				"east": {"uv": [0, 0, 4, 16], "texture": "#0"},
				"south": {"uv": [0, 0, 4, 16], "texture": "#0"},
				"west": {"uv": [0, 0, 4, 16], "texture": "#0"},
				"up": {"uv": [0, 0, 4, 16], "texture": "#0"},
				"down": {"uv": [0, 0, 4, 16], "texture": "#0"}
			}
		},
		{
			"name": "bass 6",
			"from": [0, 15.61309, 3.13532],
			"to": [1, 16, 16],
			"rotation": {"angle": 0, "axis": "x", "origin": [2, 13.61309, -0.23818]},
			"faces": {
				"north": {"uv": [0, 0, 4, 16], "texture": "#0"},
				"east": {"uv": [0, 0, 4, 16], "texture": "#0"},
				"south": {"uv": [0, 0, 4, 16], "texture": "#0"},
				"west": {"uv": [0, 0, 4, 16], "texture": "#0"},
				"up": {"uv": [0, 0, 4, 16], "texture": "#0"},
				"down": {"uv": [0, 0, 4, 16], "texture": "#0"}
			}
		},
		{
			"name": "bass 7",
			"from": [1, 15.61309, 1.13532],
			"to": [3, 16, 16],
			"rotation": {"angle": 0, "axis": "x", "origin": [2, 13.61309, -0.23818]},
			"faces": {
				"north": {"uv": [0, 0, 4, 16], "texture": "#0"},
				"east": {"uv": [0, 0, 4, 16], "texture": "#0"},
				"south": {"uv": [0, 0, 4, 16], "texture": "#0"},
				"west": {"uv": [0, 0, 4, 16], "texture": "#0"},
				"up": {"uv": [0, 0, 4, 16], "texture": "#0"},
				"down": {"uv": [0, 0, 4, 16], "texture": "#0"}
			}
		},
		{
			"name": "bass 4",
			"from": [3, 11.3735, -1.4375],
			"to": [4, 14.875, -0.4375],
			"rotation": {"angle": 22.5, "axis": "x", "origin": [2, 8, 1.5]},
			"faces": {
				"north": {"uv": [0, 0, 4, 16], "texture": "#0"},
				"east": {"uv": [0, 0, 4, 16], "texture": "#0"},
				"south": {"uv": [0, 0, 4, 16], "texture": "#0"},
				"west": {"uv": [0, 0, 4, 16], "texture": "#0"},
				"up": {"uv": [0, 0, 4, 16], "texture": "#0"},
				"down": {"uv": [0, 0, 4, 16], "texture": "#0"}
			}
		},
		{
			"name": "bass 5",
			"from": [3, 14.38675, -1.82875],
			"to": [4, 15.26325, -0.82875],
			"rotation": {"angle": 45, "axis": "x", "origin": [2, 11.01325, 1.10875]},
			"faces": {
				"north": {"uv": [0, 0, 4, 16], "texture": "#0"},
				"east": {"uv": [0, 0, 4, 16], "texture": "#0"},
				"south": {"uv": [0, 0, 4, 16], "texture": "#0"},
				"west": {"uv": [0, 0, 4, 16], "texture": "#0"},
				"up": {"uv": [0, 0, 4, 16], "texture": "#0"},
				"down": {"uv": [0, 0, 4, 16], "texture": "#0"}
			}
		},
		{
			"name": "bass 6",
			"from": [3, 14.0282, 3.41776],
			"to": [4, 15.0282, 4.60676],
			"rotation": {"angle": -22.5, "axis": "x", "origin": [2, 12.0907, 0.04426]},
			"faces": {
				"north": {"uv": [0, 0, 4, 16], "texture": "#0"},
				"east": {"uv": [0, 0, 4, 16], "texture": "#0"},
				"south": {"uv": [0, 0, 4, 16], "texture": "#0"},
				"west": {"uv": [0, 0, 4, 16], "texture": "#0"},
				"up": {"uv": [0, 0, 4, 16], "texture": "#0"},
				"down": {"uv": [0, 0, 4, 16], "texture": "#0"}
			}
		},
		{
			"name": "bass 7",
			"from": [3, 15.61309, 3.13532],
			"to": [4, 16, 16],
			"rotation": {"angle": 0, "axis": "x", "origin": [2, 13.61309, -0.23818]},
			"faces": {
				"north": {"uv": [0, 0, 4, 16], "texture": "#0"},
				"east": {"uv": [0, 0, 4, 16], "texture": "#0"},
				"south": {"uv": [0, 0, 4, 16], "texture": "#0"},
				"west": {"uv": [0, 0, 4, 16], "texture": "#0"},
				"up": {"uv": [0, 0, 4, 16], "texture": "#0"},
				"down": {"uv": [0, 0, 4, 16], "texture": "#0"}
			}
		},
		{
			"name": "bass 7",
			"from": [1, 0, -13.75],
			"to": [3, 16, 1.25],
			"rotation": {"angle": 0, "axis": "y", "origin": [8, 8, -6.75]},
			"faces": {
				"north": {"uv": [8, 8, 16, 16], "texture": "#0"},
				"east": {"uv": [8, 8, 16, 16], "texture": "#0"},
				"south": {"uv": [8, 8, 16, 16], "texture": "#0"},
				"west": {"uv": [8, 0, 16, 8], "texture": "#0"},
				"up": {"uv": [8, 8, 16, 16], "texture": "#0"},
				"down": {"uv": [8, 8, 16, 16], "texture": "#0"}
			}
		},
		{
			"name": "bass 8",
			"from": [0.875, 6, -10.75],
			"to": [1, 7, 10.048],
			"rotation": {"angle": -45, "axis": "x", "origin": [0.92356, -0.5115, -6.22458]},
			"faces": {
				"north": {"uv": [10, 7.5, 14.5, 8.5], "texture": "#0"},
				"east": {"uv": [10, 7.5, 14.5, 8.5], "texture": "#0"},
				"south": {"uv": [10, 7.5, 14.5, 8.5], "texture": "#0"},
				"west": {"uv": [10, 7.5, 14.5, 8.5], "texture": "#0"},
				"up": {"uv": [10, 7.5, 14.5, 8.5], "texture": "#0"},
				"down": {"uv": [10, 7.5, 14.5, 8.5], "texture": "#0"}
			}
		},
		{
			"name": "bass 9",
			"from": [3, 6, -10.75],
			"to": [3.125, 7, 10.048],
			"rotation": {"angle": -45, "axis": "x", "origin": [3.04856, -0.5115, -6.22458]},
			"faces": {
				"north": {"uv": [10, 7.5, 14.5, 8.5], "texture": "#0"},
				"east": {"uv": [10, 7.5, 14.5, 8.5], "texture": "#0"},
				"south": {"uv": [10, 7.5, 14.5, 8.5], "texture": "#0"},
				"west": {"uv": [10, 7.5, 14.5, 8.5], "texture": "#0"},
				"up": {"uv": [10, 7.5, 14.5, 8.5], "texture": "#0"},
				"down": {"uv": [10, 7.5, 14.5, 8.5], "texture": "#0"}
			}
		}
	],
	"groups": [
		{
			"name": "bass",
			"origin": [8, 8, 8],
			"children": [
				{
					"name": "t",
					"origin": [8, 8, 8],
					"children": [0, 1, 2, 3, 4, 5, 6, 7, 8, 9, 10, 11, 12, 13, 14, 15, 16]
				}
			]
		}
	]
}