{
	"credit": "Made with Blockbench",
	"textures": {
		"0": "block/mangrove_propagule",
		"particle": "block/mangrove_propagule"
	},
	"elements": [
		{
			"from": [7, 0, 7],
			"to": [9, 7, 9],
			"rotation": {"angle": 0, "axis": "y", "origin": [7.5, 7.5, 7.5]},
			"faces": {
				"north": {"uv": [7, 7, 9, 16], "texture": "#0"},
				"east": {"uv": [7, 7, 9, 16], "texture": "#0"},
				"south": {"uv": [7, 7, 9, 16], "texture": "#0"},
				"west": {"uv": [7, 7, 9, 16], "texture": "#0"},
				"up": {"uv": [7, 7, 9, 9], "texture": "#0"},
				"down": {"uv": [7, 14, 9, 16], "texture": "#0"}
			}
		},
		{
			"from": [5, 7, 8],
			"to": [11, 14, 8],
			"rotation": {"angle": 45, "axis": "y", "origin": [8, 10.5, 8]},
			"faces": {
				"north": {"uv": [4, 1, 11, 7], "texture": "#0"},
				"south": {"uv": [11, 1, 4, 7], "texture": "#0"}
			}
		},
		{
			"from": [5, 7, 8],
			"to": [11, 14, 8],
			"rotation": {"angle": -45, "axis": "y", "origin": [8, 10.5, 8]},
			"faces": {
				"north": {"uv": [4, 1, 11, 7], "texture": "#0"},
				"south": {"uv": [4, 1, 11, 7], "texture": "#0"}
			}
		}
	],
	"display": {
		"thirdperson_righthand": {
			"scale": [0.5, 0.5, 0.5]
		},
		"thirdperson_lefthand": {
			"scale": [0.5, 0.5, 0.5]
		},
		"firstperson_righthand": {
			"rotation": [-7, 0, -6],
			"translation": [1.25, 2.25, 0]
		},
		"firstperson_lefthand": {
			"rotation": [-7, 0, -6],
			"translation": [1.25, 2.25, 0]
		},
		"ground": {
			"rotation": [90, 0, 0],
			"translation": [0, -1.75, 2.5]
		},
		"gui": {
			"rotation": [3, 67, -5],
			"translation": [0, 1.5, 0]
		},
		"head": {
			"translation": [0, 38.5, 0],
			"scale": [4, 4, 4]
		},
		"fixed": {
			"rotation": [-90, 0, 0],
			"translation": [0, 0, -29.5],
			"scale": [4, 4, 4]
		}
	}
}