{
	"credit": "Made with Blockbench",
	"parent": "minecraft:block/flower_pot_cross",
	"textures": {
		"1": "block/flower_pot",
		"2": "block/crimson_nylium",
		"plant": "block/crimson_fungus",
		"particle": "block/flower_pot"
	},
	"elements": [
		{
			"from": [10, 0, 5],
			"to": [11, 9, 11],
			"rotation": {"angle": 0, "axis": "y", "origin": [13, 8, 13]},
			"faces": {
				"north": {"uv": [7, 10, 9, 16], "texture": "#1"},
				"east": {"uv": [5, 10, 11, 16], "texture": "#1"},
				"south": {"uv": [7, 10, 9, 16], "texture": "#1"},
				"west": {"uv": [5, 10, 11, 16], "texture": "#1"},
				"up": {"uv": [5, 10, 11, 11], "texture": "#1"},
				"down": {"uv": [5, 10, 11, 11], "texture": "#1"}
			}
		},
		{
			"from": [6, 0, 5],
			"to": [10, 9, 6],
			"rotation": {"angle": 0, "axis": "y", "origin": [12, 8, 13]},
			"faces": {
				"north": {"uv": [6, 10, 10, 16], "texture": "#1"},
				"east": {"uv": [5, 10, 11, 16], "texture": "#1"},
				"south": {"uv": [5, 10, 11, 16], "texture": "#1"},
				"west": {"uv": [5, 10, 11, 16], "texture": "#1"},
				"up": {"uv": [5, 10, 11, 11], "texture": "#1"},
				"down": {"uv": [5, 10, 11, 11], "texture": "#1"}
			}
		},
		{
			"from": [6, 0, 10],
			"to": [10, 9, 11],
			"rotation": {"angle": 0, "axis": "y", "origin": [12, 8, 18]},
			"faces": {
				"north": {"uv": [5, 10, 11, 16], "texture": "#1"},
				"east": {"uv": [5, 10, 11, 16], "texture": "#1"},
				"south": {"uv": [6, 10, 10, 16], "texture": "#1"},
				"west": {"uv": [5, 10, 11, 16], "texture": "#1"},
				"up": {"uv": [5, 10, 11, 11], "texture": "#1"},
				"down": {"uv": [5, 10, 11, 11], "texture": "#1"}
			}
		},
		{
			"from": [6, 0, 6],
			"to": [10, 0, 10],
			"rotation": {"angle": 0, "axis": "y", "origin": [12, 8, 17]},
			"faces": {
				"down": {"uv": [6, 11, 10, 15], "texture": "#1"}
			}
		},
		{
			"from": [6, 8, 6],
			"to": [10, 8, 10],
			"rotation": {"angle": 0, "axis": "y", "origin": [14, 8, 13]},
			"faces": {
				"north": {"uv": [5, 10, 11, 16], "texture": "#1"},
				"east": {"uv": [5, 10, 11, 16], "texture": "#1"},
				"south": {"uv": [5, 10, 11, 16], "texture": "#1"},
				"west": {"uv": [5, 10, 11, 16], "texture": "#1"},
				"up": {"uv": [6, 6, 10, 10], "texture": "#2"},
				"down": {"uv": [5, 10, 11, 16], "texture": "#1"}
			}
		},
		{
			"from": [5, 0, 5],
			"to": [6, 9, 11],
			"rotation": {"angle": 0, "axis": "y", "origin": [13, 8, 13]},
			"faces": {
				"north": {"uv": [7, 10, 9, 16], "texture": "#1"},
				"east": {"uv": [5, 10, 11, 16], "texture": "#1"},
				"south": {"uv": [7, 10, 9, 16], "texture": "#1"},
				"west": {"uv": [6, 10, 10, 16], "texture": "#1"},
				"up": {"uv": [5, 10, 11, 11], "texture": "#1"},
				"down": {"uv": [5, 10, 11, 11], "texture": "#1"}
			}
		},
		{
			"from": [7, 8, 7],
			"to": [9, 13, 9],
			"rotation": {"angle": 0, "axis": "y", "origin": [8, 16, 8]},
			"faces": {
				"north": {"uv": [7, 11, 9, 16], "texture": "#plant"},
				"east": {"uv": [7, 11, 9, 16], "texture": "#plant"},
				"south": {"uv": [7, 11, 9, 16], "texture": "#plant"},
				"west": {"uv": [7, 11, 9, 16], "texture": "#plant"},
				"up": {"uv": [7, 11, 9, 16], "texture": "#plant"},
				"down": {"uv": [7, 11, 9, 16], "texture": "#plant"}
			}
		},
		{
			"from": [4, 13, 4],
			"to": [12, 14, 12],
			"rotation": {"angle": 0, "axis": "y", "origin": [8, 21, 8]},
			"faces": {
				"north": {"uv": [4, 10, 12, 11], "texture": "#plant"},
				"east": {"uv": [4, 10, 12, 11], "texture": "#plant"},
				"south": {"uv": [4, 10, 12, 11], "texture": "#plant"},
				"west": {"uv": [4, 10, 12, 11], "texture": "#plant"},
				"up": {"uv": [4, 10, 12, 11], "texture": "#plant"},
				"down": {"uv": [9, 8, 12, 11], "texture": "#plant"}
			}
		},
		{
			"from": [3, 14, 3],
			"to": [13, 16, 13],
			"rotation": {"angle": 0, "axis": "y", "origin": [8, 22, 8]},
			"faces": {
				"north": {"uv": [3, 8, 13, 10], "texture": "#plant"},
				"east": {"uv": [3, 8, 13, 10], "texture": "#plant"},
				"south": {"uv": [3, 8, 13, 10], "texture": "#plant"},
				"west": {"uv": [3, 8, 13, 10], "texture": "#plant"},
				"up": {"uv": [5, 5, 11, 11], "rotation": 90, "texture": "#plant"},
				"down": {"uv": [3, 8, 13, 10], "texture": "#plant"}
			}
		},
		{
			"from": [5, 16, 5],
			"to": [11, 19, 11],
			"rotation": {"angle": 0, "axis": "y", "origin": [8, 24, 8]},
			"faces": {
				"north": {"uv": [5, 5, 11, 8], "texture": "#plant"},
				"east": {"uv": [5, 5, 11, 8], "rotation": 180, "texture": "#plant"},
				"south": {"uv": [5, 5, 11, 8], "texture": "#plant"},
				"west": {"uv": [5, 5, 11, 8], "texture": "#plant"},
				"up": {"uv": [5, 5, 11, 11], "texture": "#plant"},
				"down": {"uv": [5, 5, 11, 8], "texture": "#plant"}
			}
		},
		{
			"from": [6, 19, 6],
			"to": [10, 20, 10],
			"rotation": {"angle": 0, "axis": "y", "origin": [8, 27, 8]},
			"faces": {
				"north": {"uv": [6, 4, 10, 5], "texture": "#plant"},
				"east": {"uv": [6, 4, 10, 5], "texture": "#plant"},
				"south": {"uv": [6, 4, 10, 5], "texture": "#plant"},
				"west": {"uv": [6, 4, 10, 5], "texture": "#plant"},
				"up": {"uv": [6, 4, 10, 8], "texture": "#plant"},
				"down": {"uv": [6, 4, 10, 5], "texture": "#plant"}
			}
		}
	],
	"groups": [
		{
			"name": "pot",
			"origin": [13, 8, 13],
			"children": [0, 1, 2, 3, 4, 5]
		},
		{
			"name": "crimson_fungus",
			"origin": [8, 8, 8],
			"children": [6, 7, 8, 9, 10]
		}
	]
}