{
	"credit": "Made with Blockbench",
	"ambientocclusion": false,
	"textures": {
		"particle": "#rail"
	},
	"elements": [
		{
			"from": [0, 0.0625, 0],
			"to": [16, 0.0625, 16],
			"rotation": {"angle": 0, "axis": "y", "origin": [8, 7.25, 8]},
			"faces": {
				"up": {"uv": [0, 0, 16, 16], "texture": "#rail"},
				"down": {"uv": [0, 16, 16, 0], "texture": "#rail"}
			}
		},
		{
			"from": [2, 0, 12],
			"to": [4, 1, 16],
			"rotation": {"angle": 0, "axis": "y", "origin": [10, 8, 23]},
			"faces": {
				"north": {"uv": [2, 12, 4, 16], "texture": "#rail"},
				"east": {"uv": [2, 12, 4, 16], "texture": "#rail"},
				"south": {"uv": [2, 15, 4, 16], "texture": "#rail"},
				"west": {"uv": [2, 12, 4, 16], "texture": "#rail"},
				"up": {"uv": [2, 12, 4, 16], "texture": "#rail"},
				"down": {"uv": [2, 12, 4, 16], "texture": "#rail"}
			}
		},
		{
			"from": [3, 0, 10],
			"to": [5, 1, 12],
			"rotation": {"angle": 0, "axis": "y", "origin": [11, 8, 19]},
			"faces": {
				"north": {"uv": [3, 10, 5, 12], "texture": "#rail"},
				"east": {"uv": [3, 10, 5, 12], "texture": "#rail"},
				"south": {"uv": [3, 10, 5, 12], "texture": "#rail"},
				"west": {"uv": [3, 10, 5, 12], "texture": "#rail"},
				"up": {"uv": [3, 10, 5, 12], "texture": "#rail"},
				"down": {"uv": [3, 10, 5, 12], "texture": "#rail"}
			}
		},
		{
			"from": [4, 0, 8],
			"to": [6, 1, 10],
			"rotation": {"angle": 0, "axis": "y", "origin": [12, 8, 17]},
			"faces": {
				"north": {"uv": [4, 8, 6, 10], "texture": "#rail"},
				"east": {"uv": [4, 8, 6, 10], "texture": "#rail"},
				"south": {"uv": [4, 8, 6, 10], "texture": "#rail"},
				"west": {"uv": [4, 8, 6, 10], "texture": "#rail"},
				"up": {"uv": [4, 8, 6, 10], "texture": "#rail"},
				"down": {"uv": [4, 8, 6, 10], "texture": "#rail"}
			}
		},
		{
			"from": [5, 0, 7],
			"to": [7, 1, 8],
			"rotation": {"angle": 0, "axis": "y", "origin": [10, 8, 15]},
			"faces": {
				"north": {"uv": [5, 7, 7, 8], "texture": "#rail"},
				"east": {"uv": [5, 7, 7, 8], "texture": "#rail"},
				"south": {"uv": [5, 7, 7, 8], "texture": "#rail"},
				"west": {"uv": [5, 7, 7, 8], "texture": "#rail"},
				"up": {"uv": [5, 7, 7, 8], "texture": "#rail"},
				"down": {"uv": [5, 7, 7, 8], "texture": "#rail"}
			}
		},
		{
			"from": [6, 0, 6],
			"to": [8, 1, 7],
			"rotation": {"angle": 0, "axis": "y", "origin": [11, 8, 14]},
			"faces": {
				"north": {"uv": [6, 6, 8, 7], "texture": "#rail"},
				"east": {"uv": [6, 6, 8, 7], "texture": "#rail"},
				"south": {"uv": [6, 6, 8, 7], "texture": "#rail"},
				"west": {"uv": [6, 6, 8, 7], "texture": "#rail"},
				"up": {"uv": [6, 6, 8, 7], "texture": "#rail"},
				"down": {"uv": [6, 6, 8, 7], "texture": "#rail"}
			}
		},
		{
			"from": [7, 0, 5],
			"to": [8, 1, 6],
			"rotation": {"angle": 0, "axis": "y", "origin": [12, 8, 13]},
			"faces": {
				"north": {"uv": [7, 5, 8, 6], "texture": "#rail"},
				"east": {"uv": [7, 5, 8, 6], "texture": "#rail"},
				"south": {"uv": [7, 5, 8, 6], "texture": "#rail"},
				"west": {"uv": [7, 5, 8, 6], "texture": "#rail"},
				"up": {"uv": [7, 5, 8, 6], "texture": "#rail"},
				"down": {"uv": [7, 5, 8, 6], "texture": "#rail"}
			}
		},
		{
			"from": [8, 0, 4],
			"to": [10, 1, 6],
			"rotation": {"angle": 0, "axis": "y", "origin": [16, 8, 13]},
			"faces": {
				"north": {"uv": [8, 4, 10, 6], "texture": "#rail"},
				"east": {"uv": [8, 4, 10, 6], "texture": "#rail"},
				"south": {"uv": [8, 4, 10, 6], "texture": "#rail"},
				"west": {"uv": [8, 4, 10, 6], "texture": "#rail"},
				"up": {"uv": [8, 4, 10, 6], "texture": "#rail"},
				"down": {"uv": [8, 4, 10, 6], "texture": "#rail"}
			}
		},
		{
			"from": [10, 0, 3],
			"to": [12, 1, 5],
			"rotation": {"angle": 0, "axis": "y", "origin": [18, 8, 12]},
			"faces": {
				"north": {"uv": [10, 3, 12, 5], "texture": "#rail"},
				"east": {"uv": [10, 3, 12, 5], "texture": "#rail"},
				"south": {"uv": [10, 3, 12, 5], "texture": "#rail"},
				"west": {"uv": [10, 3, 12, 5], "texture": "#rail"},
				"up": {"uv": [10, 3, 12, 5], "texture": "#rail"},
				"down": {"uv": [10, 3, 12, 5], "texture": "#rail"}
			}
		},
		{
			"from": [12, 0, 2],
			"to": [16, 1, 4],
			"rotation": {"angle": 0, "axis": "y", "origin": [20, 8, 11]},
			"faces": {
				"north": {"uv": [12, 2, 16, 4], "texture": "#rail"},
				"east": {"uv": [4, 15, 2, 16], "texture": "#rail"},
				"south": {"uv": [12, 2, 16, 4], "texture": "#rail"},
				"west": {"uv": [12, 2, 16, 4], "texture": "#rail"},
				"up": {"uv": [12, 2, 16, 4], "texture": "#rail"},
				"down": {"uv": [12, 2, 16, 4], "texture": "#rail"}
			}
		},
		{
			"from": [14, 0, 12],
			"to": [16, 1, 14],
			"rotation": {"angle": 0, "axis": "y", "origin": [20, 8, 21]},
			"faces": {
				"north": {"uv": [14, 12, 16, 14], "texture": "#rail"},
				"east": {"uv": [14, 16, 12, 15], "texture": "#rail"},
				"south": {"uv": [14, 12, 16, 14], "texture": "#rail"},
				"west": {"uv": [14, 12, 16, 14], "texture": "#rail"},
				"up": {"uv": [16, 12, 14, 14], "texture": "#rail"},
				"down": {"uv": [14, 12, 16, 14], "texture": "#rail"}
			}
		},
		{
			"from": [13, 0, 13],
			"to": [14, 1, 14],
			"rotation": {"angle": 0, "axis": "y", "origin": [18, 8, 21]},
			"faces": {
				"north": {"uv": [13, 13, 14, 14], "texture": "#rail"},
				"east": {"uv": [13, 13, 14, 14], "texture": "#rail"},
				"south": {"uv": [13, 13, 14, 14], "texture": "#rail"},
				"west": {"uv": [13, 13, 14, 14], "texture": "#rail"},
				"up": {"uv": [13, 13, 14, 14], "texture": "#rail"},
				"down": {"uv": [13, 13, 14, 14], "texture": "#rail"}
			}
		},
		{
			"from": [12, 0, 14],
			"to": [14, 1, 16],
			"rotation": {"angle": 0, "axis": "y", "origin": [18, 8, 23]},
			"faces": {
				"north": {"uv": [12, 15, 14, 16], "texture": "#rail"},
				"east": {"uv": [12, 15, 14, 16], "texture": "#rail"},
				"south": {"uv": [12, 15, 14, 16], "texture": "#rail"},
				"west": {"uv": [12, 15, 14, 16], "texture": "#rail"},
				"up": {"uv": [12, 16, 14, 14], "texture": "#rail"},
				"down": {"uv": [12, 15, 14, 16], "texture": "#rail"}
			}
		}
	],
	"groups": [0,
		{
			"name": "rail",
			"origin": [18, 8, 23],
			"children": [1, 2, 3, 4, 5, 6, 7, 8, 9, 10, 11, 12]
		}
	]
}