{
	"credit": "Made with Blockbench",
	"ambientocclusion": false,
	"textures": {
		"particle": "#rail"
	},
	"elements": [
		{
			"from": [0, 0.0625, 0],
			"to": [16, 0.0625, 16],
			"rotation": {"angle": 0, "axis": "y", "origin": [8, 7.25, 8]},
			"faces": {
				"up": {"uv": [0, 0, 16, 16], "texture": "#rail"},
				"down": {"uv": [0, 16, 16, 0], "texture": "#rail"}
			}
		},
		{
			"from": [2, 0, 0],
			"to": [4, 1, 16],
			"rotation": {"angle": 0, "axis": "y", "origin": [10, 8, 8]},
			"faces": {
				"north": {"uv": [12, 15, 14, 16], "texture": "#rail"},
				"east": {"uv": [12, 0, 13, 16], "texture": "#rail"},
				"south": {"uv": [14, 15, 12, 16], "texture": "#rail"},
				"west": {"uv": [13, 15, 14, 16], "texture": "#rail"},
				"up": {"uv": [2, 0, 4, 16], "texture": "#rail"},
				"down": {"uv": [13, 15, 14, 16], "texture": "#rail"}
			}
		},
		{
			"from": [12, 0, 0],
			"to": [14, 1, 16],
			"rotation": {"angle": 0, "axis": "y", "origin": [20, 8, 8]},
			"faces": {
				"north": {"uv": [14, 15, 12, 16], "texture": "#rail"},
				"east": {"uv": [13, 15, 14, 16], "texture": "#rail"},
				"south": {"uv": [12, 15, 14, 16], "texture": "#rail"},
				"west": {"uv": [12, 0, 13, 16], "texture": "#rail"},
				"up": {"uv": [12, 0, 14, 16], "texture": "#rail"},
				"down": {"uv": [13, 15, 14, 16], "texture": "#rail"}
			}
		}
	]
}