{
	"credit": "Made with Blockbench",
	"ambientocclusion": false,
	"textures": {
		"0": "block/redstone_dust_dot",
		"particle": "block/redstone_dust_dot"
	},
	"elements": [
		{
			"from": [6, 0.00781, 6],
			"to": [10, 1.00781, 10],
			"rotation": {"angle": 0, "axis": "y", "origin": [7, 15, 8]},
			"faces": {
				"north": {"uv": [2, 4, 5, 5], "texture": "#0"},
				"east": {"uv": [0, 0, 3, 1], "texture": "#0"},
				"south": {"uv": [0, 0, 5, 5], "texture": "#0"},
				"west": {"uv": [0, 0, 3, 1], "texture": "#0"},
				"up": {"uv": [0, 0, 4, 4], "texture": "#0"},
				"down": {"uv": [0, 0, 4, 4], "texture": "#0"}
			}
		},
		{
			"from": [6, 0, 10],
			"to": [10, 1, 11],
			"rotation": {"angle": 0, "axis": "y", "origin": [7.5, 7.5, 7.5]},
			"faces": {
				"east": {"uv": [3, 4, 4, 5], "texture": "#0"},
				"south": {"uv": [4, 6, 0, 5], "texture": "#0"},
				"west": {"uv": [0, 4, 1, 5], "texture": "#0"},
				"up": {"uv": [4, 5, 0, 4], "texture": "#0"},
				"down": {"uv": [0, 4, 4, 5], "texture": "#0"}
			}
		},
		{
			"from": [6, 0, 5],
			"to": [10, 1, 6],
			"rotation": {"angle": 0, "axis": "y", "origin": [7.5, 7.5, 8.5]},
			"faces": {
				"north": {"uv": [0, 6, 4, 5], "texture": "#0"},
				"east": {"uv": [4, 4, 3, 5], "texture": "#0"},
				"west": {"uv": [1, 4, 0, 5], "texture": "#0"},
				"up": {"uv": [4, 4, 0, 5], "texture": "#0"},
				"down": {"uv": [0, 5, 4, 4], "texture": "#0"}
			}
		},
		{
			"from": [10, 0, 6],
			"to": [11, 1, 10],
			"rotation": {"angle": 0, "axis": "y", "origin": [7.5, 7.5, 8.5]},
			"faces": {
				"north": {"uv": [1, 4, 0, 5], "texture": "#0"},
				"east": {"uv": [0, 6, 4, 5], "texture": "#0"},
				"south": {"uv": [4, 4, 3, 5], "texture": "#0"},
				"up": {"uv": [4, 4, 0, 5], "rotation": 90, "texture": "#0"},
				"down": {"uv": [0, 5, 4, 4], "rotation": 270, "texture": "#0"}
			}
		},
		{
			"from": [5, 0, 6],
			"to": [6, 1, 10],
			"rotation": {"angle": 0, "axis": "y", "origin": [8.5, 7.5, 8.5]},
			"faces": {
				"north": {"uv": [0, 4, 1, 5], "texture": "#0"},
				"south": {"uv": [3, 4, 4, 5], "texture": "#0"},
				"west": {"uv": [4, 6, 0, 5], "texture": "#0"},
				"up": {"uv": [4, 5, 0, 4], "rotation": 90, "texture": "#0"},
				"down": {"uv": [0, 4, 4, 5], "rotation": 270, "texture": "#0"}
			}
		},
		{
			"from": [5.20711, 0, 5.08579],
			"to": [6.20711, 1, 6.5],
			"rotation": {"angle": -45, "axis": "y", "origin": [5.70711, 0.5, 6]},
			"faces": {
				"north": {"uv": [0, 0, 1, 1], "texture": "#0"},
				"east": {"uv": [0, 0, 1, 1], "texture": "#0"},
				"south": {"uv": [0, 0, 1, 1], "texture": "#0"},
				"west": {"uv": [0, 0, 1, 1], "texture": "#0"},
				"up": {"uv": [0, 0, 1, 1], "texture": "#0"},
				"down": {"uv": [0, 0, 1, 1], "texture": "#0"}
			}
		},
		{
			"from": [9.79289, 0, 5.08579],
			"to": [10.79289, 1, 6.5],
			"rotation": {"angle": 45, "axis": "y", "origin": [10.29289, 0.5, 6]},
			"faces": {
				"north": {"uv": [1, 0, 0, 1], "texture": "#0"},
				"east": {"uv": [1, 0, 0, 1], "texture": "#0"},
				"south": {"uv": [1, 0, 0, 1], "texture": "#0"},
				"west": {"uv": [1, 0, 0, 1], "texture": "#0"},
				"up": {"uv": [1, 0, 0, 1], "texture": "#0"},
				"down": {"uv": [1, 0, 0, 1], "texture": "#0"}
			}
		},
		{
			"from": [5.20711, 0, 9.5],
			"to": [6.20711, 1, 10.91421],
			"rotation": {"angle": 45, "axis": "y", "origin": [5.70711, 0.5, 10]},
			"faces": {
				"north": {"uv": [1, 0, 0, 1], "texture": "#0"},
				"east": {"uv": [1, 0, 0, 1], "texture": "#0"},
				"south": {"uv": [1, 0, 0, 1], "texture": "#0"},
				"west": {"uv": [1, 0, 0, 1], "texture": "#0"},
				"up": {"uv": [0, 1, 1, 0], "texture": "#0"},
				"down": {"uv": [0, 1, 1, 0], "texture": "#0"}
			}
		},
		{
			"from": [9.79289, 0, 9.5],
			"to": [10.79289, 1, 10.91421],
			"rotation": {"angle": -45, "axis": "y", "origin": [10.29289, 0.5, 10]},
			"faces": {
				"north": {"uv": [0, 0, 1, 1], "texture": "#0"},
				"east": {"uv": [0, 0, 1, 1], "texture": "#0"},
				"south": {"uv": [0, 0, 1, 1], "texture": "#0"},
				"west": {"uv": [0, 0, 1, 1], "texture": "#0"},
				"up": {"uv": [1, 1, 0, 0], "texture": "#0"},
				"down": {"uv": [1, 1, 0, 0], "texture": "#0"}
			}
		}
	]
}