{
	"credit": "Made with Blockbench",
	"textures": {
		"0": "block/grass",
		"particle": "block/grass"
	},
	"elements": [
		{
			"name": "grass",
			"from": [5.5625, 0, 2],
			"to": [5.5625, 12, 4],
			"rotation": {"angle": 0, "axis": "y", "origin": [8.59403, 3.53959, 8.158]},
			"faces": {
				"east": {"uv": [6, 0, 9, 3], "texture": "#0", "tintindex": 0},
				"west": {"uv": [6, 0, 9, 3], "texture": "#0", "tintindex": 0}
			}
		},
		{
			"name": "grass",
			"from": [12.25392, 0, 4.67963],
			"to": [12.25392, 10, 6.67963],
			"rotation": {"angle": 45, "axis": "y", "origin": [7.59403, 3.53959, 7.4705]},
			"faces": {
				"east": {"uv": [9, 0, 12, 3], "texture": "#0", "tintindex": 0},
				"west": {"uv": [9, 0, 12, 3], "texture": "#0", "tintindex": 0}
			}
		},
		{
			"name": "grass",
			"from": [11.5625, -0.49554, 7.76758],
			"to": [13.5625, 12.91071, 7.76758],
			"rotation": {"angle": -22.5, "axis": "x", "origin": [8.59403, 3.53959, 8.158]},
			"faces": {
				"north": {"uv": [0, 0, 3, 3], "texture": "#0", "tintindex": 0},
				"south": {"uv": [0, 0, 3, 3], "texture": "#0", "tintindex": 0}
			}
		},
		{
			"name": "grass",
			"from": [7.81938, 0, 6.83399],
			"to": [7.81938, 13, 8.55274],
			"rotation": {"angle": -22.5, "axis": "y", "origin": [8.59403, 3.53959, 8.158]},
			"faces": {
				"east": {"uv": [3, 0, 6, 3], "texture": "#0", "tintindex": 0},
				"west": {"uv": [3, 0, 6, 3], "texture": "#0", "tintindex": 0}
			}
		},
		{
			"name": "grass",
			"from": [5.87019, 0, 10.4941],
			"to": [5.87019, 12, 12.4941],
			"rotation": {"angle": 45, "axis": "y", "origin": [8.59403, 3.53959, 8.158]},
			"faces": {
				"east": {"uv": [9, 0, 12, 3], "texture": "#0", "tintindex": 0},
				"west": {"uv": [9, 0, 12, 3], "texture": "#0", "tintindex": 0}
			}
		},
		{
			"name": "grass",
			"from": [12.41602, -1.90723, 12.15013],
			"to": [12.41602, 10.09277, 13.90013],
			"rotation": {"angle": 22.5, "axis": "z", "origin": [8.59403, 3.53959, 8.158]},
			"faces": {
				"east": {"uv": [6, 0, 9, 3], "texture": "#0", "tintindex": 0},
				"west": {"uv": [6, 0, 9, 3], "texture": "#0", "tintindex": 0}
			}
		},
		{
			"name": "grass",
			"from": [4.5625, -0.30142, 7.82801],
			"to": [6.5625, 11.69858, 7.82801],
			"rotation": {"angle": 22.5, "axis": "x", "origin": [8.59403, 3.53959, 8.158]},
			"faces": {
				"north": {"uv": [0, 0, 3, 3], "texture": "#0", "tintindex": 0},
				"south": {"uv": [0, 0, 3, 3], "texture": "#0", "tintindex": 0}
			}
		},
		{
			"name": "grass",
			"from": [10.17083, 0, 5.25146],
			"to": [10.17083, 15, 7.25146],
			"rotation": {"angle": -22.5, "axis": "y", "origin": [8.59403, 3.53959, 8.158]},
			"faces": {
				"east": {"uv": [3, 0, 6, 3], "texture": "#0", "tintindex": 0},
				"west": {"uv": [3, 0, 6, 3], "texture": "#0", "tintindex": 0}
			}
		},
		{
			"name": "grass",
			"from": [3.55605, 0, 4.3667],
			"to": [5.55605, 12, 4.3667],
			"rotation": {"angle": 45, "axis": "y", "origin": [8.59403, 3.53959, 8.158]},
			"faces": {
				"north": {"uv": [9, 0, 12, 3], "texture": "#0", "tintindex": 0},
				"south": {"uv": [9, 0, 12, 3], "texture": "#0", "tintindex": 0}
			}
		},
		{
			"name": "grass",
			"from": [1.30392, 2.05023, 6.25559],
			"to": [1.30392, 14.05023, 8.25559],
			"rotation": {"angle": 22.5, "axis": "z", "origin": [8.59403, 3.53959, 8.158]},
			"faces": {
				"east": {"uv": [9, 0, 12, 3], "texture": "#0", "tintindex": 0},
				"west": {"uv": [9, 0, 12, 3], "texture": "#0", "tintindex": 0}
			}
		},
		{
			"name": "grass",
			"from": [0.64368, 0, 12.57507],
			"to": [2.64368, 12, 12.57507],
			"rotation": {"angle": 0, "axis": "y", "origin": [8.59403, 3.53959, 8.158]},
			"faces": {
				"north": {"uv": [6, 0, 9, 3], "texture": "#0", "tintindex": 0},
				"south": {"uv": [6, 0, 9, 3], "texture": "#0", "tintindex": 0}
			}
		},
		{
			"name": "grass",
			"from": [7.10847, -1.26561, 4.29382],
			"to": [7.10847, 12.73439, 6.29382],
			"rotation": {"angle": -22.5, "axis": "z", "origin": [8.59403, 3.53959, 8.158]},
			"faces": {
				"east": {"uv": [0, 0, 3, 3], "texture": "#0", "tintindex": 0},
				"west": {"uv": [0, 0, 3, 3], "texture": "#0", "tintindex": 0}
			}
		},
		{
			"name": "grass",
			"from": [7.86309, 0, 10.89862],
			"to": [9.86309, 10, 10.89862],
			"rotation": {"angle": -22.5, "axis": "y", "origin": [8.59403, 3.53959, 8.158]},
			"faces": {
				"north": {"uv": [3, 0, 6, 3], "texture": "#0", "tintindex": 0},
				"south": {"uv": [3, 0, 6, 3], "texture": "#0", "tintindex": 0}
			}
		},
		{
			"name": "grass",
			"from": [8.31907, 0, 3.00274],
			"to": [8.31907, 16, 4.81524],
			"rotation": {"angle": 45, "axis": "y", "origin": [8.59403, 3.53959, 8.158]},
			"faces": {
				"east": {"uv": [9, 0, 12, 3], "texture": "#0", "tintindex": 0},
				"west": {"uv": [9, 0, 12, 3], "texture": "#0", "tintindex": 0}
			}
		},
		{
			"name": "grass",
			"from": [3.91255, 0, 1.80068],
			"to": [3.91255, 10, 3.80068],
			"rotation": {"angle": 22.5, "axis": "y", "origin": [8.59403, 3.53959, 8.158]},
			"faces": {
				"east": {"uv": [6, 0, 9, 3], "texture": "#0", "tintindex": 0},
				"west": {"uv": [6, 0, 9, 3], "texture": "#0", "tintindex": 0}
			}
		},
		{
			"name": "grass",
			"from": [-1.66045, 0, 7.24535],
			"to": [-1.66045, 10, 9.24535],
			"rotation": {"angle": -45, "axis": "y", "origin": [8.59403, 3.53959, 8.158]},
			"faces": {
				"east": {"uv": [6, 0, 9, 3], "texture": "#0", "tintindex": 0},
				"west": {"uv": [6, 0, 9, 3], "texture": "#0", "tintindex": 0}
			}
		},
		{
			"name": "grass",
			"from": [2.28125, 1.94752, 1.9785],
			"to": [4.28125, 13.94752, 1.9785],
			"rotation": {"angle": -22.5, "axis": "x", "origin": [8.59403, 3.53959, 8.158]},
			"faces": {
				"north": {"uv": [6, 0, 9, 3], "texture": "#0", "tintindex": 0},
				"south": {"uv": [6, 0, 9, 3], "texture": "#0", "tintindex": 0}
			}
		},
		{
			"name": "grass",
			"from": [12.56452, -2.30189, 3],
			"to": [12.56452, 7.69811, 5],
			"rotation": {"angle": 22.5, "axis": "z", "origin": [8.59403, 3.53959, 8.158]},
			"faces": {
				"east": {"uv": [0, 0, 3, 3], "texture": "#0", "tintindex": 0},
				"west": {"uv": [0, 0, 3, 3], "texture": "#0", "tintindex": 0}
			}
		},
		{
			"name": "grass",
			"from": [12.62496, 1.50493, 10],
			"to": [12.62496, 9.50493, 12],
			"rotation": {"angle": -22.5, "axis": "z", "origin": [8.59403, 3.53959, 8.158]},
			"faces": {
				"east": {"uv": [0, 0, 3, 3], "texture": "#0", "tintindex": 0},
				"west": {"uv": [0, 0, 3, 3], "texture": "#0", "tintindex": 0}
			}
		},
		{
			"name": "grass",
			"from": [9.21875, 0.49917, 10.84085],
			"to": [11.21875, 9.49917, 10.84085],
			"rotation": {"angle": 22.5, "axis": "x", "origin": [8.59403, 3.53959, 8.158]},
			"faces": {
				"north": {"uv": [6, 0, 9, 3], "texture": "#0", "tintindex": 0},
				"south": {"uv": [6, 0, 9, 3], "texture": "#0", "tintindex": 0}
			}
		},
		{
			"name": "grass",
			"from": [15.65598, 2.60104, 4.38112],
			"to": [15.65598, 14.60104, 6.38112],
			"rotation": {"angle": -22.5, "axis": "z", "origin": [8.59403, 3.53959, 8.158]},
			"faces": {
				"east": {"uv": [6, 0, 9, 3], "texture": "#0", "tintindex": 0},
				"west": {"uv": [6, 0, 9, 3], "texture": "#0", "tintindex": 0}
			}
		},
		{
			"name": "grass",
			"from": [9.21875, 0, 9],
			"to": [11.03125, 14, 9],
			"rotation": {"angle": 0, "axis": "y", "origin": [8.59403, 3.53959, 8.158]},
			"faces": {
				"north": {"uv": [0, 0, 3, 3], "texture": "#0", "tintindex": 0},
				"south": {"uv": [0, 0, 3, 3], "texture": "#0", "tintindex": 0}
			}
		},
		{
			"name": "grass",
			"from": [4.18896, 0, 11.1389],
			"to": [4.18896, 14, 13.1389],
			"rotation": {"angle": -22.5, "axis": "y", "origin": [8.59403, 3.53959, 8.158]},
			"faces": {
				"east": {"uv": [3, 0, 6, 3], "texture": "#0", "tintindex": 0},
				"west": {"uv": [3, 0, 6, 3], "texture": "#0", "tintindex": 0}
			}
		},
		{
			"name": "grass",
			"from": [13.95286, 0, 4.8245],
			"to": [15.95286, 12, 4.8245],
			"rotation": {"angle": 22.5, "axis": "y", "origin": [8.59403, 3.53959, 8.158]},
			"faces": {
				"north": {"uv": [9, 0, 12, 3], "texture": "#0", "tintindex": 0},
				"south": {"uv": [9, 0, 12, 3], "texture": "#0", "tintindex": 0}
			}
		},
		{
			"name": "grass",
			"from": [13.79382, 0, 10.66882],
			"to": [15.79382, 12, 10.66882],
			"rotation": {"angle": 0, "axis": "y", "origin": [8.59403, 3.53959, 8.158]},
			"faces": {
				"north": {"uv": [6, 0, 9, 3], "texture": "#0", "tintindex": 0},
				"south": {"uv": [6, 0, 9, 3], "texture": "#0", "tintindex": 0}
			}
		},
		{
			"name": "grass",
			"from": [8.79382, 0, -0.01868],
			"to": [8.79382, 14, 1.98132],
			"rotation": {"angle": 0, "axis": "y", "origin": [7.59403, 3.53959, 7.4705]},
			"faces": {
				"east": {"uv": [0, 0, 3, 3], "texture": "#0", "tintindex": 0},
				"west": {"uv": [0, 0, 3, 3], "texture": "#0", "tintindex": 0}
			}
		},
		{
			"name": "grass",
			"from": [1.18271, 0, 13.28393],
			"to": [3.18271, 12, 13.28393],
			"rotation": {"angle": 22.5, "axis": "y", "origin": [8.59403, 3.53959, 8.158]},
			"faces": {
				"north": {"uv": [9, 0, 12, 3], "texture": "#0", "tintindex": 0},
				"south": {"uv": [9, 0, 12, 3], "texture": "#0", "tintindex": 0}
			}
		},
		{
			"name": "grass",
			"from": [2.39297, 0, 9.94826],
			"to": [4.11172, 13, 9.94826],
			"rotation": {"angle": 22.5, "axis": "y", "origin": [8.59403, 3.53959, 8.158]},
			"faces": {
				"north": {"uv": [0, 0, 3, 3], "texture": "#0", "tintindex": 0},
				"south": {"uv": [0, 0, 3, 3], "texture": "#0", "tintindex": 0}
			}
		},
		{
			"name": "grass",
			"from": [5.01656, 0, 12.86795],
			"to": [5.01656, 13, 14.5867],
			"rotation": {"angle": 22.5, "axis": "y", "origin": [8.59403, 3.53959, 8.158]},
			"faces": {
				"east": {"uv": [0, 0, 3, 3], "texture": "#0", "tintindex": 0},
				"west": {"uv": [0, 0, 3, 3], "texture": "#0", "tintindex": 0}
			}
		},
		{
			"name": "grass",
			"from": [11.41866, 0, 13.98731],
			"to": [13.41866, 14, 13.98731],
			"rotation": {"angle": -22.5, "axis": "y", "origin": [8.59403, 3.53959, 8.158]},
			"faces": {
				"north": {"uv": [0, 0, 3, 3], "texture": "#0", "tintindex": 0},
				"south": {"uv": [0, 0, 3, 3], "texture": "#0", "tintindex": 0}
			}
		},
		{
			"name": "grass",
			"from": [8.09933, 0, 13.07342],
			"to": [10.09933, 14, 13.07342],
			"rotation": {"angle": -22.5, "axis": "y", "origin": [8.59403, 3.53959, 8.158]},
			"faces": {
				"north": {"uv": [6, 0, 9, 3], "texture": "#0", "tintindex": 0},
				"south": {"uv": [6, 0, 9, 3], "texture": "#0", "tintindex": 0}
			}
		},
		{
			"name": "grass",
			"from": [12.6566, 0, 5.22189],
			"to": [14.6566, 8, 5.22189],
			"rotation": {"angle": 0, "axis": "y", "origin": [8.59403, 3.53959, 8.158]},
			"faces": {
				"north": {"uv": [6, 0, 9, 3], "texture": "#0", "tintindex": 0},
				"south": {"uv": [6, 0, 9, 3], "texture": "#0", "tintindex": 0}
			}
		},
		{
			"name": "grass",
			"from": [9.24995, 0, 11.66164],
			"to": [11.24995, 6, 11.66164],
			"rotation": {"angle": 45, "axis": "y", "origin": [8.59403, 3.53959, 8.158]},
			"faces": {
				"north": {"uv": [9, 0, 12, 3], "texture": "#0", "tintindex": 0},
				"south": {"uv": [9, 0, 12, 3], "texture": "#0", "tintindex": 0}
			}
		},
		{
			"name": "grass",
			"from": [10.23075, 0, 16.14396],
			"to": [12.23075, 6, 16.14396],
			"rotation": {"angle": 22.5, "axis": "y", "origin": [8.59403, 3.53959, 8.158]},
			"faces": {
				"north": {"uv": [9, 0, 12, 3], "texture": "#0", "tintindex": 0},
				"south": {"uv": [9, 0, 12, 3], "texture": "#0", "tintindex": 0}
			}
		},
		{
			"name": "grass",
			"from": [8.89629, -0.53206, 11.22189],
			"to": [8.89629, 9.46794, 13.22189],
			"rotation": {"angle": -22.5, "axis": "z", "origin": [8.59403, 3.53959, 8.158]},
			"faces": {
				"east": {"uv": [0, 0, 3, 3], "texture": "#0", "tintindex": 0},
				"west": {"uv": [0, 0, 3, 3], "texture": "#0", "tintindex": 0}
			}
		},
		{
			"name": "grass",
			"from": [8.14764, 0, 7.50802],
			"to": [10.14764, 9, 7.50802],
			"rotation": {"angle": -22.5, "axis": "y", "origin": [8.59403, 3.53959, 8.158]},
			"faces": {
				"north": {"uv": [3, 0, 6, 3], "texture": "#0", "tintindex": 0},
				"south": {"uv": [3, 0, 6, 3], "texture": "#0", "tintindex": 0}
			}
		},
		{
			"name": "grass",
			"from": [4.12298, 0, 5.43416],
			"to": [6.12298, 8, 5.43416],
			"rotation": {"angle": 45, "axis": "y", "origin": [8.59403, 3.53959, 8.158]},
			"faces": {
				"north": {"uv": [9, 0, 12, 3], "texture": "#0", "tintindex": 0},
				"south": {"uv": [9, 0, 12, 3], "texture": "#0", "tintindex": 0}
			}
		},
		{
			"name": "grass",
			"from": [2.50647, -1.94375, 12.06814],
			"to": [4.50647, 6.05625, 12.06814],
			"rotation": {"angle": -22.5, "axis": "x", "origin": [8.59403, 3.53959, 8.158]},
			"faces": {
				"north": {"uv": [6, 0, 9, 3], "texture": "#0", "tintindex": 0},
				"south": {"uv": [6, 0, 9, 3], "texture": "#0", "tintindex": 0}
			}
		},
		{
			"name": "grass",
			"from": [8.83585, -0.2649, 4.22189],
			"to": [8.83585, 7.7351, 6.22189],
			"rotation": {"angle": 22.5, "axis": "z", "origin": [8.59403, 3.53959, 8.158]},
			"faces": {
				"east": {"uv": [0, 0, 3, 3], "texture": "#0", "tintindex": 0},
				"west": {"uv": [0, 0, 3, 3], "texture": "#0", "tintindex": 0}
			}
		},
		{
			"name": "grass",
			"from": [9.44892, 0, 9.85947],
			"to": [11.44892, 9, 9.85947],
			"rotation": {"angle": -22.5, "axis": "y", "origin": [8.59403, 3.53959, 8.158]},
			"faces": {
				"north": {"uv": [3, 0, 6, 3], "texture": "#0", "tintindex": 0},
				"south": {"uv": [3, 0, 6, 3], "texture": "#0", "tintindex": 0}
			}
		},
		{
			"name": "grass",
			"from": [11.25038, 0, 2.43252],
			"to": [11.25038, 8, 4.43252],
			"rotation": {"angle": 45, "axis": "y", "origin": [7.59403, 3.53959, 7.4705]},
			"faces": {
				"east": {"uv": [9, 0, 12, 3], "texture": "#0", "tintindex": 0},
				"west": {"uv": [9, 0, 12, 3], "texture": "#0", "tintindex": 0}
			}
		},
		{
			"name": "grass",
			"from": [7.40101, 2.01371, 0.26854],
			"to": [9.40101, 10.01371, 0.26854],
			"rotation": {"angle": -22.5, "axis": "x", "origin": [7.59403, 3.53959, 7.4705]},
			"faces": {
				"north": {"uv": [9, 0, 12, 3], "texture": "#0", "tintindex": 0},
				"south": {"uv": [9, 0, 12, 3], "texture": "#0", "tintindex": 0}
			}
		},
		{
			"name": "grass",
			"from": [4.08154, 0, 0.30307],
			"to": [4.08154, 8, 2.30307],
			"rotation": {"angle": 0, "axis": "y", "origin": [8.59403, 3.53959, 8.158]},
			"faces": {
				"east": {"uv": [6, 0, 9, 3], "texture": "#0", "tintindex": 0},
				"west": {"uv": [6, 0, 9, 3], "texture": "#0", "tintindex": 0}
			}
		},
		{
			"name": "grass",
			"from": [10.36279, -1.2291, 6.76059],
			"to": [12.36279, 8.7709, 6.76059],
			"rotation": {"angle": 22.5, "axis": "x", "origin": [8.59403, 3.53959, 8.158]},
			"faces": {
				"north": {"uv": [0, 0, 3, 3], "texture": "#0", "tintindex": 0},
				"south": {"uv": [0, 0, 3, 3], "texture": "#0", "tintindex": 0}
			}
		},
		{
			"name": "grass",
			"from": [5.80176, 0, 7.55173],
			"to": [5.80176, 6, 9.55173],
			"rotation": {"angle": -22.5, "axis": "y", "origin": [8.59403, 3.53959, 8.158]},
			"faces": {
				"east": {"uv": [3, 0, 6, 3], "texture": "#0", "tintindex": 0},
				"west": {"uv": [3, 0, 6, 3], "texture": "#0", "tintindex": 0}
			}
		},
		{
			"name": "grass",
			"from": [11.61434, 0, 7.88304],
			"to": [13.61434, 8, 7.88304],
			"rotation": {"angle": 45, "axis": "y", "origin": [8.59403, 3.53959, 8.158]},
			"faces": {
				"north": {"uv": [9, 0, 12, 3], "texture": "#0", "tintindex": 0},
				"south": {"uv": [9, 0, 12, 3], "texture": "#0", "tintindex": 0}
			}
		},
		{
			"name": "grass",
			"from": [11.82668, 0, 2.84066],
			"to": [13.82668, 6, 2.84066],
			"rotation": {"angle": 22.5, "axis": "y", "origin": [7.59403, 3.53959, 7.4705]},
			"faces": {
				"north": {"uv": [6, 0, 9, 3], "texture": "#0", "tintindex": 0},
				"south": {"uv": [6, 0, 9, 3], "texture": "#0", "tintindex": 0}
			}
		},
		{
			"name": "grass",
			"from": [7.50668, 0, -1.96154],
			"to": [9.50668, 6, -1.96154],
			"rotation": {"angle": -45, "axis": "y", "origin": [8.59403, 3.53959, 8.158]},
			"faces": {
				"north": {"uv": [6, 0, 9, 3], "texture": "#0", "tintindex": 0},
				"south": {"uv": [6, 0, 9, 3], "texture": "#0", "tintindex": 0}
			}
		},
		{
			"name": "grass",
			"from": [14.68537, 1.91101, 2.22189],
			"to": [14.68537, 9.91101, 3.94064],
			"rotation": {"angle": -22.5, "axis": "z", "origin": [8.59403, 3.53959, 8.158]},
			"faces": {
				"east": {"uv": [6, 0, 9, 3], "texture": "#0", "tintindex": 0},
				"west": {"uv": [6, 0, 9, 3], "texture": "#0", "tintindex": 0}
			}
		},
		{
			"name": "grass",
			"from": [11.6566, -2.33841, 12.21665],
			"to": [13.6566, 3.66159, 12.21665],
			"rotation": {"angle": -22.5, "axis": "x", "origin": [8.59403, 3.53959, 8.158]},
			"faces": {
				"north": {"uv": [0, 0, 3, 3], "texture": "#0", "tintindex": 0},
				"south": {"uv": [0, 0, 3, 3], "texture": "#0", "tintindex": 0}
			}
		},
		{
			"name": "grass",
			"from": [4.6566, 1.54145, 12.27708],
			"to": [6.6566, 5.54145, 12.27708],
			"rotation": {"angle": 22.5, "axis": "x", "origin": [8.59403, 3.53959, 8.158]},
			"faces": {
				"north": {"uv": [0, 0, 3, 3], "texture": "#0", "tintindex": 0},
				"south": {"uv": [0, 0, 3, 3], "texture": "#0", "tintindex": 0}
			}
		},
		{
			"name": "grass",
			"from": [5.82302, 0.53568, 8.87814],
			"to": [5.82302, 5.53568, 10.87814],
			"rotation": {"angle": 22.5, "axis": "z", "origin": [8.59403, 3.53959, 8.158]},
			"faces": {
				"east": {"uv": [6, 0, 9, 3], "texture": "#0", "tintindex": 0},
				"west": {"uv": [6, 0, 9, 3], "texture": "#0", "tintindex": 0}
			}
		},
		{
			"name": "grass",
			"from": [10.27548, 2.63756, 15.30811],
			"to": [12.27548, 10.63756, 15.30811],
			"rotation": {"angle": 22.5, "axis": "x", "origin": [8.59403, 3.53959, 8.158]},
			"faces": {
				"north": {"uv": [6, 0, 9, 3], "texture": "#0", "tintindex": 0},
				"south": {"uv": [6, 0, 9, 3], "texture": "#0", "tintindex": 0}
			}
		},
		{
			"name": "grass",
			"from": [7.6566, 0, 8.87814],
			"to": [7.6566, 10, 10.87814],
			"rotation": {"angle": 0, "axis": "y", "origin": [8.59403, 3.53959, 8.158]},
			"faces": {
				"east": {"uv": [0, 0, 3, 3], "texture": "#0", "tintindex": 0},
				"west": {"uv": [0, 0, 3, 3], "texture": "#0", "tintindex": 0}
			}
		},
		{
			"name": "grass",
			"from": [11.80285, 0, 13.56847],
			"to": [11.80285, 8, 15.56847],
			"rotation": {"angle": 22.5, "axis": "y", "origin": [8.59403, 3.53959, 8.158]},
			"faces": {
				"east": {"uv": [9, 0, 12, 3], "texture": "#0", "tintindex": 0},
				"west": {"uv": [9, 0, 12, 3], "texture": "#0", "tintindex": 0}
			}
		},
		{
			"name": "grass",
			"from": [5.98779, 0, 13.45321],
			"to": [5.98779, 8, 15.45321],
			"rotation": {"angle": 0, "axis": "y", "origin": [8.59403, 3.53959, 8.158]},
			"faces": {
				"east": {"uv": [6, 0, 9, 3], "texture": "#0", "tintindex": 0},
				"west": {"uv": [6, 0, 9, 3], "texture": "#0", "tintindex": 0}
			}
		},
		{
			"name": "grass",
			"from": [13.98779, 0, 9.45321],
			"to": [15.98779, 10, 9.45321],
			"rotation": {"angle": 0, "axis": "y", "origin": [8.59403, 3.53959, 8.158]},
			"faces": {
				"north": {"uv": [0, 0, 3, 3], "texture": "#0", "tintindex": 0},
				"south": {"uv": [0, 0, 3, 3], "texture": "#0", "tintindex": 0}
			}
		},
		{
			"name": "grass",
			"from": [3.34343, 0, 0.79832],
			"to": [3.34343, 8, 2.79832],
			"rotation": {"angle": 22.5, "axis": "y", "origin": [8.59403, 3.53959, 8.158]},
			"faces": {
				"east": {"uv": [9, 0, 12, 3], "texture": "#0", "tintindex": 0},
				"west": {"uv": [9, 0, 12, 3], "texture": "#0", "tintindex": 0}
			}
		},
		{
			"name": "grass",
			"from": [6.67909, 0, 2.00858],
			"to": [6.67909, 10, 4.00858],
			"rotation": {"angle": 22.5, "axis": "y", "origin": [8.59403, 3.53959, 8.158]},
			"faces": {
				"east": {"uv": [0, 0, 3, 3], "texture": "#0", "tintindex": 0},
				"west": {"uv": [0, 0, 3, 3], "texture": "#0", "tintindex": 0}
			}
		},
		{
			"name": "grass",
			"from": [6.67909, 0, 2.00858],
			"to": [6.67909, 10, 4.00858],
			"rotation": {"angle": 22.5, "axis": "y", "origin": [8.59403, 3.53959, 8.158]},
			"faces": {
				"east": {"uv": [0, 0, 3, 3], "texture": "#0", "tintindex": 0},
				"west": {"uv": [0, 0, 3, 3], "texture": "#0", "tintindex": 0}
			}
		},
		{
			"name": "grass",
			"from": [2.71308, 0, 11.1073],
			"to": [2.71308, 10, 13.1073],
			"rotation": {"angle": -22.5, "axis": "y", "origin": [8.59403, 3.53959, 8.158]},
			"faces": {
				"east": {"uv": [0, 0, 3, 3], "texture": "#0", "tintindex": 0},
				"west": {"uv": [0, 0, 3, 3], "texture": "#0", "tintindex": 0}
			}
		},
		{
			"name": "grass",
			"from": [3.62696, 0, 7.78797],
			"to": [3.62696, 8, 9.78797],
			"rotation": {"angle": -22.5, "axis": "y", "origin": [8.59403, 3.53959, 8.158]},
			"faces": {
				"east": {"uv": [6, 0, 9, 3], "texture": "#0", "tintindex": 0},
				"west": {"uv": [6, 0, 9, 3], "texture": "#0", "tintindex": 0}
			}
		},
		{
			"name": "grass",
			"from": [14.37732, 0, 2.84844],
			"to": [14.37732, 9, 4.84844],
			"rotation": {"angle": -22.5, "axis": "y", "origin": [8.59403, 3.53959, 8.158]},
			"faces": {
				"east": {"uv": [3, 0, 6, 3], "texture": "#0", "tintindex": 0},
				"west": {"uv": [3, 0, 6, 3], "texture": "#0", "tintindex": 0}
			}
		}
	],
	"groups": [
		{
			"name": "Grass",
			"origin": [11.15625, 5, -1.83118],
			"color": 0,
			"children": [0, 1, 2, 3, 4, 5, 6, 7, 8, 9, 10, 11, 12, 13, 14, 15, 16, 17, 18, 19, 20, 21, 22, 23, 24, 25, 26, 27, 28, 29, 30]
		},
		{
			"name": "Grass",
			"origin": [11.15625, 5, -1.83118],
			"color": 0,
			"children": [31, 32, 33, 34, 35, 36, 37, 38, 39, 40, 41, 42, 43, 44, 45, 46, 47, 48, 49, 50, 51, 52, 53, 54, 55, 56, 57, 58, 59, 60, 61, 62]
		}
	]
}