{
	"credit": "Made with Blockbench",
	"ambientocclusion": false,
	"textures": {
		"particle": "#rail"
	},
	"elements": [
		{
			"from": [0, 8.25, -0.25],
			"to": [16, 8.25, 15.75],
			"rotation": {"angle": -45, "axis": "x", "origin": [8, 8.5, 8], "rescale": true},
			"faces": {
				"up": {"uv": [0, 16, 16, 0], "texture": "#rail"},
				"down": {"uv": [0, 0, 16, 16], "texture": "#rail"}
			}
		},
		{
			"from": [2, 0.125, 0],
			"to": [4, 1.125, 22.3125],
			"rotation": {"angle": -45, "axis": "x", "origin": [3, 0.5, 0]},
			"faces": {
				"north": {"uv": [4, 15, 2, 16], "texture": "#rail"},
				"east": {"uv": [13, 0, 12, 16], "texture": "#rail"},
				"south": {"uv": [14, 15, 12, 16], "texture": "#rail"},
				"west": {"uv": [14, 15, 13, 16], "texture": "#rail"},
				"up": {"uv": [2, 16, 4, 0], "texture": "#rail"},
				"down": {"uv": [2, 16, 4, 0], "texture": "#rail"}
			}
		},
		{
			"from": [12, 0.125, 0],
			"to": [14, 1.125, 22.3125],
			"rotation": {"angle": -45, "axis": "x", "origin": [3, 0.5, 0]},
			"faces": {
				"north": {"uv": [14, 15, 12, 16], "texture": "#rail"},
				"east": {"uv": [14, 15, 13, 16], "texture": "#rail"},
				"south": {"uv": [4, 15, 2, 16], "texture": "#rail"},
				"west": {"uv": [13, 0, 12, 16], "texture": "#rail"},
				"up": {"uv": [12, 16, 14, 0], "texture": "#rail"},
				"down": {"uv": [12, 16, 14, 0], "texture": "#rail"}
			}
		},
		{
			"from": [12, 16.04433, 15.46963],
			"to": [14, 17.04433, 16.21963],
			"rotation": {"angle": -22.5, "axis": "x", "origin": [8, 16.54433, 16.21963]},
			"faces": {
				"north": {"uv": [14, 15, 12, 16], "texture": "#rail"},
				"east": {"uv": [14, 15, 13, 16], "texture": "#rail"},
				"south": {"uv": [4, 15, 2, 16], "texture": "#rail"},
				"west": {"uv": [13, 15, 12, 16], "texture": "#rail"},
				"up": {"uv": [12, 16, 14, 15], "texture": "#rail"},
				"down": {"uv": [12, 16, 14, 0], "texture": "#rail"}
			}
		},
		{
			"from": [2, 16.04433, 15.46963],
			"to": [4, 17.04433, 16.21963],
			"rotation": {"angle": -22.5, "axis": "x", "origin": [8, 16.54433, 16.21963]},
			"faces": {
				"north": {"uv": [14, 15, 12, 16], "texture": "#rail"},
				"east": {"uv": [13, 15, 12, 16], "texture": "#rail"},
				"south": {"uv": [14, 15, 12, 16], "texture": "#rail"},
				"west": {"uv": [14, 15, 13, 16], "texture": "#rail"},
				"up": {"uv": [2, 16, 4, 15], "texture": "#rail"},
				"down": {"uv": [12, 16, 14, 0], "texture": "#rail"}
			}
		}
	]
}