{
	"credit": "Made with Blockbench",
	"textures": {
		"0_0": "block/wheat_stages"
	},
	"elements": [
		{
			"name": "grass",
			"from": [4.5, -1, 12.57822],
			"to": [4.5, 2, 13.57822],
			"rotation": {"angle": -22.5, "axis": "y", "origin": [3.5, 8.25, 14.07822]},
			"faces": {
				"east": {"uv": [1, 0, 2, 16], "texture": "#0_0"},
				"west": {"uv": [1, 0, 2, 16], "texture": "#0_0"}
			}
		},
		{
			"name": "grass",
			"from": [11.5, -1, 5.57822],
			"to": [11.5, 1, 6.57822],
			"rotation": {"angle": 45, "axis": "y", "origin": [11.5, 8.25, 6.07822]},
			"faces": {
				"east": {"uv": [5, 0, 6, 15], "texture": "#0_0"},
				"west": {"uv": [5, 0, 6, 15], "texture": "#0_0"}
			}
		},
		{
			"name": "grass",
			"from": [14, -1, 10.07822],
			"to": [15, 2, 10.07822],
			"rotation": {"angle": 0, "axis": "y", "origin": [13.5, 8.25, 8.07822]},
			"faces": {
				"north": {"uv": [7, 0, 8, 13], "texture": "#0_0", "tintindex": 0},
				"south": {"uv": [7, 0, 8, 13], "texture": "#0_0", "tintindex": 0}
			}
		},
		{
			"name": "grass",
			"from": [15, -1, 8.07822],
			"to": [16, 1, 8.07822],
			"rotation": {"angle": 45, "axis": "y", "origin": [13.5, 6.5, 10.07822]},
			"faces": {
				"north": {"uv": [7, 0, 8, 13], "texture": "#0_0", "tintindex": 0},
				"south": {"uv": [7, 0, 8, 13], "texture": "#0_0", "tintindex": 0}
			}
		},
		{
			"name": "grass",
			"from": [10, -1, 13.07822],
			"to": [11, 0, 13.07822],
			"rotation": {"angle": 22.5, "axis": "y", "origin": [13.5, 8.25, 8.07822]},
			"faces": {
				"north": {"uv": [3, 0, 4, 13], "texture": "#0_0", "tintindex": 0},
				"south": {"uv": [3, 0, 4, 13], "texture": "#0_0", "tintindex": 0}
			}
		},
		{
			"name": "grass",
			"from": [4.5, -1, 7.57822],
			"to": [4.5, 3, 8.57822],
			"rotation": {"angle": 22.5, "axis": "y", "origin": [5.5, 8.25, 11.07822]},
			"faces": {
				"east": {"uv": [3, 0, 4, 13], "texture": "#0_0"},
				"west": {"uv": [3, 0, 4, 13], "texture": "#0_0"}
			}
		},
		{
			"name": "grass",
			"from": [2.5, -1, 10.57822],
			"to": [2.5, 2, 11.57822],
			"rotation": {"angle": 0, "axis": "z", "origin": [2.5, 5.5, 11.07822]},
			"faces": {
				"east": {"uv": [7, 0, 8, 13], "texture": "#0_0"},
				"west": {"uv": [7, 0, 8, 13], "texture": "#0_0"}
			}
		},
		{
			"name": "grass",
			"from": [9, -1, 11.07822],
			"to": [10, 2, 11.07822],
			"rotation": {"angle": 45, "axis": "y", "origin": [11.5, 8.25, 12.07822]},
			"faces": {
				"north": {"uv": [5, 0, 6, 11], "texture": "#0_0", "tintindex": 0},
				"south": {"uv": [5, 0, 6, 11], "texture": "#0_0", "tintindex": 0}
			}
		},
		{
			"name": "grass",
			"from": [8, -1, 7.07822],
			"to": [9, 2, 7.07822],
			"rotation": {"angle": 0, "axis": "y", "origin": [6.5, 8.25, 10.07822]},
			"faces": {
				"north": {"uv": [1, 0, 2, 16], "texture": "#0_0", "tintindex": 0},
				"south": {"uv": [1, 0, 2, 16], "texture": "#0_0", "tintindex": 0}
			}
		},
		{
			"name": "grass",
			"from": [10.92178, -1, 9.59375],
			"to": [10.92178, 2, 10.59375],
			"rotation": {"angle": -22.5, "axis": "z", "origin": [7.92178, 5.5, 10.09375]},
			"faces": {
				"east": {"uv": [7, 0, 8, 13], "texture": "#0_0"},
				"west": {"uv": [7, 0, 8, 13], "texture": "#0_0"}
			}
		},
		{
			"name": "grass",
			"from": [5.04697, -2, 7.3216],
			"to": [5.04697, 2, 8.3216],
			"rotation": {"angle": 22.5, "axis": "z", "origin": [5.04697, 6, 7.8216]},
			"faces": {
				"east": {"uv": [3, 0, 4, 13], "texture": "#0_0"},
				"west": {"uv": [3, 0, 4, 13], "texture": "#0_0"}
			}
		},
		{
			"name": "grass",
			"from": [9.10928, -2, 5.5],
			"to": [10.10928, 3, 5.5],
			"rotation": {"angle": -22.5, "axis": "x", "origin": [9.60928, 5.5, 5.5]},
			"faces": {
				"north": {"uv": [7, 0, 8, 13], "texture": "#0_0", "tintindex": 0},
				"south": {"uv": [7, 0, 8, 13], "texture": "#0_0", "tintindex": 0}
			}
		},
		{
			"name": "grass",
			"from": [5.70303, -2, 11.4375],
			"to": [6.70303, 2, 11.4375],
			"rotation": {"angle": 22.5, "axis": "x", "origin": [6.20303, 7, 11.4375]},
			"faces": {
				"north": {"uv": [1, 0, 2, 16], "texture": "#0_0", "tintindex": 0},
				"south": {"uv": [1, 0, 2, 16], "texture": "#0_0", "tintindex": 0}
			}
		},
		{
			"name": "grass",
			"from": [6.5, -1, 9.57822],
			"to": [6.5, 3, 10.57822],
			"rotation": {"angle": -22.5, "axis": "y", "origin": [6.5, 8.25, 9.07822]},
			"faces": {
				"east": {"uv": [1, 0, 2, 16], "texture": "#0_0"},
				"west": {"uv": [1, 0, 2, 16], "texture": "#0_0"}
			}
		},
		{
			"name": "grass",
			"from": [11.5, -1, 1.57822],
			"to": [11.5, 2, 2.57822],
			"rotation": {"angle": 45, "axis": "y", "origin": [11.5, 8.25, 2.07822]},
			"faces": {
				"east": {"uv": [5, 0, 6, 15], "texture": "#0_0"},
				"west": {"uv": [5, 0, 6, 15], "texture": "#0_0"}
			}
		},
		{
			"name": "grass",
			"from": [12, -1, 5.07822],
			"to": [13, 2, 5.07822],
			"rotation": {"angle": 0, "axis": "y", "origin": [11.5, 8.25, 2.07822]},
			"faces": {
				"north": {"uv": [7, 0, 8, 13], "texture": "#0_0", "tintindex": 0},
				"south": {"uv": [7, 0, 8, 13], "texture": "#0_0", "tintindex": 0}
			}
		},
		{
			"name": "grass",
			"from": [7, -1, 8.07822],
			"to": [8, 3, 8.07822],
			"rotation": {"angle": 22.5, "axis": "y", "origin": [10.5, 8.25, 4.07822]},
			"faces": {
				"north": {"uv": [3, 0, 4, 13], "texture": "#0_0", "tintindex": 0},
				"south": {"uv": [3, 0, 4, 13], "texture": "#0_0", "tintindex": 0}
			}
		},
		{
			"name": "grass",
			"from": [5.5, -1, 1.57822],
			"to": [5.5, 1, 2.57822],
			"rotation": {"angle": 22.5, "axis": "y", "origin": [6.5, 8.25, 5.07822]},
			"faces": {
				"east": {"uv": [3, 0, 4, 13], "texture": "#0_0"},
				"west": {"uv": [3, 0, 4, 13], "texture": "#0_0"}
			}
		},
		{
			"name": "grass",
			"from": [5.5, -1, 6.57822],
			"to": [5.5, 2, 7.57822],
			"rotation": {"angle": 0, "axis": "z", "origin": [5.5, 5.5, 7.07822]},
			"faces": {
				"east": {"uv": [7, 0, 8, 13], "texture": "#0_0"},
				"west": {"uv": [7, 0, 8, 13], "texture": "#0_0"}
			}
		},
		{
			"name": "grass",
			"from": [6, -1, 5.07822],
			"to": [7, 0, 5.07822],
			"rotation": {"angle": 45, "axis": "y", "origin": [6.5, 8.25, 5.07822]},
			"faces": {
				"north": {"uv": [5, 0, 6, 11], "texture": "#0_0", "tintindex": 0},
				"south": {"uv": [5, 0, 6, 11], "texture": "#0_0", "tintindex": 0}
			}
		},
		{
			"name": "grass",
			"from": [6, -1, 1.07822],
			"to": [7, 3, 1.07822],
			"rotation": {"angle": 0, "axis": "y", "origin": [4.5, 8.25, 4.07822]},
			"faces": {
				"north": {"uv": [1, 0, 2, 16], "texture": "#0_0", "tintindex": 0},
				"south": {"uv": [1, 0, 2, 16], "texture": "#0_0", "tintindex": 0}
			}
		}
	],
	"groups": [
		{
			"name": "wheat_stages",
			"origin": [8, 8, 8],
			"color": 0,
			"children": [
				{
					"name": "grass",
					"origin": [12.65625, 6.25, -1.75296],
					"color": 0,
					"children": [0, 1, 2, 3, 4, 5, 6, 7, 8]
				},
				{
					"name": "grass",
					"origin": [12.65625, 6.25, -1.75296],
					"color": 0,
					"children": [9, 10, 11, 12]
				},
				{
					"name": "grass",
					"origin": [12.65625, 6.25, -1.75296],
					"color": 0,
					"children": [13, 14, 15, 16, 17, 18, 19, 20]
				}
			]
		}
	]
}