{
	"credit": "Made with Blockbench",
	"textures": {
		"0_0": "block/wheat_stages4"
	},
	"elements": [
		{
			"name": "grass",
			"from": [4.5, -1, 12.57822],
			"to": [4.5, 19, 13.57822],
			"rotation": {"angle": -22.5, "axis": "y", "origin": [3.5, 8.25, 14.07822]},
			"faces": {
				"east": {"uv": [1, 0, 2, 16], "texture": "#0_0"},
				"west": {"uv": [1, 0, 2, 16], "texture": "#0_0"}
			}
		},
		{
			"name": "grass",
			"from": [11.5, -1, 5.57822],
			"to": [11.5, 18, 6.57822],
			"rotation": {"angle": 45, "axis": "y", "origin": [11.5, 8.25, 6.07822]},
			"faces": {
				"east": {"uv": [5, 0, 6, 15], "texture": "#0_0"},
				"west": {"uv": [5, 0, 6, 15], "texture": "#0_0"}
			}
		},
		{
			"name": "grass",
			"from": [14, -1, 10.07822],
			"to": [15, 16, 10.07822],
			"rotation": {"angle": 0, "axis": "y", "origin": [13.5, 8.25, 8.07822]},
			"faces": {
				"north": {"uv": [7, 0, 8, 13], "texture": "#0_0", "tintindex": 0},
				"south": {"uv": [7, 0, 8, 13], "texture": "#0_0", "tintindex": 0}
			}
		},
		{
			"name": "grass",
			"from": [15, -1, 8.07822],
			"to": [16, 16, 8.07822],
			"rotation": {"angle": 45, "axis": "y", "origin": [13.5, 6.5, 10.07822]},
			"faces": {
				"north": {"uv": [7, 0, 8, 13], "texture": "#0_0", "tintindex": 0},
				"south": {"uv": [7, 0, 8, 13], "texture": "#0_0", "tintindex": 0}
			}
		},
		{
			"name": "grass",
			"from": [10, -1, 13.07822],
			"to": [11, 17, 13.07822],
			"rotation": {"angle": 22.5, "axis": "y", "origin": [13.5, 8.25, 8.07822]},
			"faces": {
				"north": {"uv": [3, 0, 4, 13], "texture": "#0_0", "tintindex": 0},
				"south": {"uv": [3, 0, 4, 13], "texture": "#0_0", "tintindex": 0}
			}
		},
		{
			"name": "grass",
			"from": [4.5, -1, 7.57822],
			"to": [4.5, 17, 8.57822],
			"rotation": {"angle": 22.5, "axis": "y", "origin": [5.5, 8.25, 11.07822]},
			"faces": {
				"east": {"uv": [3, 0, 4, 13], "texture": "#0_0"},
				"west": {"uv": [3, 0, 4, 13], "texture": "#0_0"}
			}
		},
		{
			"name": "grass",
			"from": [2.5, -1, 10.57822],
			"to": [2.5, 16, 11.57822],
			"rotation": {"angle": 0, "axis": "z", "origin": [2.5, 5.5, 11.07822]},
			"faces": {
				"east": {"uv": [7, 0, 8, 13], "texture": "#0_0"},
				"west": {"uv": [7, 0, 8, 13], "texture": "#0_0"}
			}
		},
		{
			"name": "grass",
			"from": [9, -1, 11.07822],
			"to": [10, 14, 11.07822],
			"rotation": {"angle": 45, "axis": "y", "origin": [11.5, 8.25, 12.07822]},
			"faces": {
				"north": {"uv": [5, 0, 6, 11], "texture": "#0_0", "tintindex": 0},
				"south": {"uv": [5, 0, 6, 11], "texture": "#0_0", "tintindex": 0}
			}
		},
		{
			"name": "grass",
			"from": [8, -1, 7.07822],
			"to": [9, 19, 7.07822],
			"rotation": {"angle": 0, "axis": "y", "origin": [6.5, 8.25, 10.07822]},
			"faces": {
				"north": {"uv": [1, 0, 2, 16], "texture": "#0_0", "tintindex": 0},
				"south": {"uv": [1, 0, 2, 16], "texture": "#0_0", "tintindex": 0}
			}
		},
		{
			"name": "grass",
			"from": [10.92178, -1, 9.59375],
			"to": [10.92178, 16, 10.59375],
			"rotation": {"angle": -22.5, "axis": "z", "origin": [7.92178, 5.5, 10.09375]},
			"faces": {
				"east": {"uv": [7, 0, 8, 13], "texture": "#0_0"},
				"west": {"uv": [7, 0, 8, 13], "texture": "#0_0"}
			}
		},
		{
			"name": "grass",
			"from": [5.04697, -2, 7.3216],
			"to": [5.04697, 16, 8.3216],
			"rotation": {"angle": 22.5, "axis": "z", "origin": [5.04697, 6, 7.8216]},
			"faces": {
				"east": {"uv": [3, 0, 4, 13], "texture": "#0_0"},
				"west": {"uv": [3, 0, 4, 13], "texture": "#0_0"}
			}
		},
		{
			"name": "grass",
			"from": [9.10928, -2, 5.5],
			"to": [10.10928, 15, 5.5],
			"rotation": {"angle": -22.5, "axis": "x", "origin": [9.60928, 5.5, 5.5]},
			"faces": {
				"north": {"uv": [7, 0, 8, 13], "texture": "#0_0", "tintindex": 0},
				"south": {"uv": [7, 0, 8, 13], "texture": "#0_0", "tintindex": 0}
			}
		},
		{
			"name": "grass",
			"from": [5.70303, -3, 11.4375],
			"to": [6.70303, 17, 11.4375],
			"rotation": {"angle": 22.5, "axis": "x", "origin": [6.20303, 7, 11.4375]},
			"faces": {
				"north": {"uv": [1, 0, 2, 16], "texture": "#0_0", "tintindex": 0},
				"south": {"uv": [1, 0, 2, 16], "texture": "#0_0", "tintindex": 0}
			}
		},
		{
			"name": "grass",
			"from": [1.91577, -0.95216, 10.92197],
			"to": [1.91577, 10.04784, 11.92197],
			"rotation": {"angle": 22.5, "axis": "z", "origin": [2.03125, -1, 11.42197]},
			"faces": {
				"east": {"uv": [1, 15, 2, 16], "texture": "#0_0"},
				"west": {"uv": [1, 15, 2, 16], "texture": "#0_0"}
			}
		},
		{
			"name": "grass",
			"from": [9.5, -1, 4.57822],
			"to": [9.5, 10, 5.57822],
			"rotation": {"angle": 22.5, "axis": "y", "origin": [9.5, 2.5, 6.07822]},
			"faces": {
				"east": {"uv": [3, 15, 4, 16], "texture": "#0_0"},
				"west": {"uv": [3, 15, 4, 16], "texture": "#0_0"}
			}
		},
		{
			"name": "grass",
			"from": [3.57103, -1, 4.47696],
			"to": [3.57103, 10, 5.47696],
			"rotation": {"angle": -22.5, "axis": "y", "origin": [5.66478, 2.5, 2.91446]},
			"faces": {
				"east": {"uv": [5, 15, 6, 16], "texture": "#0_0"},
				"west": {"uv": [5, 15, 6, 16], "texture": "#0_0"}
			}
		},
		{
			"name": "grass",
			"from": [4, -1, 9.60947],
			"to": [5, 10, 9.60947],
			"rotation": {"angle": 45, "axis": "y", "origin": [3.5, 2.5, 9.14072]},
			"faces": {
				"north": {"uv": [7, 15, 8, 16], "texture": "#0_0", "tintindex": 0},
				"south": {"uv": [7, 15, 8, 16], "texture": "#0_0", "tintindex": 0}
			}
		},
		{
			"name": "grass",
			"from": [5.96757, -1.25, 0.18083],
			"to": [6.96757, 9.75, 0.18083],
			"rotation": {"angle": -22.5, "axis": "x", "origin": [6.46757, 2.25, 0.18083]},
			"faces": {
				"north": {"uv": [2, 15, 1, 16], "texture": "#0_0", "tintindex": 0},
				"south": {"uv": [2, 15, 1, 16], "texture": "#0_0", "tintindex": 0}
			}
		},
		{
			"name": "grass",
			"from": [8.04369, -1, 6.32939],
			"to": [8.04369, 10, 7.32939],
			"rotation": {"angle": -22.5, "axis": "z", "origin": [6.10619, 2.5, 8.89189]},
			"faces": {
				"east": {"uv": [4, 15, 3, 16], "texture": "#0_0"},
				"west": {"uv": [4, 15, 3, 16], "texture": "#0_0"}
			}
		},
		{
			"name": "grass",
			"from": [0.50951, -1.59375, 6.63958],
			"to": [1.50951, 9.40625, 6.63958],
			"rotation": {"angle": 22.5, "axis": "x", "origin": [1.00951, 2.5, 3.63958]},
			"faces": {
				"north": {"uv": [6, 15, 5, 16], "texture": "#0_0", "tintindex": 0},
				"south": {"uv": [6, 15, 5, 16], "texture": "#0_0", "tintindex": 0}
			}
		},
		{
			"name": "grass",
			"from": [6.75025, -1, 1.43525],
			"to": [6.75025, 10, 2.43525],
			"rotation": {"angle": -45, "axis": "y", "origin": [4.69134, 2.5, 5.08324]},
			"faces": {
				"east": {"uv": [8, 15, 7, 16], "texture": "#0_0"},
				"west": {"uv": [8, 15, 7, 16], "texture": "#0_0"}
			}
		},
		{
			"name": "grass",
			"from": [3.61388, -1.03099, 12.82256],
			"to": [4.55388, 9.54901, 12.82256],
			"rotation": {"angle": 0, "axis": "y", "origin": [5.59284, 1.91053, 9.47295]},
			"faces": {
				"north": {"uv": [2, 15, 1, 16], "texture": "#0_0", "tintindex": 0},
				"south": {"uv": [2, 15, 1, 16], "texture": "#0_0", "tintindex": 0}
			}
		},
		{
			"name": "grass",
			"from": [3.07281, -1.03099, 2.19746],
			"to": [4.01281, 9.54901, 2.19746],
			"rotation": {"angle": -22.5, "axis": "y", "origin": [5.59284, 1.91053, 7.47295]},
			"faces": {
				"north": {"uv": [4, 15, 3, 16], "texture": "#0_0", "tintindex": 0},
				"south": {"uv": [4, 15, 3, 16], "texture": "#0_0", "tintindex": 0}
			}
		},
		{
			"name": "grass",
			"from": [7.35921, -1.03099, 6.6186],
			"to": [8.29921, 9.54901, 6.6186],
			"rotation": {"angle": 22.5, "axis": "y", "origin": [5.59284, 1.91053, 4.47295]},
			"faces": {
				"north": {"uv": [6, 15, 5, 16], "texture": "#0_0", "tintindex": 0},
				"south": {"uv": [6, 15, 5, 16], "texture": "#0_0", "tintindex": 0}
			}
		},
		{
			"name": "grass",
			"from": [3.08881, -1.03099, 12.20469],
			"to": [3.08881, 9.54901, 13.14469],
			"rotation": {"angle": -45, "axis": "y", "origin": [5.59284, 1.91053, 9.47295]},
			"faces": {
				"east": {"uv": [8, 15, 7, 16], "texture": "#0_0"},
				"west": {"uv": [8, 15, 7, 16], "texture": "#0_0"}
			}
		},
		{
			"name": "grass",
			"from": [9.27689, 0.26934, 2.68304],
			"to": [9.27689, 10.84934, 3.62304],
			"rotation": {"angle": -22.5, "axis": "z", "origin": [5.59284, 1.91053, 4.47295]},
			"faces": {
				"east": {"uv": [1, 15, 2, 16], "texture": "#0_0"},
				"west": {"uv": [1, 15, 2, 16], "texture": "#0_0"}
			}
		},
		{
			"name": "grass",
			"from": [2.90778, -0.68241, 1.87946],
			"to": [3.84778, 9.89759, 1.87946],
			"rotation": {"angle": -22.5, "axis": "x", "origin": [5.59284, 1.91053, 4.47295]},
			"faces": {
				"north": {"uv": [3, 15, 4, 16], "texture": "#0_0", "tintindex": 0},
				"south": {"uv": [3, 15, 4, 16], "texture": "#0_0", "tintindex": 0}
			}
		},
		{
			"name": "grass",
			"from": [6.44992, -1.91542, 7.81361],
			"to": [6.44992, 8.66458, 8.75361],
			"rotation": {"angle": 22.5, "axis": "z", "origin": [5.59284, 1.91053, 4.47295]},
			"faces": {
				"east": {"uv": [5, 15, 6, 16], "texture": "#0_0"},
				"west": {"uv": [5, 15, 6, 16], "texture": "#0_0"}
			}
		},
		{
			"name": "grass",
			"from": [7.42899, -1.03099, 5.37924],
			"to": [8.36899, 9.54901, 5.37924],
			"rotation": {"angle": 45, "axis": "y", "origin": [5.59284, 1.91053, 7.47295]},
			"faces": {
				"north": {"uv": [7, 15, 8, 16], "texture": "#0_0", "tintindex": 0},
				"south": {"uv": [7, 15, 8, 16], "texture": "#0_0", "tintindex": 0}
			}
		},
		{
			"name": "grass",
			"from": [8.53125, -0.95216, 7.30649],
			"to": [9.53125, 10.04784, 7.30649],
			"rotation": {"angle": -22.5, "axis": "x", "origin": [9.03125, -1, 7.42197]},
			"faces": {
				"north": {"uv": [1, 15, 2, 16], "texture": "#0_0"},
				"south": {"uv": [1, 15, 2, 16], "texture": "#0_0"}
			}
		},
		{
			"name": "grass",
			"from": [9.875, -1, 14.89072],
			"to": [10.875, 10, 14.89072],
			"rotation": {"angle": 22.5, "axis": "y", "origin": [9.375, 2.5, 14.89072]},
			"faces": {
				"north": {"uv": [3, 15, 4, 16], "texture": "#0_0"},
				"south": {"uv": [3, 15, 4, 16], "texture": "#0_0"}
			}
		},
		{
			"name": "grass",
			"from": [12.97626, -1, 4.96175],
			"to": [13.97626, 10, 4.96175],
			"rotation": {"angle": -22.5, "axis": "y", "origin": [15.53876, 2.5, 4.0555]},
			"faces": {
				"north": {"uv": [5, 15, 6, 16], "texture": "#0_0"},
				"south": {"uv": [5, 15, 6, 16], "texture": "#0_0"}
			}
		},
		{
			"name": "grass",
			"from": [5.84375, -1, 9.39072],
			"to": [5.84375, 10, 10.39072],
			"rotation": {"angle": 45, "axis": "y", "origin": [6.3125, 2.5, 8.89072]},
			"faces": {
				"east": {"uv": [7, 15, 8, 16], "texture": "#0_0", "tintindex": 0},
				"west": {"uv": [7, 15, 8, 16], "texture": "#0_0", "tintindex": 0}
			}
		},
		{
			"name": "grass",
			"from": [15.27239, -1.25, 5.35829],
			"to": [15.27239, 9.75, 6.35829],
			"rotation": {"angle": -22.5, "axis": "z", "origin": [15.27239, 2.25, 4.85829]},
			"faces": {
				"east": {"uv": [2, 15, 1, 16], "texture": "#0_0", "tintindex": 0},
				"west": {"uv": [2, 15, 1, 16], "texture": "#0_0", "tintindex": 0}
			}
		},
		{
			"name": "grass",
			"from": [8.12383, -1, 13.43441],
			"to": [9.12383, 10, 13.43441],
			"rotation": {"angle": 22.5, "axis": "x", "origin": [6.56133, 2.5, 11.49691]},
			"faces": {
				"north": {"uv": [4, 15, 3, 16], "texture": "#0_0"},
				"south": {"uv": [4, 15, 3, 16], "texture": "#0_0"}
			}
		},
		{
			"name": "grass",
			"from": [11.81364, -1.59375, 5.90023],
			"to": [11.81364, 9.40625, 6.90023],
			"rotation": {"angle": 22.5, "axis": "z", "origin": [11.81364, 2.5, 6.40023]},
			"faces": {
				"east": {"uv": [6, 15, 5, 16], "texture": "#0_0", "tintindex": 0},
				"west": {"uv": [6, 15, 5, 16], "texture": "#0_0", "tintindex": 0}
			}
		},
		{
			"name": "grass",
			"from": [15.01797, -1, 12.14097],
			"to": [16.01797, 10, 12.14097],
			"rotation": {"angle": -45, "axis": "y", "origin": [12.36998, 2.5, 10.08206]},
			"faces": {
				"north": {"uv": [8, 15, 7, 16], "texture": "#0_0"},
				"south": {"uv": [8, 15, 7, 16], "texture": "#0_0"}
			}
		},
		{
			"name": "grass",
			"from": [7.63066, -1.03099, 9.0046],
			"to": [7.63066, 9.54901, 9.9446],
			"rotation": {"angle": 0, "axis": "y", "origin": [10.98027, 1.91053, 10.98356]},
			"faces": {
				"east": {"uv": [2, 15, 1, 16], "texture": "#0_0", "tintindex": 0},
				"west": {"uv": [2, 15, 1, 16], "texture": "#0_0", "tintindex": 0}
			}
		},
		{
			"name": "grass",
			"from": [14.25576, -1.03099, 6.46353],
			"to": [14.25576, 9.54901, 7.40353],
			"rotation": {"angle": -22.5, "axis": "y", "origin": [10.98027, 1.91053, 3.98356]},
			"faces": {
				"east": {"uv": [4, 15, 3, 16], "texture": "#0_0", "tintindex": 0},
				"west": {"uv": [4, 15, 3, 16], "texture": "#0_0", "tintindex": 0}
			}
		},
		{
			"name": "grass",
			"from": [8.83462, -1.03099, 12.74993],
			"to": [8.83462, 9.54901, 13.68993],
			"rotation": {"angle": 22.5, "axis": "y", "origin": [10.98027, 1.91053, 10.98356]},
			"faces": {
				"east": {"uv": [6, 15, 5, 16], "texture": "#0_0", "tintindex": 0},
				"west": {"uv": [6, 15, 5, 16], "texture": "#0_0", "tintindex": 0}
			}
		},
		{
			"name": "grass",
			"from": [7.30853, -1.03099, 8.47953],
			"to": [8.24853, 9.54901, 8.47953],
			"rotation": {"angle": -45, "axis": "y", "origin": [10.98027, 1.91053, 10.98356]},
			"faces": {
				"north": {"uv": [8, 15, 7, 16], "texture": "#0_0"},
				"south": {"uv": [8, 15, 7, 16], "texture": "#0_0"}
			}
		},
		{
			"name": "grass",
			"from": [13.83018, 0.26934, 14.66761],
			"to": [14.77018, 10.84934, 14.66761],
			"rotation": {"angle": 22.5, "axis": "x", "origin": [12.98027, 1.91053, 10.98356]},
			"faces": {
				"north": {"uv": [1, 15, 2, 16], "texture": "#0_0"},
				"south": {"uv": [1, 15, 2, 16], "texture": "#0_0"}
			}
		},
		{
			"name": "grass",
			"from": [13.57376, -0.68241, 1.2985],
			"to": [13.57376, 9.89759, 2.2385],
			"rotation": {"angle": -22.5, "axis": "z", "origin": [10.98027, 1.91053, 3.98356]},
			"faces": {
				"east": {"uv": [3, 15, 4, 16], "texture": "#0_0", "tintindex": 0},
				"west": {"uv": [3, 15, 4, 16], "texture": "#0_0", "tintindex": 0}
			}
		},
		{
			"name": "grass",
			"from": [6.69961, -1.91542, 11.84064],
			"to": [7.63961, 8.66458, 11.84064],
			"rotation": {"angle": -22.5, "axis": "x", "origin": [10.98027, 1.91053, 10.98356]},
			"faces": {
				"north": {"uv": [5, 15, 6, 16], "texture": "#0_0"},
				"south": {"uv": [5, 15, 6, 16], "texture": "#0_0"}
			}
		},
		{
			"name": "grass",
			"from": [13.07398, -1.03099, 12.81971],
			"to": [13.07398, 9.54901, 13.75971],
			"rotation": {"angle": 45, "axis": "y", "origin": [10.98027, 1.91053, 10.98356]},
			"faces": {
				"east": {"uv": [7, 15, 8, 16], "texture": "#0_0", "tintindex": 0},
				"west": {"uv": [7, 15, 8, 16], "texture": "#0_0", "tintindex": 0}
			}
		},
		{
			"name": "grass",
			"from": [6.5, -1, 9.57822],
			"to": [6.5, 17, 10.57822],
			"rotation": {"angle": -22.5, "axis": "y", "origin": [6.5, 8.25, 9.07822]},
			"faces": {
				"east": {"uv": [1, 0, 2, 16], "texture": "#0_0"},
				"west": {"uv": [1, 0, 2, 16], "texture": "#0_0"}
			}
		},
		{
			"name": "grass",
			"from": [11.5, -1, 1.57822],
			"to": [11.5, 16, 2.57822],
			"rotation": {"angle": 45, "axis": "y", "origin": [11.5, 8.25, 2.07822]},
			"faces": {
				"east": {"uv": [5, 0, 6, 15], "texture": "#0_0"},
				"west": {"uv": [5, 0, 6, 15], "texture": "#0_0"}
			}
		},
		{
			"name": "grass",
			"from": [12, -1, 5.07822],
			"to": [13, 14, 5.07822],
			"rotation": {"angle": 0, "axis": "y", "origin": [11.5, 8.25, 2.07822]},
			"faces": {
				"north": {"uv": [7, 0, 8, 13], "texture": "#0_0", "tintindex": 0},
				"south": {"uv": [7, 0, 8, 13], "texture": "#0_0", "tintindex": 0}
			}
		},
		{
			"name": "grass",
			"from": [7, -1, 8.07822],
			"to": [8, 15, 8.07822],
			"rotation": {"angle": 22.5, "axis": "y", "origin": [10.5, 8.25, 4.07822]},
			"faces": {
				"north": {"uv": [3, 0, 4, 13], "texture": "#0_0", "tintindex": 0},
				"south": {"uv": [3, 0, 4, 13], "texture": "#0_0", "tintindex": 0}
			}
		},
		{
			"name": "grass",
			"from": [5.5, -1, 1.57822],
			"to": [5.5, 15, 2.57822],
			"rotation": {"angle": 22.5, "axis": "y", "origin": [6.5, 8.25, 5.07822]},
			"faces": {
				"east": {"uv": [3, 0, 4, 13], "texture": "#0_0"},
				"west": {"uv": [3, 0, 4, 13], "texture": "#0_0"}
			}
		},
		{
			"name": "grass",
			"from": [5.5, -1, 6.57822],
			"to": [5.5, 14, 7.57822],
			"rotation": {"angle": 0, "axis": "z", "origin": [5.5, 5.5, 7.07822]},
			"faces": {
				"east": {"uv": [7, 0, 8, 13], "texture": "#0_0"},
				"west": {"uv": [7, 0, 8, 13], "texture": "#0_0"}
			}
		},
		{
			"name": "grass",
			"from": [6, -1, 5.07822],
			"to": [7, 12, 5.07822],
			"rotation": {"angle": 45, "axis": "y", "origin": [6.5, 8.25, 5.07822]},
			"faces": {
				"north": {"uv": [5, 0, 6, 11], "texture": "#0_0", "tintindex": 0},
				"south": {"uv": [5, 0, 6, 11], "texture": "#0_0", "tintindex": 0}
			}
		},
		{
			"name": "grass",
			"from": [6, -1, 1.07822],
			"to": [7, 17, 1.07822],
			"rotation": {"angle": 0, "axis": "y", "origin": [4.5, 8.25, 4.07822]},
			"faces": {
				"north": {"uv": [1, 0, 2, 16], "texture": "#0_0", "tintindex": 0},
				"south": {"uv": [1, 0, 2, 16], "texture": "#0_0", "tintindex": 0}
			}
		},
		{
			"name": "grass",
			"from": [8.34375, -1, 2.79697],
			"to": [10.34375, 19, 2.79697],
			"rotation": {"angle": 0, "axis": "y", "origin": [6.84375, 8.25, 8.79697]},
			"faces": {
				"north": {"uv": [9, 0, 12, 16], "texture": "#0_0", "tintindex": 0},
				"south": {"uv": [9, 0, 12, 16], "texture": "#0_0", "tintindex": 0}
			}
		},
		{
			"name": "grass",
			"from": [10.34375, -1, 8.79697],
			"to": [12.34375, 17, 8.79697],
			"rotation": {"angle": -45, "axis": "y", "origin": [9.34375, 8, 8.79697]},
			"faces": {
				"north": {"uv": [9, 0, 12, 16], "texture": "#0_0", "tintindex": 0},
				"south": {"uv": [9, 0, 12, 16], "texture": "#0_0", "tintindex": 0}
			}
		},
		{
			"name": "grass",
			"from": [3.34375, -1, 4.79697],
			"to": [3.34375, 22, 6.79697],
			"rotation": {"angle": 22.5, "axis": "y", "origin": [9.34375, 8, 8.79697]},
			"faces": {
				"east": {"uv": [9, 0, 12, 16], "texture": "#0_0", "tintindex": 0},
				"west": {"uv": [9, 0, 12, 16], "texture": "#0_0", "tintindex": 0}
			}
		},
		{
			"name": "grass",
			"from": [3.34375, 1, 0.79697],
			"to": [3.34375, 20, 2.79697],
			"rotation": {"angle": 22.5, "axis": "z", "origin": [9.34375, 8, 8.79697]},
			"faces": {
				"east": {"uv": [9, 0, 12, 16], "texture": "#0_0", "tintindex": 0},
				"west": {"uv": [9, 0, 12, 16], "texture": "#0_0", "tintindex": 0}
			}
		},
		{
			"name": "grass",
			"from": [11.34375, 1, 2.79697],
			"to": [13.34375, 20, 2.79697],
			"rotation": {"angle": -22.5, "axis": "x", "origin": [9.34375, 8, 8.79697]},
			"faces": {
				"north": {"uv": [9, 0, 12, 16], "texture": "#0_0", "tintindex": 0},
				"south": {"uv": [9, 0, 12, 16], "texture": "#0_0", "tintindex": 0}
			}
		},
		{
			"name": "grass",
			"from": [10.34375, 1, 10.79697],
			"to": [10.34375, 20, 12.79697],
			"rotation": {"angle": -22.5, "axis": "z", "origin": [9.34375, 8, 8.79697]},
			"faces": {
				"east": {"uv": [9, 0, 12, 16], "texture": "#0_0", "tintindex": 0},
				"west": {"uv": [9, 0, 12, 16], "texture": "#0_0", "tintindex": 0}
			}
		},
		{
			"name": "grass",
			"from": [4.71875, 1, 11.79697],
			"to": [6.71875, 20, 11.79697],
			"rotation": {"angle": 22.5, "axis": "x", "origin": [9.34375, 8, 8.79697]},
			"faces": {
				"north": {"uv": [9, 0, 12, 16], "texture": "#0_0", "tintindex": 0},
				"south": {"uv": [9, 0, 12, 16], "texture": "#0_0", "tintindex": 0}
			}
		},
		{
			"name": "grass",
			"from": [6.15434, -1, 4.60564],
			"to": [6.15434, 21, 6.60564],
			"rotation": {"angle": 0, "axis": "y", "origin": [10.32717, 8.25, 7.45131]},
			"faces": {
				"east": {"uv": [13, 0, 16, 16], "texture": "#0_0", "tintindex": 0},
				"west": {"uv": [13, 0, 16, 16], "texture": "#0_0", "tintindex": 0}
			}
		},
		{
			"name": "grass",
			"from": [10.31409, -1, 1.85422],
			"to": [10.31409, 19, 3.85422],
			"rotation": {"angle": -45, "axis": "y", "origin": [10.32717, 8.25, 7.45131]},
			"faces": {
				"east": {"uv": [13, 0, 16, 16], "texture": "#0_0", "tintindex": 0},
				"west": {"uv": [13, 0, 16, 16], "texture": "#0_0", "tintindex": 0}
			}
		},
		{
			"name": "grass",
			"from": [8.72156, -1, 12.44536],
			"to": [10.72156, 24, 12.44536],
			"rotation": {"angle": 22.5, "axis": "y", "origin": [10.32717, 8.25, 7.45131]},
			"faces": {
				"north": {"uv": [9, 0, 12, 16], "texture": "#0_0", "tintindex": 0},
				"south": {"uv": [9, 0, 12, 16], "texture": "#0_0", "tintindex": 0}
			}
		},
		{
			"name": "grass",
			"from": [6.15434, 0.31273, 10.84181],
			"to": [8.15434, 21.31273, 10.84181],
			"rotation": {"angle": -22.5, "axis": "y", "origin": [10.32717, 8.25, 7.45131]},
			"faces": {
				"north": {"uv": [9, 0, 12, 16], "texture": "#0_0", "tintindex": 0},
				"south": {"uv": [9, 0, 12, 16], "texture": "#0_0", "tintindex": 0}
			}
		},
		{
			"name": "grass",
			"from": [5.91958, 0.3198, 6.60564],
			"to": [5.91958, 21.3198, 8.60564],
			"rotation": {"angle": -22.5, "axis": "z", "origin": [10.32717, 8.25, 7.45131]},
			"faces": {
				"east": {"uv": [13, 0, 16, 16], "texture": "#0_0", "tintindex": 0},
				"west": {"uv": [13, 0, 16, 16], "texture": "#0_0", "tintindex": 0}
			}
		},
		{
			"name": "grass",
			"from": [9.17283, 0.3198, 11.04372],
			"to": [11.17283, 21.3198, 11.04372],
			"rotation": {"angle": -22.5, "axis": "x", "origin": [10.32717, 8.25, 7.45131]},
			"faces": {
				"north": {"uv": [9, 0, 12, 16], "texture": "#0_0", "tintindex": 0},
				"south": {"uv": [9, 0, 12, 16], "texture": "#0_0", "tintindex": 0}
			}
		},
		{
			"name": "grass",
			"from": [10.15434, 1.72534, 4.65046],
			"to": [12.15434, 22.72534, 4.65046],
			"rotation": {"angle": 22.5, "axis": "x", "origin": [10.32717, 8.25, 7.45131]},
			"faces": {
				"north": {"uv": [9, 0, 12, 16], "texture": "#0_0", "tintindex": 0},
				"south": {"uv": [9, 0, 12, 16], "texture": "#0_0", "tintindex": 0}
			}
		},
		{
			"name": "grass",
			"from": [10.11092, 1.71826, 9.23064],
			"to": [10.11092, 22.71826, 11.23064],
			"rotation": {"angle": 22.5, "axis": "z", "origin": [10.32717, 8.25, 7.45131]},
			"faces": {
				"east": {"uv": [13, 0, 16, 16], "texture": "#0_0", "tintindex": 0},
				"west": {"uv": [13, 0, 16, 16], "texture": "#0_0", "tintindex": 0}
			}
		}
	],
	"groups": [
		{
			"name": "wheat_stage",
			"origin": [8, 8, 8],
			"color": 0,
			"children": [
				{
					"name": "grass",
					"origin": [12.65625, 6.25, -1.75296],
					"color": 0,
					"children": [0, 1, 2, 3, 4, 5, 6, 7, 8]
				},
				{
					"name": "grass",
					"origin": [12.65625, 6.25, -1.75296],
					"color": 0,
					"children": [9, 10, 11, 12]
				},
				{
					"name": "grass",
					"origin": [8, 8, 8],
					"color": 0,
					"children": [13, 14, 15, 16, 17, 18, 19, 20, 21, 22, 23, 24, 25, 26, 27, 28]
				},
				{
					"name": "grass",
					"origin": [8, 8, 8],
					"color": 0,
					"children": [29, 30, 31, 32, 33, 34, 35, 36, 37, 38, 39, 40, 41, 42, 43, 44]
				},
				{
					"name": "grass",
					"origin": [12.65625, 6.25, -1.75296],
					"color": 0,
					"children": [45, 46, 47, 48, 49, 50, 51, 52]
				},
				{
					"name": "grass1",
					"origin": [6.5, 8.25, 10.07822],
					"color": 0,
					"children": [53, 54, 55, 56, 57, 58, 59, 60, 61, 62, 63, 64, 65, 66, 67]
				}
			]
		}
	]
}