{
	"credit": "Made with Blockbench",
	"textures": {
		"0": "custom/masks/combat/combat_helmet_t",
		"particle": "custom/masks/combat/combat_helmet_t"
	},
	"elements": [
		{
			"name": "bass 1",
			"from": [1, 1, 1],
			"to": [15, 8, 2],
			"faces": {
				"north": {"uv": [1.875, 1.875, 3.625, 2.75], "texture": "#0"},
				"east": {"uv": [1.75, 1.875, 1.875, 2.75], "texture": "#0"},
				"south": {"uv": [3.75, 1.875, 5.5, 2.75], "texture": "#0"},
				"west": {"uv": [3.625, 1.875, 3.75, 2.75], "texture": "#0"},
				"up": {"uv": [3.625, 1.875, 1.875, 1.75], "texture": "#0"},
				"down": {"uv": [5.375, 1.75, 3.625, 1.875], "texture": "#0"}
			}
		},
		{
			"name": "bass 2",
			"from": [2, 7, 1.3125],
			"to": [14, 10, 1.3125],
			"rotation": {"angle": 0, "axis": "y", "origin": [8, 14, 8.3125]},
			"faces": {
				"north": {"uv": [0, 14, 2, 16], "texture": "#0"},
				"east": {"uv": [5.75, 1.75, 5.875, 2.125], "texture": "#0"},
				"south": {"uv": [7.5, 1.75, 9, 2.125], "texture": "#0"},
				"west": {"uv": [7.375, 1.75, 7.5, 2.125], "texture": "#0"},
				"up": {"uv": [7.375, 1.75, 5.875, 1.625], "texture": "#0"},
				"down": {"uv": [8.875, 1.625, 7.375, 1.75], "texture": "#0"}
			}
		},
		{
			"name": "bass 2",
			"from": [1, 1, 2],
			"to": [2, 15, 14],
			"rotation": {"angle": 0, "axis": "y", "origin": [8, 8, 9]},
			"faces": {
				"north": {"uv": [4.75, 4.75, 4.875, 6.5], "texture": "#0"},
				"east": {"uv": [3.25, 4.75, 4.75, 6.5], "texture": "#0"},
				"south": {"uv": [6.375, 4.75, 6.5, 6.5], "texture": "#0"},
				"west": {"uv": [4.875, 4.75, 6.375, 6.5], "texture": "#0"},
				"up": {"uv": [4.875, 4.75, 4.75, 3.25], "texture": "#0"},
				"down": {"uv": [5, 3.25, 4.875, 4.75], "texture": "#0"}
			}
		},
		{
			"name": "bass 3",
			"from": [14, 1, 2],
			"to": [15, 15, 14],
			"rotation": {"angle": 0, "axis": "y", "origin": [21, 8, 9]},
			"faces": {
				"north": {"uv": [1.5, 3.125, 1.625, 4.875], "texture": "#0"},
				"east": {"uv": [0, 3.125, 1.5, 4.875], "texture": "#0"},
				"south": {"uv": [3.125, 3.125, 3.25, 4.875], "texture": "#0"},
				"west": {"uv": [1.625, 3.125, 3.125, 4.875], "texture": "#0"},
				"up": {"uv": [1.625, 3.125, 1.5, 1.625], "texture": "#0"},
				"down": {"uv": [1.75, 1.625, 1.625, 3.125], "texture": "#0"}
			}
		},
		{
			"name": "bass 4",
			"from": [2, 15, 2],
			"to": [14, 16, 14],
			"rotation": {"angle": 0, "axis": "y", "origin": [20, 9, 9]},
			"faces": {
				"north": {"uv": [1.5, 1.5, 3, 1.625], "texture": "#0"},
				"east": {"uv": [0, 1.5, 1.5, 1.625], "texture": "#0"},
				"south": {"uv": [4.5, 1.5, 6, 1.625], "texture": "#0"},
				"west": {"uv": [3, 1.5, 4.5, 1.625], "texture": "#0"},
				"up": {"uv": [3, 1.5, 1.5, 0], "texture": "#0"},
				"down": {"uv": [4.5, 0, 3, 1.5], "texture": "#0"}
			}
		},
		{
			"name": "bass 5",
			"from": [2.0012, 14.79801, 1.05029],
			"to": [14.0012, 15.79801, 2.48779],
			"rotation": {"angle": -45, "axis": "x", "origin": [7.97677, 15.30933, 2.00093]},
			"faces": {
				"north": {"uv": [1.875, 2.875, 3.375, 3], "texture": "#0"},
				"east": {"uv": [1.75, 2.875, 1.875, 3], "texture": "#0"},
				"south": {"uv": [3.5, 2.875, 5, 3], "texture": "#0"},
				"west": {"uv": [3.375, 2.875, 3.5, 3], "texture": "#0"},
				"up": {"uv": [3.375, 2.875, 1.875, 2.75], "texture": "#0"},
				"down": {"uv": [4.875, 2.75, 3.375, 2.875], "texture": "#0"}
			}
		},
		{
			"name": "bass 6",
			"from": [13.51862, 14.81526, 2.00008],
			"to": [14.93288, 15.81532, 14],
			"rotation": {"angle": -45, "axis": "z", "origin": [13.98224, 15.32659, 7.97564]},
			"faces": {
				"north": {"uv": [5.875, 1.375, 6, 1.5], "texture": "#0"},
				"east": {"uv": [4.5, 1.375, 5.875, 1.5], "texture": "#0"},
				"south": {"uv": [7.375, 1.375, 7.5, 1.5], "texture": "#0"},
				"west": {"uv": [6, 1.375, 7.375, 1.5], "texture": "#0"},
				"up": {"uv": [6, 1.375, 5.875, 0], "texture": "#0"},
				"down": {"uv": [6.125, 0, 6, 1.375], "texture": "#0"}
			}
		},
		{
			"name": "bass 7",
			"from": [2, 14.81526, 13.51862],
			"to": [13.99992, 15.81532, 14.93288],
			"rotation": {"angle": 45, "axis": "x", "origin": [8.02436, 15.32659, 13.98224]},
			"faces": {
				"north": {"uv": [5.875, 2.25, 7.25, 2.375], "texture": "#0"},
				"east": {"uv": [5.75, 2.25, 5.875, 2.375], "texture": "#0"},
				"south": {"uv": [7.375, 2.25, 8.75, 2.375], "texture": "#0"},
				"west": {"uv": [7.25, 2.25, 7.375, 2.375], "texture": "#0"},
				"up": {"uv": [7.25, 2.25, 5.875, 2.125], "texture": "#0"},
				"down": {"uv": [8.625, 2.125, 7.25, 2.25], "texture": "#0"}
			}
		},
		{
			"name": "bass 8",
			"from": [1.06711, 14.8153, 2.00006],
			"to": [2.48136, 15.81535, 13.99998],
			"rotation": {"angle": 45, "axis": "z", "origin": [2.01774, 15.32662, 8.02442]},
			"faces": {
				"north": {"uv": [5.5, 3, 5.625, 3.125], "texture": "#0"},
				"east": {"uv": [4.125, 3, 5.5, 3.125], "texture": "#0"},
				"south": {"uv": [7, 3, 7.125, 3.125], "texture": "#0"},
				"west": {"uv": [5.625, 3, 7, 3.125], "texture": "#0"},
				"up": {"uv": [5.625, 3, 5.5, 1.625], "texture": "#0"},
				"down": {"uv": [5.75, 1.625, 5.625, 3], "texture": "#0"}
			}
		},
		{
			"name": "bass 4",
			"from": [2, 1, 14],
			"to": [14, 15, 15],
			"rotation": {"angle": 0, "axis": "y", "origin": [20, 8, 10]},
			"faces": {
				"north": {"uv": [0.125, 5, 1.625, 6.75], "texture": "#0"},
				"east": {"uv": [0, 5, 0.125, 6.75], "texture": "#0"},
				"south": {"uv": [1.75, 5, 3.25, 6.75], "texture": "#0"},
				"west": {"uv": [1.625, 5, 1.75, 6.75], "texture": "#0"},
				"up": {"uv": [1.625, 5, 0.125, 4.875], "texture": "#0"},
				"down": {"uv": [3.125, 4.875, 1.625, 5], "texture": "#0"}
			}
		},
		{
			"name": "bass 5",
			"from": [1.07496, 1.00121, 13.79677],
			"to": [2.48832, 15, 14.79712],
			"rotation": {"angle": -45, "axis": "y", "origin": [1.99969, 7.9785, 14.30807]},
			"faces": {
				"north": {"uv": [3.875, 3.125, 4, 4.75], "texture": "#0"},
				"east": {"uv": [3.75, 3.125, 3.875, 4.75], "texture": "#0"},
				"south": {"uv": [4.125, 3.125, 4.25, 4.75], "texture": "#0"},
				"west": {"uv": [4, 3.125, 4.125, 4.75], "texture": "#0"},
				"up": {"uv": [4, 3.125, 3.875, 3], "texture": "#0"},
				"down": {"uv": [4.125, 3, 4, 3.125], "texture": "#0"}
			}
		},
		{
			"name": "bass 6",
			"from": [13.38342, 1.00117, 13.48897],
			"to": [14.79678, 14.99996, 14.48932],
			"rotation": {"angle": 45, "axis": "y", "origin": [14.30815, 7.97846, 14.00027]},
			"faces": {
				"north": {"uv": [3.375, 3.125, 3.5, 4.75], "texture": "#0"},
				"east": {"uv": [3.25, 3.125, 3.375, 4.75], "texture": "#0"},
				"south": {"uv": [3.625, 3.125, 3.75, 4.75], "texture": "#0"},
				"west": {"uv": [3.5, 3.125, 3.625, 4.75], "texture": "#0"},
				"up": {"uv": [3.5, 3.125, 3.375, 3], "texture": "#0"},
				"down": {"uv": [3.625, 3, 3.5, 3.125], "texture": "#0"}
			}
		},
		{
			"name": "bass 7",
			"from": [13.48945, 8.00077, 1.20329],
			"to": [14.4898, 14.99956, 2.61665],
			"rotation": {"angle": 45, "axis": "y", "origin": [14.00075, 7.97806, 1.69193]},
			"faces": {
				"north": {"uv": [0.625, 0.625, 0.75, 1.375], "texture": "#0"},
				"east": {"uv": [0.5, 0.625, 0.625, 1.375], "texture": "#0"},
				"south": {"uv": [0.875, 0.625, 1, 1.375], "texture": "#0"},
				"west": {"uv": [0.75, 0.625, 0.875, 1.375], "texture": "#0"},
				"up": {"uv": [0.75, 0.625, 0.625, 0.5], "texture": "#0"},
				"down": {"uv": [0.875, 0.5, 0.75, 0.625], "texture": "#0"}
			}
		},
		{
			"name": "bass 8",
			"from": [1.20305, 8.00081, 1.51128],
			"to": [2.61641, 14.9996, 2.51163],
			"rotation": {"angle": 45, "axis": "y", "origin": [1.69169, 7.9781, 2.00033]},
			"faces": {
				"north": {"uv": [0.125, 0.625, 0.25, 1.375], "texture": "#0"},
				"east": {"uv": [0, 0.625, 0.125, 1.375], "texture": "#0"},
				"south": {"uv": [0.375, 0.625, 0.5, 1.375], "texture": "#0"},
				"west": {"uv": [0.25, 0.625, 0.375, 1.375], "texture": "#0"},
				"up": {"uv": [0.25, 0.625, 0.125, 0.5], "texture": "#0"},
				"down": {"uv": [0.375, 0.5, 0.25, 0.625], "texture": "#0"}
			}
		},
		{
			"name": "bass 2",
			"from": [3, 1, 0],
			"to": [13, 7, 1],
			"rotation": {"angle": 0, "axis": "y", "origin": [8, 8, 7]},
			"faces": {
				"north": {"uv": [5.125, 4, 6.375, 4.75], "texture": "#0"},
				"east": {"uv": [5, 4, 5.125, 4.75], "texture": "#0"},
				"south": {"uv": [6.5, 4, 7.75, 4.75], "texture": "#0"},
				"west": {"uv": [6.375, 4, 6.5, 4.75], "texture": "#0"},
				"up": {"uv": [6.375, 4, 5.125, 3.875], "texture": "#0"},
				"down": {"uv": [7.625, 3.875, 6.375, 4], "texture": "#0"}
			}
		},
		{
			"name": "bass 3",
			"from": [13, 5.6875, 0.125],
			"to": [14, 6.6875, 1.125],
			"rotation": {"angle": 22.5, "axis": "x", "origin": [13.49126, 6.21021, 0.61107]},
			"faces": {
				"north": {"uv": [0.625, 3, 0.75, 3.125], "texture": "#0"},
				"east": {"uv": [0.5, 3, 0.625, 3.125], "texture": "#0"},
				"south": {"uv": [0.875, 3, 1, 3.125], "texture": "#0"},
				"west": {"uv": [0.75, 3, 0.875, 3.125], "texture": "#0"},
				"up": {"uv": [0.75, 3, 0.625, 2.875], "texture": "#0"},
				"down": {"uv": [0.875, 2.875, 0.75, 3], "texture": "#0"}
			}
		},
		{
			"name": "bass 4",
			"from": [12.99999, 4.91333, -0.03805],
			"to": [13.99999, 5.91333, 0.96195],
			"rotation": {"angle": 0, "axis": "x", "origin": [7.99027, 5.42403, 0.45411]},
			"faces": {
				"north": {"uv": [0.125, 3, 0.25, 3.125], "texture": "#0"},
				"east": {"uv": [0, 3, 0.125, 3.125], "texture": "#0"},
				"south": {"uv": [0.375, 3, 0.5, 3.125], "texture": "#0"},
				"west": {"uv": [0.25, 3, 0.375, 3.125], "texture": "#0"},
				"up": {"uv": [0.25, 3, 0.125, 2.875], "texture": "#0"},
				"down": {"uv": [0.375, 2.875, 0.25, 3], "texture": "#0"}
			}
		},
		{
			"name": "bass 5",
			"from": [13.00122, 3.90594, 0.16018],
			"to": [14.00122, 5.40594, 1.16018],
			"rotation": {"angle": -45, "axis": "x", "origin": [7.99258, 4.91911, 0.65568]},
			"faces": {
				"north": {"uv": [1, 2.875, 1.125, 3], "texture": "#0"},
				"east": {"uv": [0.875, 2.875, 1, 3], "texture": "#0"},
				"south": {"uv": [1.25, 2.875, 1.375, 3], "texture": "#0"},
				"west": {"uv": [1.125, 2.875, 1.25, 3], "texture": "#0"},
				"up": {"uv": [1.125, 2.875, 1, 2.75], "texture": "#0"},
				"down": {"uv": [1.25, 2.75, 1.125, 2.875], "texture": "#0"}
			}
		},
		{
			"name": "bass 4",
			"from": [2, 5.6875, 0.125],
			"to": [3, 6.6875, 1.125],
			"rotation": {"angle": 22.5, "axis": "x", "origin": [2.49126, 6.21021, 0.61107]},
			"faces": {
				"north": {"uv": [0.625, 2.75, 0.75, 2.875], "texture": "#0"},
				"east": {"uv": [0.5, 2.75, 0.625, 2.875], "texture": "#0"},
				"south": {"uv": [0.875, 2.75, 1, 2.875], "texture": "#0"},
				"west": {"uv": [0.75, 2.75, 0.875, 2.875], "texture": "#0"},
				"up": {"uv": [0.75, 2.75, 0.625, 2.625], "texture": "#0"},
				"down": {"uv": [0.875, 2.625, 0.75, 2.75], "texture": "#0"}
			}
		},
		{
			"name": "bass 5",
			"from": [1.99999, 4.91333, -0.03805],
			"to": [2.99999, 5.91333, 0.96195],
			"rotation": {"angle": 0, "axis": "x", "origin": [7.99027, 5.42403, 0.45411]},
			"faces": {
				"north": {"uv": [0.125, 2.75, 0.25, 2.875], "texture": "#0"},
				"east": {"uv": [0, 2.75, 0.125, 2.875], "texture": "#0"},
				"south": {"uv": [0.375, 2.75, 0.5, 2.875], "texture": "#0"},
				"west": {"uv": [0.25, 2.75, 0.375, 2.875], "texture": "#0"},
				"up": {"uv": [0.25, 2.75, 0.125, 2.625], "texture": "#0"},
				"down": {"uv": [0.375, 2.625, 0.25, 2.75], "texture": "#0"}
			}
		},
		{
			"name": "bass 6",
			"from": [2.00122, 3.90594, 0.16018],
			"to": [3.00122, 5.40594, 1.16018],
			"rotation": {"angle": -45, "axis": "x", "origin": [7.99258, 4.91911, 0.65568]},
			"faces": {
				"north": {"uv": [1, 2.625, 1.125, 2.75], "texture": "#0"},
				"east": {"uv": [0.875, 2.625, 1, 2.75], "texture": "#0"},
				"south": {"uv": [1.25, 2.625, 1.375, 2.75], "texture": "#0"},
				"west": {"uv": [1.125, 2.625, 1.25, 2.75], "texture": "#0"},
				"up": {"uv": [1.125, 2.625, 1, 2.5], "texture": "#0"},
				"down": {"uv": [1.25, 2.5, 1.125, 2.625], "texture": "#0"}
			}
		},
		{
			"name": "bass 4",
			"from": [12.99964, 6.3396, 0.57304],
			"to": [13.99964, 7.3396, 1.57304],
			"rotation": {"angle": 45, "axis": "x", "origin": [13.4909, 6.86231, 1.05911]},
			"faces": {
				"north": {"uv": [1.125, 2.375, 1.25, 2.5], "texture": "#0"},
				"east": {"uv": [1, 2.375, 1.125, 2.5], "texture": "#0"},
				"south": {"uv": [1.375, 2.375, 1.5, 2.5], "texture": "#0"},
				"west": {"uv": [1.25, 2.375, 1.375, 2.5], "texture": "#0"},
				"up": {"uv": [1.25, 2.375, 1.125, 2.25], "texture": "#0"},
				"down": {"uv": [1.375, 2.25, 1.25, 2.375], "texture": "#0"}
			}
		},
		{
			"name": "bass 5",
			"from": [1.99964, 6.3396, 0.57304],
			"to": [2.99964, 7.3396, 1.57304],
			"rotation": {"angle": 45, "axis": "x", "origin": [2.4909, 6.86231, 1.05911]},
			"faces": {
				"north": {"uv": [1.125, 1.25, 1.25, 1.375], "texture": "#0"},
				"east": {"uv": [1, 1.25, 1.125, 1.375], "texture": "#0"},
				"south": {"uv": [1.375, 1.25, 1.5, 1.375], "texture": "#0"},
				"west": {"uv": [1.25, 1.25, 1.375, 1.375], "texture": "#0"},
				"up": {"uv": [1.25, 1.25, 1.125, 1.125], "texture": "#0"},
				"down": {"uv": [1.375, 1.125, 1.25, 1.25], "texture": "#0"}
			}
		},
		{
			"name": "bass 3",
			"from": [12.51386, 0.99879, 0.20847],
			"to": [13.95136, 4.99879, 1.20847],
			"rotation": {"angle": -45, "axis": "y", "origin": [13.00774, 4.02151, 0.69192]},
			"faces": {
				"north": {"uv": [1.125, 1.75, 1.25, 2.25], "texture": "#0"},
				"east": {"uv": [1, 1.75, 1.125, 2.25], "texture": "#0"},
				"south": {"uv": [1.375, 1.75, 1.5, 2.25], "texture": "#0"},
				"west": {"uv": [1.25, 1.75, 1.375, 2.25], "texture": "#0"},
				"up": {"uv": [1.25, 1.75, 1.125, 1.625], "texture": "#0"},
				"down": {"uv": [1.375, 1.625, 1.25, 1.75], "texture": "#0"}
			}
		},
		{
			"name": "bass 4",
			"from": [2.18101, 1.00031, 0.52505],
			"to": [3.61851, 5.00031, 1.52505],
			"rotation": {"angle": 45, "axis": "y", "origin": [2.67489, 4.02303, 1.0085]},
			"faces": {
				"north": {"uv": [1.125, 0.625, 1.25, 1.125], "texture": "#0"},
				"east": {"uv": [1, 0.625, 1.125, 1.125], "texture": "#0"},
				"south": {"uv": [1.375, 0.625, 1.5, 1.125], "texture": "#0"},
				"west": {"uv": [1.25, 0.625, 1.375, 1.125], "texture": "#0"},
				"up": {"uv": [1.25, 0.625, 1.125, 0.5], "texture": "#0"},
				"down": {"uv": [1.375, 0.5, 1.25, 0.625], "texture": "#0"}
			}
		},
		{
			"name": "bass 3",
			"from": [3.00058, 6.49791, 0.21665],
			"to": [13.00058, 7.93541, 1.21665],
			"rotation": {"angle": 45, "axis": "x", "origin": [7.9901, 7.011, 0.71405]},
			"faces": {
				"north": {"uv": [5.875, 2.5, 7.125, 2.625], "texture": "#0"},
				"east": {"uv": [5.75, 2.5, 5.875, 2.625], "texture": "#0"},
				"south": {"uv": [7.25, 2.5, 8.5, 2.625], "texture": "#0"},
				"west": {"uv": [7.125, 2.5, 7.25, 2.625], "texture": "#0"},
				"up": {"uv": [7.125, 2.5, 5.875, 2.375], "texture": "#0"},
				"down": {"uv": [8.375, 2.375, 7.125, 2.5], "texture": "#0"}
			}
		},
		{
			"name": "bass 2",
			"from": [2, 10, 0.75],
			"to": [14, 15, 2],
			"rotation": {"angle": 0, "axis": "y", "origin": [8, 15, 8]},
			"faces": {
				"north": {"uv": [5.125, 3.25, 6.625, 3.875], "texture": "#0"},
				"east": {"uv": [5, 3.25, 5.125, 3.875], "texture": "#0"},
				"south": {"uv": [6.75, 3.25, 8.25, 3.875], "texture": "#0"},
				"west": {"uv": [6.625, 3.25, 6.75, 3.875], "texture": "#0"},
				"up": {"uv": [6.625, 3.25, 5.125, 3.125], "texture": "#0"},
				"down": {"uv": [8.125, 3.125, 6.625, 3.25], "texture": "#0"}
			}
		},
		{
			"name": "bass 3",
			"from": [5.8125, 8, 1],
			"to": [10.1875, 10, 2],
			"rotation": {"angle": 0, "axis": "y", "origin": [8, 14, 8]},
			"faces": {
				"north": {"uv": [0.125, 0.375, 0.625, 0.5], "texture": "#0"},
				"east": {"uv": [0, 0.375, 0.125, 0.5], "texture": "#0"},
				"south": {"uv": [0.75, 0.375, 1.25, 0.5], "texture": "#0"},
				"west": {"uv": [0.625, 0.375, 0.75, 0.5], "texture": "#0"},
				"up": {"uv": [0.625, 0.375, 0.125, 0.25], "texture": "#0"},
				"down": {"uv": [1.125, 0.25, 0.625, 0.375], "texture": "#0"}
			}
		},
		{
			"name": "bass 3",
			"from": [13.38013, 8.07046, 0.99926],
			"to": [14.38013, 11.75646, 1.99926],
			"rotation": {"angle": 22.5, "axis": "z", "origin": [14.8644, 9.59316, 1.49232]},
			"faces": {
				"north": {"uv": [0.625, 2.25, 0.75, 2.625], "texture": "#0"},
				"east": {"uv": [0.5, 2.25, 0.625, 2.625], "texture": "#0"},
				"south": {"uv": [0.875, 2.25, 1, 2.625], "texture": "#0"},
				"west": {"uv": [0.75, 2.25, 0.875, 2.625], "texture": "#0"},
				"up": {"uv": [0.75, 2.25, 0.625, 2.125], "texture": "#0"},
				"down": {"uv": [0.875, 2.125, 0.75, 2.25], "texture": "#0"}
			}
		},
		{
			"name": "bass 4",
			"from": [3.35496, 9.15808, 1.00007],
			"to": [6.54096, 10.15808, 2.00007],
			"rotation": {"angle": -22.5, "axis": "z", "origin": [5.51826, 10.64236, 1.49314]},
			"faces": {
				"north": {"uv": [0.125, 2, 0.5, 2.125], "texture": "#0"},
				"east": {"uv": [0, 2, 0.125, 2.125], "texture": "#0"},
				"south": {"uv": [0.625, 2, 1, 2.125], "texture": "#0"},
				"west": {"uv": [0.5, 2, 0.625, 2.125], "texture": "#0"},
				"up": {"uv": [0.5, 2, 0.125, 1.875], "texture": "#0"},
				"down": {"uv": [0.875, 1.875, 0.5, 2], "texture": "#0"}
			}
		},
		{
			"name": "bass 4",
			"from": [1.46966, 7.31612, 1.00004],
			"to": [2.46966, 11.00212, 2.00004],
			"rotation": {"angle": -22.5, "axis": "z", "origin": [2.95393, 8.83882, 1.4931]},
			"faces": {
				"north": {"uv": [0.125, 2.25, 0.25, 2.625], "texture": "#0"},
				"east": {"uv": [0, 2.25, 0.125, 2.625], "texture": "#0"},
				"south": {"uv": [0.375, 2.25, 0.5, 2.625], "texture": "#0"},
				"west": {"uv": [0.25, 2.25, 0.375, 2.625], "texture": "#0"},
				"up": {"uv": [0.25, 2.25, 0.125, 2.125], "texture": "#0"},
				"down": {"uv": [0.375, 2.125, 0.25, 2.25], "texture": "#0"}
			}
		},
		{
			"name": "bass 5",
			"from": [10.21186, 9.32342, 0.98484],
			"to": [13.39786, 10.32342, 1.98484],
			"rotation": {"angle": 22.5, "axis": "z", "origin": [11.23456, 8.83914, 1.47791]},
			"faces": {
				"north": {"uv": [0.125, 1.75, 0.5, 1.875], "texture": "#0"},
				"east": {"uv": [0, 1.75, 0.125, 1.875], "texture": "#0"},
				"south": {"uv": [0.625, 1.75, 1, 1.875], "texture": "#0"},
				"west": {"uv": [0.5, 1.75, 0.625, 1.875], "texture": "#0"},
				"up": {"uv": [0.5, 1.75, 0.125, 1.625], "texture": "#0"},
				"down": {"uv": [0.875, 1.625, 0.5, 1.75], "texture": "#0"}
			}
		}
	],
	"display": {
		"thirdperson_righthand": {
			"scale": [0.5, 0.5, 0.5]
		},
		"thirdperson_lefthand": {
			"scale": [0.5, 0.5, 0.5]
		},
		"firstperson_righthand": {
			"scale": [0.5, 0.5, 0.5]
		},
		"firstperson_lefthand": {
			"scale": [0.5, 0.5, 0.5]
		},
		"ground": {
			"translation": [0, 1, 0],
			"scale": [0.5, 0.5, 0.5]
		},
		"gui": {
			"rotation": [25, 153, 0],
			"translation": [0, -0.25, 0],
			"scale": [0.5, 0.5, 0.5]
		}
	},
	"groups": [
		{
			"name": "bass",
			"origin": [8, 8, 8],
			"children": [0, 1, 2, 3, 4, 5, 6, 7, 8, 9, 10, 11, 12, 13, 14, 15, 16, 17, 18, 19, 20, 21, 22, 23, 24, 25, 26, 27, 28, 29, 30, 31]
		}
	]
}