{
	"credit": "Made with Blockbench",
	"textures": {
		"0": "custom/flintlocks/flintlock_rifle_pulling_1",
		"particle": "custom/flintlocks/flintlock_rifle_pulling_1"
	},
	"elements": [
		{
			"name": "bass 1",
			"from": [7.4, 8, -5.2],
			"to": [8.6, 9.2, 22],
			"rotation": {"angle": 0, "axis": "y", "origin": [8, 8.6, 4.4]},
			"faces": {
				"north": {"uv": [0, 0, 16, 2], "texture": "#0"},
				"east": {"uv": [0, 0, 16, 2], "texture": "#0"},
				"south": {"uv": [0, 0, 16, 2], "texture": "#0"},
				"west": {"uv": [0, 0, 16, 2], "texture": "#0"},
				"up": {"uv": [0, 0, 16, 2], "texture": "#0"},
				"down": {"uv": [0, 0, 16, 2], "texture": "#0"}
			}
		},
		{
			"name": "bass 2",
			"from": [7.3, 7.9, -6],
			"to": [8.7, 9.3, -5.2],
			"rotation": {"angle": 0, "axis": "y", "origin": [8, 8.6, 4.4]},
			"faces": {
				"north": {"uv": [8, 13, 9, 14], "texture": "#0"},
				"east": {"uv": [1.5, 0.25, 1.75, 0.5], "texture": "#0"},
				"south": {"uv": [2.25, 0.25, 2.5, 0.5], "texture": "#0"},
				"west": {"uv": [2, 0.25, 2.25, 0.5], "texture": "#0"},
				"up": {"uv": [0, 0, 16, 2], "texture": "#0"},
				"down": {"uv": [2.25, 0, 2, 0.25], "texture": "#0"}
			}
		},
		{
			"name": "bass 3",
			"from": [7.2, 6.8, 10.4],
			"to": [8.8, 8.4, 22.4],
			"rotation": {"angle": 0, "axis": "y", "origin": [8, 8, 9.2]},
			"faces": {
				"north": {"uv": [0, 14, 16, 16], "texture": "#0"},
				"east": {"uv": [0, 14, 2, 16], "texture": "#0"},
				"south": {"uv": [0, 14, 2, 16], "texture": "#0"},
				"west": {"uv": [0, 14, 2, 16], "texture": "#0"},
				"up": {"uv": [0, 14, 16, 16], "texture": "#0"},
				"down": {"uv": [0, 14, 2, 16], "texture": "#0"}
			}
		},
		{
			"name": "bass 4",
			"from": [7.2, 4.5648, 21.63713],
			"to": [8.8, 6.1648, 23.23713],
			"rotation": {"angle": 22.5, "axis": "x", "origin": [8, 5.3648, 27.63713]},
			"faces": {
				"north": {"uv": [6, 13, 7, 14], "texture": "#0"},
				"east": {"uv": [6, 13, 7, 14], "texture": "#0"},
				"south": {"uv": [6, 13, 7, 14], "texture": "#0"},
				"west": {"uv": [6, 13, 7, 14], "texture": "#0"},
				"up": {"uv": [6, 13, 7, 14], "texture": "#0"},
				"down": {"uv": [6, 13, 7, 14], "texture": "#0"}
			}
		},
		{
			"name": "bass 5",
			"from": [7.2, 6.3095, 23.26591],
			"to": [8.8, 7.9095, 24.07909],
			"rotation": {"angle": 0, "axis": "x", "origin": [8, 7.1095, 29.26591]},
			"faces": {
				"north": {"uv": [6, 13, 7, 14], "texture": "#0"},
				"east": {"uv": [6, 13, 7, 14], "texture": "#0"},
				"south": {"uv": [6, 13, 7, 14], "texture": "#0"},
				"west": {"uv": [6, 13, 7, 14], "texture": "#0"},
				"up": {"uv": [6, 13, 7, 14], "texture": "#0"},
				"down": {"uv": [6, 13, 7, 14], "texture": "#0"}
			}
		},
		{
			"name": "bass 6",
			"from": [7.2, 5.32856, 24.07909],
			"to": [8.8, 7.9095, 28.86591],
			"rotation": {"angle": 0, "axis": "x", "origin": [8, 7.1095, 29.26591]},
			"faces": {
				"north": {"uv": [6, 13, 7, 14], "texture": "#0"},
				"east": {"uv": [6, 13, 7, 14], "texture": "#0"},
				"south": {"uv": [0, 12, 6, 14], "texture": "#0"},
				"west": {"uv": [6, 13, 7, 14], "texture": "#0"},
				"up": {"uv": [6, 13, 7, 14], "texture": "#0"},
				"down": {"uv": [6, 13, 7, 14], "texture": "#0"}
			}
		},
		{
			"name": "bass 6",
			"from": [7.2, 6.70117, 26.49287],
			"to": [8.8, 8.30117, 28.09287],
			"rotation": {"angle": -45, "axis": "x", "origin": [8, 3.10117, 26.94287]},
			"faces": {
				"north": {"uv": [6, 13, 7, 14], "texture": "#0"},
				"east": {"uv": [6, 13, 7, 14], "texture": "#0"},
				"south": {"uv": [6, 13, 7, 14], "texture": "#0"},
				"west": {"uv": [6, 13, 7, 14], "texture": "#0"},
				"up": {"uv": [6, 13, 7, 14], "texture": "#0"},
				"down": {"uv": [6, 13, 7, 14], "texture": "#0"}
			}
		},
		{
			"name": "bass_2",
			"from": [8.8, 7.92352, 20.21059],
			"to": [9.2, 8.33632, 20.91059],
			"rotation": {"angle": -22.5, "axis": "x", "origin": [8.992, 8.13379, 20.46478]},
			"faces": {
				"north": {"uv": [6, 12, 7, 13], "texture": "#0"},
				"east": {"uv": [6, 12, 7, 13], "texture": "#0"},
				"south": {"uv": [6, 12, 7, 13], "texture": "#0"},
				"west": {"uv": [6, 12, 7, 13], "texture": "#0"},
				"up": {"uv": [6, 12, 7, 13], "texture": "#0"},
				"down": {"uv": [6, 12, 7, 13], "texture": "#0"}
			}
		},
		{
			"name": "bass_3",
			"from": [8.8, 8.46519, 20.41685],
			"to": [9.2, 9.46519, 20.82965],
			"rotation": {"angle": 45, "axis": "x", "origin": [8.992, 8.13379, 20.46478]},
			"faces": {
				"north": {"uv": [6, 12, 7, 13], "rotation": 180, "texture": "#0"},
				"east": {"uv": [6, 12, 7, 13], "rotation": 90, "texture": "#0"},
				"south": {"uv": [6, 12, 7, 13], "texture": "#0"},
				"west": {"uv": [6, 12, 7, 13], "rotation": 270, "texture": "#0"},
				"up": {"uv": [6, 12, 7, 13], "texture": "#0"},
				"down": {"uv": [6, 12, 7, 13], "rotation": 180, "texture": "#0"}
			}
		},
		{
			"name": "bass_4",
			"from": [8.8, 9.22421, 20.89858],
			"to": [9.2, 9.92421, 21.31138],
			"rotation": {"angle": 22.5, "axis": "x", "origin": [8.992, 8.13379, 20.46478]},
			"faces": {
				"north": {"uv": [6, 12, 7, 13], "texture": "#0"},
				"east": {"uv": [6, 12, 7, 13], "texture": "#0"},
				"south": {"uv": [6, 12, 7, 13], "texture": "#0"},
				"west": {"uv": [6, 12, 7, 13], "texture": "#0"},
				"up": {"uv": [6, 12, 7, 13], "texture": "#0"},
				"down": {"uv": [6, 12, 7, 13], "texture": "#0"}
			}
		},
		{
			"name": "bass_5",
			"from": [8.8, 8.80118, 21.91664],
			"to": [9.2, 9.50118, 22.32944],
			"rotation": {"angle": -22.5, "axis": "x", "origin": [8.992, 8.13379, 20.46478]},
			"faces": {
				"north": {"uv": [6, 12, 7, 13], "texture": "#0"},
				"east": {"uv": [6, 12, 7, 13], "texture": "#0"},
				"south": {"uv": [6, 12, 7, 13], "texture": "#0"},
				"west": {"uv": [6, 12, 7, 13], "texture": "#0"},
				"up": {"uv": [6, 12, 7, 13], "texture": "#0"},
				"down": {"uv": [6, 12, 7, 13], "texture": "#0"}
			}
		},
		{
			"name": "bass_6",
			"from": [8.7872, 9.96699, 19.21505],
			"to": [9.2128, 10.37979, 19.91505],
			"rotation": {"angle": 45, "axis": "x", "origin": [8.992, 8.13379, 20.46478]},
			"faces": {
				"north": {"uv": [6, 12, 7, 13], "rotation": 180, "texture": "#0"},
				"east": {"uv": [6, 12, 7, 13], "rotation": 90, "texture": "#0"},
				"south": {"uv": [6, 12, 7, 13], "texture": "#0"},
				"west": {"uv": [6, 12, 7, 13], "rotation": 270, "texture": "#0"},
				"up": {"uv": [6, 12, 7, 13], "texture": "#0"},
				"down": {"uv": [6, 12, 7, 13], "rotation": 180, "texture": "#0"}
			}
		},
		{
			"name": "bass_7",
			"from": [8.7744, 10.27427, 19.46969],
			"to": [9.2256, 10.68707, 20.16969],
			"rotation": {"angle": 22.5, "axis": "x", "origin": [8.992, 8.13379, 20.46478]},
			"faces": {
				"north": {"uv": [6, 12, 7, 13], "texture": "#0"},
				"east": {"uv": [6, 12, 7, 13], "texture": "#0"},
				"south": {"uv": [6, 12, 7, 13], "texture": "#0"},
				"west": {"uv": [6, 12, 7, 13], "texture": "#0"},
				"up": {"uv": [6, 12, 7, 13], "texture": "#0"},
				"down": {"uv": [6, 12, 7, 13], "texture": "#0"}
			}
		},
		{
			"name": "bass_8",
			"from": [8.7616, 10.23007, 20.86659],
			"to": [9.2384, 10.64287, 21.56659],
			"rotation": {"angle": -22.5, "axis": "x", "origin": [8.992, 8.13379, 20.46478]},
			"faces": {
				"north": {"uv": [6, 12, 7, 13], "texture": "#0"},
				"east": {"uv": [6, 12, 7, 13], "texture": "#0"},
				"south": {"uv": [6, 12, 7, 13], "texture": "#0"},
				"west": {"uv": [6, 12, 7, 13], "texture": "#0"},
				"up": {"uv": [6, 12, 7, 13], "texture": "#0"},
				"down": {"uv": [6, 12, 7, 13], "texture": "#0"}
			}
		},
		{
			"name": "bass_9",
			"from": [8.7488, 9.49209, 18.97472],
			"to": [9.2512, 10.19209, 19.38752],
			"rotation": {"angle": 22.5, "axis": "x", "origin": [8.992, 8.13379, 20.46478]},
			"faces": {
				"north": {"uv": [7, 12, 8, 13], "texture": "#0"},
				"east": {"uv": [7, 12, 8, 13], "texture": "#0"},
				"south": {"uv": [7, 12, 8, 13], "texture": "#0"},
				"west": {"uv": [7, 12, 8, 13], "texture": "#0"},
				"up": {"uv": [7, 12, 8, 13], "texture": "#0"},
				"down": {"uv": [7, 12, 8, 13], "texture": "#0"}
			}
		},
		{
			"name": "bass_3",
			"from": [8.8, 7.99339, 20.36068],
			"to": [9.3, 8.26779, 20.63508],
			"rotation": {"angle": 0, "axis": "x", "origin": [8.8, 8.00579, 20.31118]},
			"faces": {
				"north": {"uv": [0.25, 3.5, 0.5, 3.75], "texture": "#0"},
				"east": {"uv": [0, 3.5, 0.25, 3.75], "texture": "#0"},
				"south": {"uv": [6, 12, 7, 13], "texture": "#0"},
				"west": {"uv": [0.5, 3.5, 0.75, 3.75], "texture": "#0"},
				"up": {"uv": [0.5, 3.5, 0.25, 3.25], "texture": "#0"},
				"down": {"uv": [0.75, 3.25, 0.5, 3.5], "texture": "#0"}
			}
		},
		{
			"name": "bass_4",
			"from": [8.6, 8.39339, 18.06068],
			"to": [9.3, 8.66779, 18.93508],
			"rotation": {"angle": 0, "axis": "x", "origin": [8.8, 8.00579, 20.31118]},
			"faces": {
				"north": {"uv": [6, 12, 7, 13], "texture": "#0"},
				"east": {"uv": [6, 12, 7, 13], "texture": "#0"},
				"south": {"uv": [6, 12, 7, 13], "texture": "#0"},
				"west": {"uv": [6, 12, 7, 13], "texture": "#0"},
				"up": {"uv": [6, 12, 7, 13], "texture": "#0"},
				"down": {"uv": [6, 12, 7, 13], "texture": "#0"}
			}
		},
		{
			"name": "bass_5",
			"from": [8.58113, 8.39339, 17.96579],
			"to": [9.28113, 8.66779, 18.84019],
			"rotation": {"angle": 22.5, "axis": "y", "origin": [7.33113, 8.53059, 18.40299]},
			"faces": {
				"north": {"uv": [6, 12, 7, 13], "texture": "#0"},
				"east": {"uv": [6, 12, 7, 13], "texture": "#0"},
				"south": {"uv": [6, 12, 7, 13], "texture": "#0"},
				"west": {"uv": [6, 12, 7, 13], "texture": "#0"},
				"up": {"uv": [6, 12, 7, 13], "texture": "#0"},
				"down": {"uv": [6, 12, 7, 13], "texture": "#0"}
			}
		},
		{
			"name": "bass_6",
			"from": [8.58113, 8.66779, 17.96579],
			"to": [9.18113, 8.94219, 18.84019],
			"rotation": {"angle": 22.5, "axis": "y", "origin": [7.33113, 8.80499, 18.40299]},
			"faces": {
				"north": {"uv": [6, 12, 7, 13], "texture": "#0"},
				"east": {"uv": [6, 12, 7, 13], "texture": "#0"},
				"south": {"uv": [6, 12, 7, 13], "texture": "#0"},
				"west": {"uv": [6, 12, 7, 13], "texture": "#0"},
				"up": {"uv": [6, 12, 7, 13], "texture": "#0"},
				"down": {"uv": [6, 12, 7, 13], "texture": "#0"}
			}
		},
		{
			"name": "bass_7",
			"from": [8.60761, 8.66779, 18.09895],
			"to": [9.20761, 8.94219, 18.37335],
			"rotation": {"angle": 0, "axis": "y", "origin": [7.35761, 8.80499, 18.53615]},
			"faces": {
				"north": {"uv": [6, 12, 7, 13], "texture": "#0"},
				"east": {"uv": [6, 12, 7, 13], "texture": "#0"},
				"south": {"uv": [6, 12, 7, 13], "texture": "#0"},
				"west": {"uv": [6, 12, 7, 13], "texture": "#0"},
				"up": {"uv": [6, 12, 7, 13], "texture": "#0"},
				"down": {"uv": [6, 12, 7, 13], "texture": "#0"}
			}
		},
		{
			"name": "bass_8",
			"from": [8.60761, 8.66779, 18.37335],
			"to": [9.20761, 8.69219, 18.89775],
			"rotation": {"angle": 0, "axis": "y", "origin": [7.35761, 8.80499, 18.55455]},
			"faces": {
				"north": {"uv": [7, 12, 8, 13], "texture": "#0"},
				"east": {"uv": [7, 12, 8, 13], "texture": "#0"},
				"south": {"uv": [7, 12, 8, 13], "texture": "#0"},
				"west": {"uv": [7, 12, 8, 13], "texture": "#0"},
				"up": {"uv": [7, 12, 8, 13], "texture": "#0"},
				"down": {"uv": [7, 12, 8, 13], "texture": "#0"}
			}
		},
		{
			"name": "bass_6",
			"from": [8.52738, 8.39339, 17.88535],
			"to": [9.22738, 8.66779, 18.75975],
			"rotation": {"angle": 45, "axis": "y", "origin": [7.27738, 8.53059, 18.32255]},
			"faces": {
				"north": {"uv": [6, 12, 7, 13], "texture": "#0"},
				"east": {"uv": [6, 12, 7, 13], "texture": "#0"},
				"south": {"uv": [6, 12, 7, 13], "texture": "#0"},
				"west": {"uv": [6, 12, 7, 13], "texture": "#0"},
				"up": {"uv": [6, 12, 7, 13], "texture": "#0"},
				"down": {"uv": [6, 12, 7, 13], "texture": "#0"}
			}
		},
		{
			"name": "bass_7",
			"from": [8.5057, 8.66779, 18.32971],
			"to": [9.1057, 8.94219, 18.72731],
			"rotation": {"angle": 45, "axis": "y", "origin": [7.2557, 8.80499, 18.29011]},
			"faces": {
				"north": {"uv": [6, 12, 7, 13], "texture": "#0"},
				"east": {"uv": [6, 12, 7, 13], "texture": "#0"},
				"south": {"uv": [6, 12, 7, 13], "texture": "#0"},
				"west": {"uv": [6, 12, 7, 13], "texture": "#0"},
				"up": {"uv": [6, 12, 7, 13], "texture": "#0"},
				"down": {"uv": [6, 12, 7, 13], "texture": "#0"}
			}
		},
		{
			"name": "bass_10",
			"from": [7.6, 8.214, -5.2],
			"to": [8.4, 9.014, -4.4],
			"rotation": {"angle": 0, "axis": "y", "origin": [8.4, 12, 34.6]},
			"faces": {
				"north": {"uv": [0, 10, 2, 12], "texture": "#0"},
				"east": {"uv": [0, 10, 2, 12], "texture": "#0"},
				"south": {"uv": [0, 10, 2, 12], "texture": "#0"},
				"west": {"uv": [0, 10, 2, 12], "texture": "#0"},
				"up": {"uv": [0, 10, 2, 12], "texture": "#0"},
				"down": {"uv": [0, 10, 2, 12], "texture": "#0"}
			}
		},
		{
			"name": "bass_11",
			"from": [7.85, 8.35, -14],
			"to": [8.15, 8.65, -5.225],
			"rotation": {"angle": 0, "axis": "y", "origin": [8.4, 9.636, 45.4]},
			"faces": {
				"north": {"uv": [0, 9.5, 16, 10], "texture": "#0"},
				"east": {"uv": [0, 9.5, 16, 10], "texture": "#0"},
				"south": {"uv": [0, 9.5, 16, 10], "texture": "#0"},
				"west": {"uv": [0, 9.5, 16, 10], "rotation": 180, "texture": "#0"},
				"up": {"uv": [0, 9.5, 16, 10], "rotation": 270, "texture": "#0"},
				"down": {"uv": [0, 9.5, 16, 10], "rotation": 90, "texture": "#0"}
			}
		},
		{
			"name": "bass_13",
			"from": [7.25098, 7.24872, -12.61721],
			"to": [8.75098, 7.24872, -5.49221],
			"rotation": {"angle": 0, "axis": "y", "origin": [15.50098, 15.24872, 15.37529]},
			"faces": {
				"north": {"uv": [0, 6.75, 16, 9.5], "rotation": 270, "texture": "#0"},
				"east": {"uv": [0, 6.75, 16, 9.5], "rotation": 270, "texture": "#0"},
				"south": {"uv": [0, 6.75, 16, 9.5], "rotation": 270, "texture": "#0"},
				"west": {"uv": [0, 6.75, 16, 9.5], "rotation": 270, "texture": "#0"},
				"up": {"uv": [0, 6.75, 16, 9.5], "rotation": 270, "texture": "#0"},
				"down": {"uv": [0, 6.75, 16, 9.5], "rotation": 270, "texture": "#0"}
			}
		},
		{
			"name": "bass_13",
			"from": [7.75065, 7.2953, -5.8939],
			"to": [8.25065, 7.4203, -5.3939],
			"rotation": {"angle": -22.5, "axis": "x", "origin": [7.97884, 7.19343, -5.64518]},
			"faces": {
				"north": {"uv": [7, 13, 8, 14], "texture": "#0"},
				"east": {"uv": [7, 13, 8, 14], "texture": "#0"},
				"south": {"uv": [7, 13, 8, 14], "texture": "#0"},
				"west": {"uv": [7, 13, 8, 14], "texture": "#0"},
				"up": {"uv": [7, 13, 8, 14], "texture": "#0"},
				"down": {"uv": [7, 13, 8, 14], "texture": "#0"}
			}
		},
		{
			"name": "bass_14",
			"from": [7.75132, 7.10264, -6.0199],
			"to": [8.25132, 7.22764, -5.5199],
			"rotation": {"angle": 22.5, "axis": "x", "origin": [7.97951, 7.00077, -5.77118]},
			"faces": {
				"north": {"uv": [7, 13, 8, 14], "texture": "#0"},
				"east": {"uv": [7, 13, 8, 14], "texture": "#0"},
				"south": {"uv": [7, 13, 8, 14], "texture": "#0"},
				"west": {"uv": [7, 13, 8, 14], "texture": "#0"},
				"up": {"uv": [7, 13, 8, 14], "texture": "#0"},
				"down": {"uv": [7, 13, 8, 14], "texture": "#0"}
			}
		},
		{
			"name": "bass_12",
			"from": [7.7512, 6.9985, -5.49971],
			"to": [8.2512, 7.4985, -4.99971],
			"rotation": {"angle": 0, "axis": "y", "origin": [15.5012, 15.2485, 15.50029]},
			"faces": {
				"north": {"uv": [7, 13, 8, 14], "texture": "#0"},
				"east": {"uv": [7, 13, 8, 14], "texture": "#0"},
				"south": {"uv": [7, 13, 8, 14], "texture": "#0"},
				"west": {"uv": [7, 13, 8, 14], "texture": "#0"},
				"up": {"uv": [7, 13, 8, 14], "texture": "#0"},
				"down": {"uv": [7, 13, 8, 14], "texture": "#0"}
			}
		},
		{
			"name": "bass_13",
			"from": [7.7512, 7.1687, -5.14239],
			"to": [8.2512, 7.6687, -4.14239],
			"rotation": {"angle": -22.5, "axis": "x", "origin": [7.97851, 7.44227, -4.64322]},
			"faces": {
				"north": {"uv": [7, 13, 8, 14], "texture": "#0"},
				"east": {"uv": [7, 13, 8, 14], "texture": "#0"},
				"south": {"uv": [7, 13, 8, 14], "texture": "#0"},
				"west": {"uv": [7, 13, 8, 14], "texture": "#0"},
				"up": {"uv": [7, 13, 8, 14], "texture": "#0"},
				"down": {"uv": [7, 13, 8, 14], "texture": "#0"}
			}
		},
		{
			"name": "bass_14",
			"from": [7.12593, 7.34346, -4.26723],
			"to": [8.87593, 7.84346, -3.76723],
			"rotation": {"angle": 0, "axis": "x", "origin": [7.97824, 7.61702, -3.76806]},
			"faces": {
				"north": {"uv": [7, 13, 8, 14], "texture": "#0"},
				"east": {"uv": [7, 13, 8, 14], "texture": "#0"},
				"south": {"uv": [7, 13, 8, 14], "texture": "#0"},
				"west": {"uv": [7, 13, 8, 14], "texture": "#0"},
				"up": {"uv": [7, 13, 8, 14], "texture": "#0"},
				"down": {"uv": [7, 13, 8, 14], "texture": "#0"}
			}
		},
		{
			"name": "bass_15",
			"from": [8.62593, 7.84346, -4.26745],
			"to": [8.87593, 9.21824, -3.76723],
			"rotation": {"angle": 0, "axis": "x", "origin": [8.10324, 8.11724, -3.76828]},
			"faces": {
				"north": {"uv": [7, 13, 8, 14], "texture": "#0"},
				"east": {"uv": [7, 13, 8, 14], "texture": "#0"},
				"south": {"uv": [7, 13, 8, 14], "texture": "#0"},
				"west": {"uv": [7, 13, 8, 14], "texture": "#0"},
				"up": {"uv": [7, 13, 8, 14], "texture": "#0"},
				"down": {"uv": [7, 13, 8, 14], "texture": "#0"}
			}
		},
		{
			"name": "bass_16",
			"from": [7.12593, 7.84324, -4.26701],
			"to": [7.37593, 9.21824, -3.76701],
			"rotation": {"angle": 0, "axis": "x", "origin": [7.97824, 8.1168, -3.76784]},
			"faces": {
				"north": {"uv": [7, 13, 8, 14], "texture": "#0"},
				"east": {"uv": [7, 13, 8, 14], "texture": "#0"},
				"south": {"uv": [7, 13, 8, 14], "texture": "#0"},
				"west": {"uv": [7, 13, 8, 14], "texture": "#0"},
				"up": {"uv": [7, 13, 8, 14], "texture": "#0"},
				"down": {"uv": [7, 13, 8, 14], "texture": "#0"}
			}
		},
		{
			"name": "bass_17",
			"from": [7.12593, 9.21824, -4.26745],
			"to": [8.87593, 9.46824, -3.76701],
			"rotation": {"angle": 0, "axis": "x", "origin": [7.97824, 8.1168, -3.76784]},
			"faces": {
				"north": {"uv": [7, 13, 8, 14], "texture": "#0"},
				"east": {"uv": [7, 13, 8, 14], "texture": "#0"},
				"south": {"uv": [7, 13, 8, 14], "texture": "#0"},
				"west": {"uv": [7, 13, 8, 14], "texture": "#0"},
				"up": {"uv": [7, 13, 8, 14], "texture": "#0"},
				"down": {"uv": [7, 13, 8, 14], "texture": "#0"}
			}
		}
	],
	"display": {
		"thirdperson_righthand": {
			"translation": [0, 1.25, -9]
		},
		"thirdperson_lefthand": {
			"translation": [0, 1.25, -9]
		},
		"firstperson_righthand": {
			"rotation": [18, 10, 5],
			"translation": [-1.25, 3.75, -7.75],
			"scale": [0.8, 0.8, 0.8]
		},
		"firstperson_lefthand": {
			"rotation": [17, -27, 2],
			"translation": [6, 2.75, -7.75],
			"scale": [0.8, 0.8, 0.8]
		},
		"ground": {
			"translation": [0, -1.5, 0],
			"scale": [0.8, 0.8, 0.8]
		},
		"gui": {
			"rotation": [-90, 130, 136],
			"translation": [-1, 0.75, 0],
			"scale": [0.5, 0.5, 0.5]
		},
		"fixed": {
			"rotation": [0, -90, 0],
			"translation": [10.25, 0, 0],
			"scale": [2, 2, 2]
		}
	},
	"groups": [
		{
			"name": "bass",
			"origin": [8, 8, 8],
			"children": [0, 1,
				{
					"name": "B",
					"origin": [8, 1.87647, 21.17859],
					"children": [2, 3, 4, 5, 6]
				},
				{
					"name": "FL",
					"origin": [8, 8, 8],
					"children": [
						{
							"name": "MP",
							"origin": [9.24, 8.16724, 19.08098],
							"children": [7, 8, 9, 10, 11, 12, 13, 14]
						}, 15, 16, 17, 18, 19, 20, 21, 22]
				},
				{
					"name": "BT",
					"origin": [8, 8, 8],
					"children": [23, 24]
				}
			]
		},
		{
			"name": "F-BY",
			"origin": [8, 8, 8],
			"children": [25,
				{
					"name": "H",
					"origin": [7.97824, 8.1168, -3.76784],
					"children": [26, 27, 28, 29, 30, 31, 32, 33]
				}
			]
		}
	]
}