{
	"credit": "Made with Blockbench",
	"textures": {
		"0": "custom/shotgun/shotgun_0"
	},
	"elements": [
		{
			"name": "bass 2",
			"from": [7.25, 7.25, 2.5],
			"to": [8.75, 8.5, 12.5],
			"rotation": {"angle": 0, "axis": "x", "origin": [7.99269, 7.1277, 9.54512]},
			"faces": {
				"north": {"uv": [0, 14.75, 10, 16], "texture": "#0"},
				"east": {"uv": [0, 14.75, 10, 16], "texture": "#0"},
				"south": {"uv": [0, 14.75, 10, 16], "texture": "#0"},
				"west": {"uv": [0, 14.75, 10, 16], "texture": "#0"},
				"up": {"uv": [0, 4.75, 1.5, 14.75], "texture": "#0"},
				"down": {"uv": [0, 14.75, 10, 16], "texture": "#0"}
			}
		},
		{
			"name": "bass 2",
			"from": [7.25, 6.72355, 12.14664],
			"to": [8.75, 7.97355, 14.14664],
			"rotation": {"angle": 22.5, "axis": "x", "origin": [8, 7.34855, 13.64664]},
			"faces": {
				"north": {"uv": [0, 14.75, 2, 16], "texture": "#0"},
				"east": {"uv": [0, 14.75, 2, 16], "texture": "#0"},
				"south": {"uv": [0, 14.75, 2, 16], "texture": "#0"},
				"west": {"uv": [0, 14.75, 2, 16], "texture": "#0"},
				"up": {"uv": [0, 14.75, 2, 16], "texture": "#0"},
				"down": {"uv": [0, 14.75, 2, 16], "texture": "#0"}
			}
		},
		{
			"name": "bass 3",
			"from": [7.25, 6.32978, 13.8694],
			"to": [8.75, 7.82978, 17.6194],
			"rotation": {"angle": 0, "axis": "x", "origin": [8, 7.20478, 15.3694]},
			"faces": {
				"north": {"uv": [10, 14.5, 13.75, 16], "texture": "#0"},
				"east": {"uv": [10, 14.5, 13.75, 16], "rotation": 90, "texture": "#0"},
				"south": {"uv": [13.75, 14.5, 15.25, 16], "texture": "#0"},
				"west": {"uv": [10, 14.5, 13.75, 16], "texture": "#0"},
				"up": {"uv": [14.5, 10.75, 16, 14.5], "texture": "#0"},
				"down": {"uv": [13, 10.75, 14.5, 14.5], "texture": "#0"}
			}
		},
		{
			"name": "bass 4",
			"from": [7.25, 7.66449, 14.54113],
			"to": [8.75, 7.85049, 15.14713],
			"rotation": {"angle": 45, "axis": "x", "origin": [8, 8.53949, 12.89713]},
			"faces": {
				"north": {"uv": [0, 15.394, 1.5, 16], "texture": "#0"},
				"east": {"uv": [0, 15.394, 1.5, 16], "texture": "#0"},
				"south": {"uv": [0, 15.394, 1.5, 16], "texture": "#0"},
				"west": {"uv": [0, 15.394, 1.5, 16], "texture": "#0"},
				"up": {"uv": [0, 15.394, 1.5, 16], "texture": "#0"},
				"down": {"uv": [0, 15.394, 1.5, 16], "texture": "#0"}
			}
		},
		{
			"name": "bass 2",
			"from": [7.5, 8, -6],
			"to": [8.5, 9, 9.5],
			"rotation": {"angle": -22.5, "axis": "x", "origin": [7.98866, 8.51091, 2.56646]},
			"faces": {
				"north": {"uv": [2, 1, 3, 2], "texture": "#0"},
				"east": {"uv": [0, 0, 15.5, 1], "texture": "#0"},
				"south": {"uv": [2, 1, 3, 2], "texture": "#0"},
				"west": {"uv": [0, 0, 15.5, 1], "texture": "#0"},
				"up": {"uv": [0, 0, 15.5, 1], "texture": "#0"},
				"down": {"uv": [0, 0, 15.5, 1], "texture": "#0"}
			}
		},
		{
			"name": "bass 3",
			"from": [7.5, 8, 9.5],
			"to": [8.5, 9, 12],
			"rotation": {"angle": 0, "axis": "y", "origin": [15.5, 14, 16]},
			"faces": {
				"north": {"uv": [0, 0, 2.5, 1], "texture": "#0"},
				"east": {"uv": [0, 0, 2.5, 1], "texture": "#0"},
				"south": {"uv": [1, 1, 2, 2], "texture": "#0"},
				"west": {"uv": [0, 0, 2.5, 1], "texture": "#0"},
				"up": {"uv": [0, 1, 1, 3.5], "texture": "#0"},
				"down": {"uv": [0, 0, 2.5, 1], "texture": "#0"}
			}
		},
		{
			"name": "bass 4",
			"from": [7.625, 8, 12],
			"to": [8.375, 8.75, 12.375],
			"rotation": {"angle": 0, "axis": "y", "origin": [15.5, 14, 16]},
			"faces": {
				"north": {"uv": [0, 1, 0.75, 1.375], "texture": "#0"},
				"east": {"uv": [0, 1, 0.75, 1.375], "texture": "#0"},
				"south": {"uv": [0, 1, 0.75, 1.375], "texture": "#0"},
				"west": {"uv": [0, 1, 0.75, 1.375], "texture": "#0"},
				"up": {"uv": [0, 1, 0.75, 1.375], "texture": "#0"},
				"down": {"uv": [0, 1, 0.75, 1.375], "texture": "#0"}
			}
		},
		{
			"name": "bass 1",
			"from": [7.625, 10.253, 9],
			"to": [8.375, 11.003, 11.25],
			"rotation": {"angle": -22.5, "axis": "x", "origin": [8, 8.5, 8.125]},
			"faces": {
				"north": {"uv": [2.25, 5.5, 3, 6.25], "texture": "#0"},
				"east": {"uv": [1.5, 4.75, 3.75, 5.5], "rotation": 180, "texture": "#0"},
				"south": {"uv": [1.5, 5.5, 2.25, 6.25], "texture": "#0"},
				"west": {"uv": [1.5, 4.75, 3.75, 5.5], "texture": "#0"},
				"up": {"uv": [1.5, 4.75, 3.75, 5.5], "rotation": 90, "texture": "#0"},
				"down": {"uv": [1.5, 4.75, 3.75, 5.5], "rotation": 270, "texture": "#0"}
			}
		}
	],
	"display": {
		"thirdperson_righthand": {
			"translation": [0, 1, -2]
		},
		"thirdperson_lefthand": {
			"translation": [0, 1, -2]
		},
		"firstperson_righthand": {
			"rotation": [16, 7, 6],
			"translation": [0.5, 1.75, -0.75]
		},
		"firstperson_lefthand": {
			"translation": [-1, 3.25, 0]
		},
		"ground": {
			"translation": [0, -1.75, 0]
		},
		"gui": {
			"rotation": [18, 129, 0],
			"translation": [1.25, 0, 0],
			"scale": [0.8, 0.8, 0.8]
		},
		"fixed": {
			"rotation": [0, -90, 0],
			"scale": [2, 2, 2]
		}
	},
	"groups": [
		{
			"name": "bass",
			"origin": [15.25, 15.5, 15.5],
			"children": [0, 1, 2, 3, 4, 5, 6,
				{
					"name": "shell",
					"origin": [8, 8, 8],
					"children": [7]
				}
			]
		}
	]
}