{
	"credit": "Made with Blockbench",
	"texture_size": [64, 64],
	"textures": {
		"0": "custom/sledge_hammer_t",
		"particle": "custom/sledge_hammer_t"
	},
	"elements": [
		{
			"name": "bass 2",
			"from": [7.5, 0, 7.75],
			"to": [8.5, 23.5, 8.25],
			"faces": {
				"north": {"uv": [0, 0, 2, 15.875], "texture": "#0"},
				"east": {"uv": [0, 0, 2, 15.875], "texture": "#0"},
				"south": {"uv": [0, 0, 2, 15.875], "texture": "#0"},
				"west": {"uv": [0, 0, 2, 15.875], "texture": "#0"},
				"up": {"uv": [0, 0, 2, 15.875], "texture": "#0"},
				"down": {"uv": [0, 0, 2, 15.875], "texture": "#0"}
			}
		},
		{
			"name": "bass 4",
			"from": [7.56529, 0, 7.64333],
			"to": [7.91861, 23.49917, 7.89391],
			"rotation": {"angle": 45, "axis": "y", "origin": [7.66141, 11.74981, 7.77547]},
			"faces": {
				"north": {"uv": [0, 0, 2, 15.875], "texture": "#0"},
				"east": {"uv": [0, 0, 2, 15.875], "texture": "#0"},
				"south": {"uv": [0, 0, 2, 15.875], "texture": "#0"},
				"west": {"uv": [0, 0, 2, 15.875], "texture": "#0"},
				"up": {"uv": [0, 0, 2, 15.875], "texture": "#0"},
				"down": {"uv": [0, 0, 2, 15.875], "texture": "#0"}
			}
		},
		{
			"name": "bass 5",
			"from": [8.13779, -0.00001, 8.21645],
			"to": [8.49111, 23.49916, 8.46703],
			"rotation": {"angle": 45, "axis": "y", "origin": [8.23391, 11.74981, 8.34859]},
			"faces": {
				"north": {"uv": [0, 0, 2, 15.875], "texture": "#0"},
				"east": {"uv": [0, 0, 2, 15.875], "texture": "#0"},
				"south": {"uv": [0, 0, 2, 15.875], "texture": "#0"},
				"west": {"uv": [0, 0, 2, 15.875], "texture": "#0"},
				"up": {"uv": [0, 0, 2, 15.875], "texture": "#0"},
				"down": {"uv": [0, 0, 2, 15.875], "texture": "#0"}
			}
		},
		{
			"name": "bass 6",
			"from": [7.55545, 0, 7.29184],
			"to": [7.90921, 23.49979, 8.35252],
			"rotation": {"angle": -45, "axis": "y", "origin": [7.65157, 11.75043, 8.23408]},
			"faces": {
				"north": {"uv": [0, 0, 2, 15.875], "texture": "#0"},
				"east": {"uv": [0, 0, 2, 15.875], "texture": "#0"},
				"south": {"uv": [0, 0, 2, 15.875], "texture": "#0"},
				"west": {"uv": [0, 0, 2, 15.875], "texture": "#0"},
				"up": {"uv": [0, 0, 2, 15.875], "texture": "#0"},
				"down": {"uv": [0, 0, 2, 15.875], "texture": "#0"}
			}
		},
		{
			"name": "bass 4",
			"from": [7.75, 0, 7.5],
			"to": [8.25, 23.5, 8.5],
			"faces": {
				"north": {"uv": [0, 0, 2, 15.875], "texture": "#0"},
				"east": {"uv": [0, 0, 2, 15.875], "texture": "#0"},
				"south": {"uv": [0, 0, 2, 15.875], "texture": "#0"},
				"west": {"uv": [0, 0, 2, 15.875], "texture": "#0"},
				"up": {"uv": [0, 0, 2, 15.875], "texture": "#0"},
				"down": {"uv": [0, 0, 2, 15.875], "texture": "#0"}
			}
		},
		{
			"name": "bass 2",
			"from": [7, 20, 6.5],
			"to": [9, 20.25, 9.5],
			"rotation": {"angle": 0, "axis": "y", "origin": [15.5, 15.5, 15.5]},
			"faces": {
				"north": {"uv": [2, 11, 16, 16], "texture": "#0"},
				"east": {"uv": [2, 11, 16, 16], "texture": "#0"},
				"south": {"uv": [2, 11, 16, 16], "texture": "#0"},
				"west": {"uv": [2, 11, 16, 16], "texture": "#0"},
				"up": {"uv": [2, 11, 16, 16], "texture": "#0"},
				"down": {"uv": [2, 11, 16, 16], "texture": "#0"}
			}
		},
		{
			"name": "bass 3",
			"from": [7, 22.75, 6.5],
			"to": [9, 23, 9.5],
			"rotation": {"angle": 0, "axis": "y", "origin": [15.5, 18.25, 15.5]},
			"faces": {
				"north": {"uv": [2, 11, 16, 16], "texture": "#0"},
				"east": {"uv": [2, 11, 16, 16], "texture": "#0"},
				"south": {"uv": [2, 11, 16, 16], "texture": "#0"},
				"west": {"uv": [2, 11, 16, 16], "texture": "#0"},
				"up": {"uv": [2, 11, 16, 16], "texture": "#0"},
				"down": {"uv": [2, 11, 16, 16], "texture": "#0"}
			}
		},
		{
			"name": "bass 4",
			"from": [7, 20, 6.5],
			"to": [9, 23, 9.5],
			"rotation": {"angle": 0, "axis": "y", "origin": [15.5, 18.25, 15.5]},
			"faces": {
				"north": {"uv": [2, 11, 16, 16], "texture": "#0"},
				"east": {"uv": [2, 11, 16, 16], "texture": "#0"},
				"south": {"uv": [2, 11, 16, 16], "texture": "#0"},
				"west": {"uv": [2, 11, 16, 16], "texture": "#0"},
				"up": {"uv": [2, 11, 16, 16], "texture": "#0"},
				"down": {"uv": [2, 11, 16, 16], "texture": "#0"}
			}
		},
		{
			"name": "bass 2",
			"from": [6.5, 20.5, 6.5],
			"to": [9.5, 22.5, 9.5],
			"rotation": {"angle": 0, "axis": "y", "origin": [15.5, 15.5, 15.5]},
			"faces": {
				"north": {"uv": [2, 11, 16, 16], "texture": "#0"},
				"east": {"uv": [2, 11, 16, 16], "texture": "#0"},
				"south": {"uv": [2, 11, 16, 16], "texture": "#0"},
				"west": {"uv": [2, 11, 16, 16], "texture": "#0"},
				"up": {"uv": [2, 11, 16, 16], "texture": "#0"},
				"down": {"uv": [2, 11, 16, 16], "texture": "#0"}
			}
		},
		{
			"name": "bass 5",
			"from": [6.21844, 19.81941, 6.5],
			"to": [9.75396, 20.52077, 9.49093],
			"rotation": {"angle": -45, "axis": "z", "origin": [9.60191, 20.81696, 8.02042]},
			"faces": {
				"north": {"uv": [2, 11, 16, 16], "texture": "#0"},
				"east": {"uv": [2, 11, 16, 16], "texture": "#0"},
				"south": {"uv": [2, 11, 16, 16], "texture": "#0"},
				"west": {"uv": [2, 11, 16, 16], "texture": "#0"},
				"up": {"uv": [2, 11, 16, 16], "texture": "#0"},
				"down": {"uv": [2, 11, 16, 16], "texture": "#0"}
			}
		},
		{
			"name": "bass 6",
			"from": [6.19898, 22.51609, 6.50001],
			"to": [9.73459, 23.22621, 9.49894],
			"rotation": {"angle": 45, "axis": "z", "origin": [9.6367, 22.22497, 8.02843]},
			"faces": {
				"north": {"uv": [2, 11, 16, 16], "texture": "#0"},
				"east": {"uv": [2, 11, 16, 16], "texture": "#0"},
				"south": {"uv": [2, 11, 16, 16], "texture": "#0"},
				"west": {"uv": [2, 11, 16, 16], "texture": "#0"},
				"up": {"uv": [2, 11, 16, 16], "texture": "#0"},
				"down": {"uv": [2, 11, 16, 16], "texture": "#0"}
			}
		},
		{
			"name": "bass 3",
			"from": [8.19051, 19.91064, 3.75],
			"to": [9.60472, 22.73907, 6.50008],
			"rotation": {"angle": -45, "axis": "z", "origin": [8.66023, 22.49594, 5.02414]},
			"faces": {
				"north": {"uv": [2, 11, 16, 16], "texture": "#0"},
				"east": {"uv": [2, 11, 16, 16], "texture": "#0"},
				"south": {"uv": [2, 11, 16, 16], "texture": "#0"},
				"west": {"uv": [2, 11, 16, 16], "texture": "#0"},
				"up": {"uv": [2, 11, 16, 16], "texture": "#0"},
				"down": {"uv": [2, 11, 16, 16], "texture": "#0"}
			}
		},
		{
			"name": "bass 2",
			"from": [7.5, 20, 3.75],
			"to": [8.5, 23, 6.5],
			"rotation": {"angle": 0, "axis": "y", "origin": [15.5, 15.5, 15.5]},
			"faces": {
				"north": {"uv": [2, 11, 16, 16], "texture": "#0"},
				"east": {"uv": [2, 11, 16, 16], "texture": "#0"},
				"south": {"uv": [2, 11, 16, 16], "texture": "#0"},
				"west": {"uv": [2, 11, 16, 16], "texture": "#0"},
				"up": {"uv": [2, 11, 16, 16], "texture": "#0"},
				"down": {"uv": [2, 11, 16, 16], "texture": "#0"}
			}
		},
		{
			"name": "bass 3",
			"from": [6.5, 21, 3.75],
			"to": [9.5, 22, 6.5],
			"rotation": {"angle": 0, "axis": "y", "origin": [15.5, 15.5, 15.5]},
			"faces": {
				"north": {"uv": [2, 11, 16, 16], "texture": "#0"},
				"east": {"uv": [2, 11, 16, 16], "texture": "#0"},
				"south": {"uv": [2, 11, 16, 16], "texture": "#0"},
				"west": {"uv": [2, 11, 16, 16], "texture": "#0"},
				"up": {"uv": [2, 11, 16, 16], "texture": "#0"},
				"down": {"uv": [2, 11, 16, 16], "texture": "#0"}
			}
		},
		{
			"name": "bass 5",
			"from": [6.56301, 20.7892, 3.75],
			"to": [9.39145, 22.20271, 6.49999],
			"rotation": {"angle": -45, "axis": "z", "origin": [7.99392, 21.4703, 5.02356]},
			"faces": {
				"north": {"uv": [2, 11, 16, 16], "texture": "#0"},
				"east": {"uv": [2, 11, 16, 16], "texture": "#0"},
				"south": {"uv": [2, 11, 16, 16], "texture": "#0"},
				"west": {"uv": [2, 11, 16, 16], "texture": "#0"},
				"up": {"uv": [2, 11, 16, 16], "texture": "#0"},
				"down": {"uv": [2, 11, 16, 16], "texture": "#0"}
			}
		},
		{
			"name": "bass 4",
			"from": [8.19051, 19.91064, 9.49999],
			"to": [9.60472, 22.73907, 12.25],
			"rotation": {"angle": -45, "axis": "z", "origin": [8.66023, 22.49594, 11.02414]},
			"faces": {
				"north": {"uv": [2, 11, 16, 16], "texture": "#0"},
				"east": {"uv": [2, 11, 16, 16], "texture": "#0"},
				"south": {"uv": [2, 11, 16, 16], "texture": "#0"},
				"west": {"uv": [2, 11, 16, 16], "texture": "#0"},
				"up": {"uv": [2, 11, 16, 16], "texture": "#0"},
				"down": {"uv": [2, 11, 16, 16], "texture": "#0"}
			}
		},
		{
			"name": "bass 3",
			"from": [7.5, 20, 9.5],
			"to": [8.5, 23, 12.25],
			"rotation": {"angle": 0, "axis": "y", "origin": [15.5, 15.5, 21.5]},
			"faces": {
				"north": {"uv": [2, 11, 16, 16], "texture": "#0"},
				"east": {"uv": [2, 11, 16, 16], "texture": "#0"},
				"south": {"uv": [2, 11, 16, 16], "texture": "#0"},
				"west": {"uv": [2, 11, 16, 16], "texture": "#0"},
				"up": {"uv": [2, 11, 16, 16], "texture": "#0"},
				"down": {"uv": [2, 11, 16, 16], "texture": "#0"}
			}
		},
		{
			"name": "bass 4",
			"from": [6.5, 21, 9.5],
			"to": [9.5, 22, 12.25],
			"rotation": {"angle": 0, "axis": "y", "origin": [15.5, 15.5, 21.5]},
			"faces": {
				"north": {"uv": [2, 11, 16, 16], "texture": "#0"},
				"east": {"uv": [2, 11, 16, 16], "texture": "#0"},
				"south": {"uv": [2, 11, 16, 16], "texture": "#0"},
				"west": {"uv": [2, 11, 16, 16], "texture": "#0"},
				"up": {"uv": [2, 11, 16, 16], "texture": "#0"},
				"down": {"uv": [2, 11, 16, 16], "texture": "#0"}
			}
		},
		{
			"name": "bass 6",
			"from": [6.563, 20.7892, 9.5],
			"to": [9.39145, 22.20277, 12.24999],
			"rotation": {"angle": -45, "axis": "z", "origin": [7.99392, 21.4703, 11.02356]},
			"faces": {
				"north": {"uv": [2, 11, 16, 16], "texture": "#0"},
				"east": {"uv": [2, 11, 16, 16], "texture": "#0"},
				"south": {"uv": [2, 11, 16, 16], "texture": "#0"},
				"west": {"uv": [2, 11, 16, 16], "texture": "#0"},
				"up": {"uv": [2, 11, 16, 16], "texture": "#0"},
				"down": {"uv": [2, 11, 16, 16], "texture": "#0"}
			}
		}
	],
	"display": {
		"thirdperson_lefthand": {
			"rotation": [-23, -58, 90],
			"translation": [-4, -4.75, 10]
		},
		"firstperson_righthand": {
			"rotation": [-3, 0, -14],
			"translation": [0.25, 1, 0.5],
			"scale": [1, 1, 0.75]
		},
		"firstperson_lefthand": {
			"rotation": [-3, 0, -14],
			"translation": [0.25, 1, 0.5],
			"scale": [1, 1, 0.75]
		},
		"ground": {
			"rotation": [0, 0, -90],
			"translation": [-3.5, -2.5, 0]
		},
		"gui": {
			"rotation": [90, 49, -90],
			"translation": [-2.25, -2.5, 0],
			"scale": [0.7, 0.7, 0.7]
		},
		"fixed": {
			"rotation": [0, -90, 0],
			"scale": [2, 2, 2]
		}
	},
	"groups": [
		{
			"name": "bass",
			"origin": [8, 8, 8],
			"children": [
				{
					"name": "h",
					"origin": [8, 8, 8],
					"children": [0, 1, 2, 3, 4]
				},
				{
					"name": "top",
					"origin": [8, 8, 8],
					"children": [5, 6, 7, 8, 9, 10,
						{
							"name": "s1",
							"origin": [7.99392, 21.4703, 5.02356],
							"children": [11, 12, 13, 14]
						},
						{
							"name": "s2",
							"origin": [7.99392, 21.4703, 5.02356],
							"children": [15, 16, 17, 18]
						}
					]
				}
			]
		}
	]
}