{
	"credit": "Made with Blockbench",
	"texture_size": [64, 64],
	"textures": {
		"0": "custom/sledge_hammer_t",
		"particle": "custom/sledge_hammer_t"
	},
	"elements": [
		{
			"name": "bass 2",
			"from": [7.5, 0, 7.75],
			"to": [8.5, 23.5, 8.25],
			"faces": {
				"north": {"uv": [0, 0, 2, 15.875], "texture": "#0"},
				"east": {"uv": [0, 0, 2, 15.875], "texture": "#0"},
				"south": {"uv": [0, 0, 2, 15.875], "texture": "#0"},
				"west": {"uv": [0, 0, 2, 15.875], "texture": "#0"},
				"up": {"uv": [0, 0, 2, 15.875], "texture": "#0"},
				"down": {"uv": [0, 0, 2, 15.875], "texture": "#0"}
			}
		},
		{
			"name": "bass 4",
			"from": [7.56529, 0, 7.64333],
			"to": [7.91861, 23.49917, 7.89391],
			"rotation": {"angle": 45, "axis": "y", "origin": [7.66141, 11.74981, 7.77547]},
			"faces": {
				"north": {"uv": [0, 0, 2, 15.875], "texture": "#0"},
				"east": {"uv": [0, 0, 2, 15.875], "texture": "#0"},
				"south": {"uv": [0, 0, 2, 15.875], "texture": "#0"},
				"west": {"uv": [0, 0, 2, 15.875], "texture": "#0"},
				"up": {"uv": [0, 0, 2, 15.875], "texture": "#0"},
				"down": {"uv": [0, 0, 2, 15.875], "texture": "#0"}
			}
		},
		{
			"name": "bass 5",
			"from": [8.13779, -0.00001, 8.21645],
			"to": [8.49111, 23.49916, 8.46703],
			"rotation": {"angle": 45, "axis": "y", "origin": [8.23391, 11.74981, 8.34859]},
			"faces": {
				"north": {"uv": [0, 0, 2, 15.875], "texture": "#0"},
				"east": {"uv": [0, 0, 2, 15.875], "texture": "#0"},
				"south": {"uv": [0, 0, 2, 15.875], "texture": "#0"},
				"west": {"uv": [0, 0, 2, 15.875], "texture": "#0"},
				"up": {"uv": [0, 0, 2, 15.875], "texture": "#0"},
				"down": {"uv": [0, 0, 2, 15.875], "texture": "#0"}
			}
		},
		{
			"name": "bass 6",
			"from": [7.55545, 0, 7.29184],
			"to": [7.90921, 23.49979, 8.35252],
			"rotation": {"angle": -45, "axis": "y", "origin": [7.65157, 11.75043, 8.23408]},
			"faces": {
				"north": {"uv": [0, 0, 2, 15.875], "texture": "#0"},
				"east": {"uv": [0, 0, 2, 15.875], "texture": "#0"},
				"south": {"uv": [0, 0, 2, 15.875], "texture": "#0"},
				"west": {"uv": [0, 0, 2, 15.875], "texture": "#0"},
				"up": {"uv": [0, 0, 2, 15.875], "texture": "#0"},
				"down": {"uv": [0, 0, 2, 15.875], "texture": "#0"}
			}
		},
		{
			"name": "bass 4",
			"from": [7.75, 0, 7.5],
			"to": [8.25, 23.5, 8.5],
			"faces": {
				"north": {"uv": [0, 0, 2, 15.875], "texture": "#0"},
				"east": {"uv": [0, 0, 2, 15.875], "texture": "#0"},
				"south": {"uv": [0, 0, 2, 15.875], "texture": "#0"},
				"west": {"uv": [0, 0, 2, 15.875], "texture": "#0"},
				"up": {"uv": [0, 0, 2, 15.875], "texture": "#0"},
				"down": {"uv": [0, 0, 2, 15.875], "texture": "#0"}
			}
		},
		{
			"name": "bass 5",
			"from": [7.75, 17.65015, 3.7685],
			"to": [8.25, 19.65015, 6.7685],
			"rotation": {"angle": -22.5, "axis": "x", "origin": [8, 18.65015, 5.2685]},
			"faces": {
				"north": {"uv": [2, 8, 5, 11], "texture": "#0"},
				"east": {"uv": [2, 8, 5, 11], "texture": "#0"},
				"south": {"uv": [2, 8, 5, 11], "texture": "#0"},
				"west": {"uv": [2, 8, 5, 11], "texture": "#0"},
				"up": {"uv": [2, 8, 5, 11], "texture": "#0"},
				"down": {"uv": [2, 8, 5, 11], "texture": "#0"}
			}
		},
		{
			"name": "bass 6",
			"from": [7.75, 17.90015, 3.5185],
			"to": [8.25, 18.15015, 3.7685],
			"rotation": {"angle": -22.5, "axis": "x", "origin": [8, 18.65015, 5.2685]},
			"faces": {
				"north": {"uv": [2, 8, 5, 11], "texture": "#0"},
				"east": {"uv": [2, 8, 5, 11], "texture": "#0"},
				"south": {"uv": [2, 8, 5, 11], "texture": "#0"},
				"west": {"uv": [2, 8, 5, 11], "texture": "#0"},
				"up": {"uv": [2, 8, 5, 11], "texture": "#0"},
				"down": {"uv": [2, 8, 5, 11], "texture": "#0"}
			}
		},
		{
			"name": "bass 7",
			"from": [7.75, 16.75579, 4.28313],
			"to": [8.25, 17.00579, 4.53313],
			"rotation": {"angle": -45, "axis": "x", "origin": [8, 17.50579, 6.03313]},
			"faces": {
				"north": {"uv": [2, 8, 5, 11], "texture": "#0"},
				"east": {"uv": [2, 8, 5, 11], "texture": "#0"},
				"south": {"uv": [2, 8, 5, 11], "texture": "#0"},
				"west": {"uv": [2, 8, 5, 11], "texture": "#0"},
				"up": {"uv": [2, 8, 5, 11], "texture": "#0"},
				"down": {"uv": [2, 8, 5, 11], "texture": "#0"}
			}
		},
		{
			"name": "bass 8",
			"from": [7.75, 16.25579, 4.28313],
			"to": [8.25, 16.50579, 4.53313],
			"rotation": {"angle": -45, "axis": "x", "origin": [8, 17.50579, 6.03313]},
			"faces": {
				"north": {"uv": [2, 8, 5, 11], "texture": "#0"},
				"east": {"uv": [2, 8, 5, 11], "texture": "#0"},
				"south": {"uv": [2, 8, 5, 11], "texture": "#0"},
				"west": {"uv": [2, 8, 5, 11], "texture": "#0"},
				"up": {"uv": [2, 8, 5, 11], "texture": "#0"},
				"down": {"uv": [2, 8, 5, 11], "texture": "#0"}
			}
		},
		{
			"name": "bass 9",
			"from": [7.75, 15.13447, 6.08113],
			"to": [8.25, 15.38447, 6.33113],
			"rotation": {"angle": 0, "axis": "x", "origin": [8, 16.88447, 4.58113]},
			"faces": {
				"north": {"uv": [2, 8, 5, 11], "rotation": 180, "texture": "#0"},
				"east": {"uv": [2, 8, 5, 11], "rotation": 90, "texture": "#0"},
				"south": {"uv": [2, 8, 5, 11], "texture": "#0"},
				"west": {"uv": [2, 8, 5, 11], "rotation": 270, "texture": "#0"},
				"up": {"uv": [2, 8, 5, 11], "texture": "#0"},
				"down": {"uv": [2, 8, 5, 11], "rotation": 180, "texture": "#0"}
			}
		},
		{
			"name": "bass 10",
			"from": [7.75, 15.13447, 6.58113],
			"to": [8.25, 15.38447, 6.83113],
			"rotation": {"angle": 0, "axis": "x", "origin": [8, 16.88447, 4.58113]},
			"faces": {
				"north": {"uv": [2, 8, 5, 11], "rotation": 180, "texture": "#0"},
				"east": {"uv": [2, 8, 5, 11], "rotation": 90, "texture": "#0"},
				"south": {"uv": [2, 8, 5, 11], "texture": "#0"},
				"west": {"uv": [2, 8, 5, 11], "rotation": 270, "texture": "#0"},
				"up": {"uv": [2, 8, 5, 11], "texture": "#0"},
				"down": {"uv": [2, 8, 5, 11], "rotation": 180, "texture": "#0"}
			}
		},
		{
			"name": "bass 7",
			"from": [7.75, 19.25, 3.25],
			"to": [8.25, 19.5, 3.5],
			"rotation": {"angle": 0, "axis": "x", "origin": [8, 20.125, 3.375]},
			"faces": {
				"north": {"uv": [2, 8, 5, 11], "texture": "#0"},
				"east": {"uv": [2, 8, 5, 11], "texture": "#0"},
				"south": {"uv": [2, 8, 5, 11], "texture": "#0"},
				"west": {"uv": [2, 8, 5, 11], "texture": "#0"},
				"up": {"uv": [2, 8, 5, 11], "texture": "#0"},
				"down": {"uv": [2, 8, 5, 11], "texture": "#0"}
			}
		},
		{
			"name": "bass 8",
			"from": [7.75, 20.75, 3.25],
			"to": [8.25, 21, 3.5],
			"rotation": {"angle": 0, "axis": "x", "origin": [8, 21.625, 3.375]},
			"faces": {
				"north": {"uv": [2, 8, 5, 11], "texture": "#0"},
				"east": {"uv": [2, 8, 5, 11], "texture": "#0"},
				"south": {"uv": [2, 8, 5, 11], "texture": "#0"},
				"west": {"uv": [2, 8, 5, 11], "texture": "#0"},
				"up": {"uv": [2, 8, 5, 11], "texture": "#0"},
				"down": {"uv": [2, 8, 5, 11], "texture": "#0"}
			}
		},
		{
			"name": "bass 9",
			"from": [7.75, 22.75, 3.25],
			"to": [8.25, 23, 3.5],
			"rotation": {"angle": 0, "axis": "x", "origin": [8, 23.625, 3.375]},
			"faces": {
				"north": {"uv": [2, 8, 5, 11], "texture": "#0"},
				"east": {"uv": [2, 8, 5, 11], "texture": "#0"},
				"south": {"uv": [2, 8, 5, 11], "texture": "#0"},
				"west": {"uv": [2, 8, 5, 11], "texture": "#0"},
				"up": {"uv": [2, 8, 5, 11], "texture": "#0"},
				"down": {"uv": [2, 8, 5, 11], "texture": "#0"}
			}
		},
		{
			"name": "bass 7",
			"from": [7.75, 18.40015, 3.5185],
			"to": [8.25, 18.65015, 3.7685],
			"rotation": {"angle": -22.5, "axis": "x", "origin": [8, 18.65015, 5.2685]},
			"faces": {
				"north": {"uv": [2, 8, 5, 11], "texture": "#0"},
				"east": {"uv": [2, 8, 5, 11], "texture": "#0"},
				"south": {"uv": [2, 8, 5, 11], "texture": "#0"},
				"west": {"uv": [2, 8, 5, 11], "texture": "#0"},
				"up": {"uv": [2, 8, 5, 11], "texture": "#0"},
				"down": {"uv": [2, 8, 5, 11], "texture": "#0"}
			}
		},
		{
			"name": "bass 8",
			"from": [7.75, 17.25579, 4.28313],
			"to": [8.25, 17.50579, 4.53313],
			"rotation": {"angle": -45, "axis": "x", "origin": [8, 17.50579, 6.03313]},
			"faces": {
				"north": {"uv": [2, 8, 5, 11], "texture": "#0"},
				"east": {"uv": [2, 8, 5, 11], "texture": "#0"},
				"south": {"uv": [2, 8, 5, 11], "texture": "#0"},
				"west": {"uv": [2, 8, 5, 11], "texture": "#0"},
				"up": {"uv": [2, 8, 5, 11], "texture": "#0"},
				"down": {"uv": [2, 8, 5, 11], "texture": "#0"}
			}
		},
		{
			"name": "bass 8",
			"from": [7.75, 19.75, 3.25],
			"to": [8.25, 20, 3.5],
			"rotation": {"angle": 0, "axis": "x", "origin": [8, 20.125, 3.375]},
			"faces": {
				"north": {"uv": [2, 8, 5, 11], "texture": "#0"},
				"east": {"uv": [2, 8, 5, 11], "texture": "#0"},
				"south": {"uv": [2, 8, 5, 11], "texture": "#0"},
				"west": {"uv": [2, 8, 5, 11], "texture": "#0"},
				"up": {"uv": [2, 8, 5, 11], "texture": "#0"},
				"down": {"uv": [2, 8, 5, 11], "texture": "#0"}
			}
		},
		{
			"name": "bass 9",
			"from": [7.75, 21.25, 3.25],
			"to": [8.25, 21.5, 3.5],
			"rotation": {"angle": 0, "axis": "x", "origin": [8, 21.625, 3.375]},
			"faces": {
				"north": {"uv": [2, 8, 5, 11], "texture": "#0"},
				"east": {"uv": [2, 8, 5, 11], "texture": "#0"},
				"south": {"uv": [2, 8, 5, 11], "texture": "#0"},
				"west": {"uv": [2, 8, 5, 11], "texture": "#0"},
				"up": {"uv": [2, 8, 5, 11], "texture": "#0"},
				"down": {"uv": [2, 8, 5, 11], "texture": "#0"}
			}
		},
		{
			"name": "bass 10",
			"from": [7.75, 23.25, 3.25],
			"to": [8.25, 23.5, 3.5],
			"rotation": {"angle": 0, "axis": "x", "origin": [8, 23.625, 3.375]},
			"faces": {
				"north": {"uv": [2, 8, 5, 11], "texture": "#0"},
				"east": {"uv": [2, 8, 5, 11], "texture": "#0"},
				"south": {"uv": [2, 8, 5, 11], "texture": "#0"},
				"west": {"uv": [2, 8, 5, 11], "texture": "#0"},
				"up": {"uv": [2, 8, 5, 11], "texture": "#0"},
				"down": {"uv": [2, 8, 5, 11], "texture": "#0"}
			}
		},
		{
			"name": "bass 8",
			"from": [7.75, 18.90015, 3.5185],
			"to": [8.25, 19.15015, 3.7685],
			"rotation": {"angle": -22.5, "axis": "x", "origin": [8, 18.65015, 5.2685]},
			"faces": {
				"north": {"uv": [2, 8, 5, 11], "texture": "#0"},
				"east": {"uv": [2, 8, 5, 11], "texture": "#0"},
				"south": {"uv": [2, 8, 5, 11], "texture": "#0"},
				"west": {"uv": [2, 8, 5, 11], "texture": "#0"},
				"up": {"uv": [2, 8, 5, 11], "texture": "#0"},
				"down": {"uv": [2, 8, 5, 11], "texture": "#0"}
			}
		},
		{
			"name": "bass 9",
			"from": [7.75, 17.75579, 4.28313],
			"to": [8.25, 18.00579, 4.53313],
			"rotation": {"angle": -45, "axis": "x", "origin": [8, 17.50579, 6.03313]},
			"faces": {
				"north": {"uv": [2, 8, 5, 11], "texture": "#0"},
				"east": {"uv": [2, 8, 5, 11], "texture": "#0"},
				"south": {"uv": [2, 8, 5, 11], "texture": "#0"},
				"west": {"uv": [2, 8, 5, 11], "texture": "#0"},
				"up": {"uv": [2, 8, 5, 11], "texture": "#0"},
				"down": {"uv": [2, 8, 5, 11], "texture": "#0"}
			}
		},
		{
			"name": "bass 9",
			"from": [7.75, 20.25, 3.25],
			"to": [8.25, 20.5, 3.5],
			"rotation": {"angle": 0, "axis": "x", "origin": [8, 20.125, 3.375]},
			"faces": {
				"north": {"uv": [2, 8, 5, 11], "texture": "#0"},
				"east": {"uv": [2, 8, 5, 11], "texture": "#0"},
				"south": {"uv": [2, 8, 5, 11], "texture": "#0"},
				"west": {"uv": [2, 8, 5, 11], "texture": "#0"},
				"up": {"uv": [2, 8, 5, 11], "texture": "#0"},
				"down": {"uv": [2, 8, 5, 11], "texture": "#0"}
			}
		},
		{
			"name": "bass 10",
			"from": [7.75, 21.75, 3.25],
			"to": [8.25, 22, 3.5],
			"rotation": {"angle": 0, "axis": "x", "origin": [8, 21.625, 3.375]},
			"faces": {
				"north": {"uv": [2, 8, 5, 11], "texture": "#0"},
				"east": {"uv": [2, 8, 5, 11], "texture": "#0"},
				"south": {"uv": [2, 8, 5, 11], "texture": "#0"},
				"west": {"uv": [2, 8, 5, 11], "texture": "#0"},
				"up": {"uv": [2, 8, 5, 11], "texture": "#0"},
				"down": {"uv": [2, 8, 5, 11], "texture": "#0"}
			}
		},
		{
			"name": "bass 11",
			"from": [7.75, 23.75, 3.25],
			"to": [8.25, 24, 3.5],
			"rotation": {"angle": 0, "axis": "x", "origin": [8, 23.625, 3.375]},
			"faces": {
				"north": {"uv": [2, 8, 5, 11], "texture": "#0"},
				"east": {"uv": [2, 8, 5, 11], "texture": "#0"},
				"south": {"uv": [2, 8, 5, 11], "texture": "#0"},
				"west": {"uv": [2, 8, 5, 11], "texture": "#0"},
				"up": {"uv": [2, 8, 5, 11], "texture": "#0"},
				"down": {"uv": [2, 8, 5, 11], "texture": "#0"}
			}
		},
		{
			"name": "bass 9",
			"from": [7.75, 19.40015, 3.5185],
			"to": [8.25, 19.65015, 3.7685],
			"rotation": {"angle": -22.5, "axis": "x", "origin": [8, 18.65015, 5.2685]},
			"faces": {
				"north": {"uv": [2, 8, 5, 11], "texture": "#0"},
				"east": {"uv": [2, 8, 5, 11], "texture": "#0"},
				"south": {"uv": [2, 8, 5, 11], "texture": "#0"},
				"west": {"uv": [2, 8, 5, 11], "texture": "#0"},
				"up": {"uv": [2, 8, 5, 11], "texture": "#0"},
				"down": {"uv": [2, 8, 5, 11], "texture": "#0"}
			}
		},
		{
			"name": "bass 10",
			"from": [7.75, 18.25579, 4.28313],
			"to": [8.25, 18.50579, 4.53313],
			"rotation": {"angle": -45, "axis": "x", "origin": [8, 17.50579, 6.03313]},
			"faces": {
				"north": {"uv": [2, 8, 5, 11], "texture": "#0"},
				"east": {"uv": [2, 8, 5, 11], "texture": "#0"},
				"south": {"uv": [2, 8, 5, 11], "texture": "#0"},
				"west": {"uv": [2, 8, 5, 11], "texture": "#0"},
				"up": {"uv": [2, 8, 5, 11], "texture": "#0"},
				"down": {"uv": [2, 8, 5, 11], "texture": "#0"}
			}
		},
		{
			"name": "bass 10",
			"from": [7.75, 20.75, 3.25],
			"to": [8.25, 21, 3.5],
			"rotation": {"angle": 0, "axis": "x", "origin": [8, 20.125, 3.375]},
			"faces": {
				"north": {"uv": [2, 8, 5, 11], "texture": "#0"},
				"east": {"uv": [2, 8, 5, 11], "texture": "#0"},
				"south": {"uv": [2, 8, 5, 11], "texture": "#0"},
				"west": {"uv": [2, 8, 5, 11], "texture": "#0"},
				"up": {"uv": [2, 8, 5, 11], "texture": "#0"},
				"down": {"uv": [2, 8, 5, 11], "texture": "#0"}
			}
		},
		{
			"name": "bass 11",
			"from": [7.75, 22.25, 3.25],
			"to": [8.25, 22.5, 3.5],
			"rotation": {"angle": 0, "axis": "x", "origin": [8, 21.625, 3.375]},
			"faces": {
				"north": {"uv": [2, 8, 5, 11], "texture": "#0"},
				"east": {"uv": [2, 8, 5, 11], "texture": "#0"},
				"south": {"uv": [2, 8, 5, 11], "texture": "#0"},
				"west": {"uv": [2, 8, 5, 11], "texture": "#0"},
				"up": {"uv": [2, 8, 5, 11], "texture": "#0"},
				"down": {"uv": [2, 8, 5, 11], "texture": "#0"}
			}
		},
		{
			"name": "bass 12",
			"from": [7.75, 24.28832, 3.30735],
			"to": [8.25, 24.53832, 3.55735],
			"rotation": {"angle": 22.5, "axis": "x", "origin": [8, 24.16332, 3.43235]},
			"faces": {
				"north": {"uv": [2, 8, 5, 11], "texture": "#0"},
				"east": {"uv": [2, 8, 5, 11], "texture": "#0"},
				"south": {"uv": [2, 8, 5, 11], "texture": "#0"},
				"west": {"uv": [2, 8, 5, 11], "texture": "#0"},
				"up": {"uv": [2, 8, 5, 11], "texture": "#0"},
				"down": {"uv": [2, 8, 5, 11], "texture": "#0"}
			}
		},
		{
			"name": "bass 13",
			"from": [7.75, 26.22276, 3.96359],
			"to": [8.25, 26.47276, 4.21359],
			"rotation": {"angle": 45, "axis": "x", "origin": [8, 25.84776, 4.08859]},
			"faces": {
				"north": {"uv": [2, 8, 5, 11], "texture": "#0"},
				"east": {"uv": [2, 8, 5, 11], "texture": "#0"},
				"south": {"uv": [2, 8, 5, 11], "texture": "#0"},
				"west": {"uv": [2, 8, 5, 11], "texture": "#0"},
				"up": {"uv": [2, 8, 5, 11], "texture": "#0"},
				"down": {"uv": [2, 8, 5, 11], "texture": "#0"}
			}
		},
		{
			"name": "bass 13",
			"from": [7.75, 24.78832, 3.30735],
			"to": [8.25, 25.03832, 3.55735],
			"rotation": {"angle": 22.5, "axis": "x", "origin": [8, 24.16332, 3.43235]},
			"faces": {
				"north": {"uv": [2, 8, 5, 11], "texture": "#0"},
				"east": {"uv": [2, 8, 5, 11], "texture": "#0"},
				"south": {"uv": [2, 8, 5, 11], "texture": "#0"},
				"west": {"uv": [2, 8, 5, 11], "texture": "#0"},
				"up": {"uv": [2, 8, 5, 11], "texture": "#0"},
				"down": {"uv": [2, 8, 5, 11], "texture": "#0"}
			}
		},
		{
			"name": "bass 14",
			"from": [7.75, 26.72276, 3.96359],
			"to": [8.25, 26.97276, 4.21359],
			"rotation": {"angle": 45, "axis": "x", "origin": [8, 25.84776, 4.08859]},
			"faces": {
				"north": {"uv": [2, 8, 5, 11], "texture": "#0"},
				"east": {"uv": [2, 8, 5, 11], "texture": "#0"},
				"south": {"uv": [2, 8, 5, 11], "texture": "#0"},
				"west": {"uv": [2, 8, 5, 11], "texture": "#0"},
				"up": {"uv": [2, 8, 5, 11], "texture": "#0"},
				"down": {"uv": [2, 8, 5, 11], "texture": "#0"}
			}
		},
		{
			"name": "bass 14",
			"from": [7.75, 25.28832, 3.30735],
			"to": [8.25, 25.53832, 3.55735],
			"rotation": {"angle": 22.5, "axis": "x", "origin": [8, 24.16332, 3.43235]},
			"faces": {
				"north": {"uv": [2, 8, 5, 11], "texture": "#0"},
				"east": {"uv": [2, 8, 5, 11], "texture": "#0"},
				"south": {"uv": [2, 8, 5, 11], "texture": "#0"},
				"west": {"uv": [2, 8, 5, 11], "texture": "#0"},
				"up": {"uv": [2, 8, 5, 11], "texture": "#0"},
				"down": {"uv": [2, 8, 5, 11], "texture": "#0"}
			}
		},
		{
			"name": "bass 15",
			"from": [7.75, 27.22276, 3.96359],
			"to": [8.25, 27.47276, 4.21359],
			"rotation": {"angle": 45, "axis": "x", "origin": [8, 25.84776, 4.08859]},
			"faces": {
				"north": {"uv": [2, 8, 5, 11], "texture": "#0"},
				"east": {"uv": [2, 8, 5, 11], "texture": "#0"},
				"south": {"uv": [2, 8, 5, 11], "texture": "#0"},
				"west": {"uv": [2, 8, 5, 11], "texture": "#0"},
				"up": {"uv": [2, 8, 5, 11], "texture": "#0"},
				"down": {"uv": [2, 8, 5, 11], "texture": "#0"}
			}
		},
		{
			"name": "bass 15",
			"from": [7.75, 25.78832, 3.30735],
			"to": [8.25, 26.03832, 3.55735],
			"rotation": {"angle": 22.5, "axis": "x", "origin": [8, 24.16332, 3.43235]},
			"faces": {
				"north": {"uv": [2, 8, 5, 11], "texture": "#0"},
				"east": {"uv": [2, 8, 5, 11], "texture": "#0"},
				"south": {"uv": [2, 8, 5, 11], "texture": "#0"},
				"west": {"uv": [2, 8, 5, 11], "texture": "#0"},
				"up": {"uv": [2, 8, 5, 11], "texture": "#0"},
				"down": {"uv": [2, 8, 5, 11], "texture": "#0"}
			}
		},
		{
			"name": "bass 16",
			"from": [7.75, 27.72276, 3.96359],
			"to": [8.25, 27.97276, 4.21359],
			"rotation": {"angle": 45, "axis": "x", "origin": [8, 25.84776, 4.08859]},
			"faces": {
				"north": {"uv": [2, 8, 5, 11], "texture": "#0"},
				"east": {"uv": [2, 8, 5, 11], "texture": "#0"},
				"south": {"uv": [2, 8, 5, 11], "texture": "#0"},
				"west": {"uv": [2, 8, 5, 11], "texture": "#0"},
				"up": {"uv": [2, 8, 5, 11], "texture": "#0"},
				"down": {"uv": [2, 8, 5, 11], "texture": "#0"}
			}
		},
		{
			"name": "bass 17",
			"from": [7.75, 28.22276, 3.96359],
			"to": [8.25, 28.47276, 4.21359],
			"rotation": {"angle": 45, "axis": "x", "origin": [8, 25.84776, 4.08859]},
			"faces": {
				"north": {"uv": [2, 8, 5, 11], "texture": "#0"},
				"east": {"uv": [2, 8, 5, 11], "texture": "#0"},
				"south": {"uv": [2, 8, 5, 11], "texture": "#0"},
				"west": {"uv": [2, 8, 5, 11], "texture": "#0"},
				"up": {"uv": [2, 8, 5, 11], "texture": "#0"},
				"down": {"uv": [2, 8, 5, 11], "texture": "#0"}
			}
		},
		{
			"name": "bass 18",
			"from": [7.75, 27.61553, 6.17113],
			"to": [8.25, 27.86553, 6.42113],
			"rotation": {"angle": 0, "axis": "x", "origin": [8, 27.74053, 3.79613]},
			"faces": {
				"north": {"uv": [2, 8, 5, 11], "rotation": 180, "texture": "#0"},
				"east": {"uv": [2, 8, 5, 11], "rotation": 270, "texture": "#0"},
				"south": {"uv": [2, 8, 5, 11], "texture": "#0"},
				"west": {"uv": [2, 8, 5, 11], "rotation": 90, "texture": "#0"},
				"up": {"uv": [2, 8, 5, 11], "rotation": 180, "texture": "#0"},
				"down": {"uv": [2, 8, 5, 11], "texture": "#0"}
			}
		},
		{
			"name": "bass 19",
			"from": [7.75, 27.61553, 6.67113],
			"to": [8.25, 27.86553, 6.92113],
			"rotation": {"angle": 0, "axis": "x", "origin": [8, 27.74053, 3.79613]},
			"faces": {
				"north": {"uv": [2, 8, 5, 11], "rotation": 180, "texture": "#0"},
				"east": {"uv": [2, 8, 5, 11], "rotation": 270, "texture": "#0"},
				"south": {"uv": [2, 8, 5, 11], "texture": "#0"},
				"west": {"uv": [2, 8, 5, 11], "rotation": 90, "texture": "#0"},
				"up": {"uv": [2, 8, 5, 11], "rotation": 180, "texture": "#0"},
				"down": {"uv": [2, 8, 5, 11], "texture": "#0"}
			}
		},
		{
			"name": "bass 3",
			"from": [7.75, 19, 3.5],
			"to": [8.25, 24, 6.5],
			"rotation": {"angle": 0, "axis": "y", "origin": [15.5, 15.5, 15.5]},
			"faces": {
				"north": {"uv": [2, 8, 5, 11], "texture": "#0"},
				"east": {"uv": [2, 8, 5, 11], "texture": "#0"},
				"south": {"uv": [2, 8, 5, 11], "texture": "#0"},
				"west": {"uv": [2, 8, 5, 11], "texture": "#0"},
				"up": {"uv": [2, 8, 5, 11], "texture": "#0"},
				"down": {"uv": [2, 8, 5, 11], "texture": "#0"}
			}
		},
		{
			"name": "bass 4",
			"from": [7.75, 23.23567, 4.34253],
			"to": [8.25, 25.23567, 7.34253],
			"rotation": {"angle": 22.5, "axis": "x", "origin": [8, 25.73567, 5.84253]},
			"faces": {
				"north": {"uv": [2, 8, 5, 11], "texture": "#0"},
				"east": {"uv": [2, 8, 5, 11], "texture": "#0"},
				"south": {"uv": [2, 8, 5, 11], "texture": "#0"},
				"west": {"uv": [2, 8, 5, 11], "texture": "#0"},
				"up": {"uv": [2, 8, 5, 11], "texture": "#0"},
				"down": {"uv": [2, 8, 5, 11], "texture": "#0"}
			}
		},
		{
			"name": "bass 5",
			"from": [7.75, 25.20131, 4.82603],
			"to": [8.25, 27.70131, 5.82603],
			"rotation": {"angle": 45, "axis": "x", "origin": [8, 26.20131, 5.32603]},
			"faces": {
				"north": {"uv": [2, 8, 5, 11], "texture": "#0"},
				"east": {"uv": [2, 8, 5, 11], "texture": "#0"},
				"south": {"uv": [2, 8, 5, 11], "texture": "#0"},
				"west": {"uv": [2, 8, 5, 11], "texture": "#0"},
				"up": {"uv": [2, 8, 5, 11], "texture": "#0"},
				"down": {"uv": [2, 8, 5, 11], "texture": "#0"}
			}
		},
		{
			"name": "bass 6",
			"from": [7.75, 15.76916, 5.07603],
			"to": [8.25, 18.26916, 6.07603],
			"rotation": {"angle": -45, "axis": "x", "origin": [8, 16.73215, 6.01894]},
			"faces": {
				"north": {"uv": [2, 8, 5, 11], "rotation": 180, "texture": "#0"},
				"east": {"uv": [2, 8, 5, 11], "rotation": 180, "texture": "#0"},
				"south": {"uv": [2, 8, 5, 11], "rotation": 180, "texture": "#0"},
				"west": {"uv": [2, 8, 5, 11], "rotation": 180, "texture": "#0"},
				"up": {"uv": [2, 8, 5, 11], "rotation": 180, "texture": "#0"},
				"down": {"uv": [2, 8, 5, 11], "rotation": 180, "texture": "#0"}
			}
		},
		{
			"name": "bass 6",
			"from": [7.75, 24.69971, 6.03313],
			"to": [8.25, 27.61553, 7.03701],
			"rotation": {"angle": 0, "axis": "x", "origin": [8, 25.69971, 6.53701]},
			"faces": {
				"north": {"uv": [2, 8, 5, 11], "texture": "#0"},
				"east": {"uv": [2, 8, 5, 11], "texture": "#0"},
				"south": {"uv": [2, 8, 5, 11], "texture": "#0"},
				"west": {"uv": [2, 8, 5, 11], "texture": "#0"},
				"up": {"uv": [2, 8, 5, 11], "texture": "#0"},
				"down": {"uv": [2, 8, 5, 11], "texture": "#0"}
			}
		},
		{
			"name": "bass 7",
			"from": [7.75, 15.38447, 6.03313],
			"to": [8.25, 18.30029, 7.03701],
			"rotation": {"angle": 0, "axis": "x", "origin": [8, 16.73215, 6.01894]},
			"faces": {
				"north": {"uv": [2, 8, 5, 11], "rotation": 180, "texture": "#0"},
				"east": {"uv": [2, 8, 5, 11], "rotation": 180, "texture": "#0"},
				"south": {"uv": [2, 8, 5, 11], "rotation": 180, "texture": "#0"},
				"west": {"uv": [2, 8, 5, 11], "rotation": 180, "texture": "#0"},
				"up": {"uv": [2, 8, 5, 11], "rotation": 180, "texture": "#0"},
				"down": {"uv": [2, 8, 5, 11], "rotation": 180, "texture": "#0"}
			}
		},
		{
			"name": "bass 2",
			"from": [7, 20, 6.5],
			"to": [9, 20.25, 9.5],
			"rotation": {"angle": 0, "axis": "y", "origin": [15.5, 15.5, 15.5]},
			"faces": {
				"north": {"uv": [2, 11, 16, 16], "texture": "#0"},
				"east": {"uv": [2, 11, 16, 16], "texture": "#0"},
				"south": {"uv": [2, 11, 16, 16], "texture": "#0"},
				"west": {"uv": [2, 11, 16, 16], "texture": "#0"},
				"up": {"uv": [2, 11, 16, 16], "texture": "#0"},
				"down": {"uv": [2, 11, 16, 16], "texture": "#0"}
			}
		},
		{
			"name": "bass 3",
			"from": [7, 22.75, 6.5],
			"to": [9, 23, 9.5],
			"rotation": {"angle": 0, "axis": "y", "origin": [15.5, 18.25, 15.5]},
			"faces": {
				"north": {"uv": [2, 11, 16, 16], "texture": "#0"},
				"east": {"uv": [2, 11, 16, 16], "texture": "#0"},
				"south": {"uv": [2, 11, 16, 16], "texture": "#0"},
				"west": {"uv": [2, 11, 16, 16], "texture": "#0"},
				"up": {"uv": [2, 11, 16, 16], "texture": "#0"},
				"down": {"uv": [2, 11, 16, 16], "texture": "#0"}
			}
		},
		{
			"name": "bass 4",
			"from": [7, 20, 6.5],
			"to": [9, 23, 9.5],
			"rotation": {"angle": 0, "axis": "y", "origin": [15.5, 18.25, 15.5]},
			"faces": {
				"north": {"uv": [2, 11, 16, 16], "texture": "#0"},
				"east": {"uv": [2, 11, 16, 16], "texture": "#0"},
				"south": {"uv": [2, 11, 16, 16], "texture": "#0"},
				"west": {"uv": [2, 11, 16, 16], "texture": "#0"},
				"up": {"uv": [2, 11, 16, 16], "texture": "#0"},
				"down": {"uv": [2, 11, 16, 16], "texture": "#0"}
			}
		},
		{
			"name": "bass 2",
			"from": [6.5, 20.5, 6.5],
			"to": [9.5, 22.5, 9.5],
			"rotation": {"angle": 0, "axis": "y", "origin": [15.5, 15.5, 15.5]},
			"faces": {
				"north": {"uv": [2, 11, 16, 16], "texture": "#0"},
				"east": {"uv": [2, 11, 16, 16], "texture": "#0"},
				"south": {"uv": [2, 11, 16, 16], "texture": "#0"},
				"west": {"uv": [2, 11, 16, 16], "texture": "#0"},
				"up": {"uv": [2, 11, 16, 16], "texture": "#0"},
				"down": {"uv": [2, 11, 16, 16], "texture": "#0"}
			}
		},
		{
			"name": "bass 5",
			"from": [6.21844, 19.81941, 6.5],
			"to": [9.75396, 20.52077, 9.49093],
			"rotation": {"angle": -45, "axis": "z", "origin": [9.60191, 20.81696, 8.02042]},
			"faces": {
				"north": {"uv": [2, 11, 16, 16], "texture": "#0"},
				"east": {"uv": [2, 11, 16, 16], "texture": "#0"},
				"south": {"uv": [2, 11, 16, 16], "texture": "#0"},
				"west": {"uv": [2, 11, 16, 16], "texture": "#0"},
				"up": {"uv": [2, 11, 16, 16], "texture": "#0"},
				"down": {"uv": [2, 11, 16, 16], "texture": "#0"}
			}
		},
		{
			"name": "bass 6",
			"from": [6.19898, 22.51609, 6.50001],
			"to": [9.73459, 23.22621, 9.49894],
			"rotation": {"angle": 45, "axis": "z", "origin": [9.6367, 22.22497, 8.02843]},
			"faces": {
				"north": {"uv": [2, 11, 16, 16], "texture": "#0"},
				"east": {"uv": [2, 11, 16, 16], "texture": "#0"},
				"south": {"uv": [2, 11, 16, 16], "texture": "#0"},
				"west": {"uv": [2, 11, 16, 16], "texture": "#0"},
				"up": {"uv": [2, 11, 16, 16], "texture": "#0"},
				"down": {"uv": [2, 11, 16, 16], "texture": "#0"}
			}
		},
		{
			"name": "bass 3",
			"from": [8.19051, 19.91064, 3.75],
			"to": [9.60472, 22.73907, 6.50008],
			"rotation": {"angle": -45, "axis": "z", "origin": [8.66023, 22.49594, 5.02414]},
			"faces": {
				"north": {"uv": [2, 11, 16, 16], "texture": "#0"},
				"east": {"uv": [2, 11, 16, 16], "texture": "#0"},
				"south": {"uv": [2, 11, 16, 16], "texture": "#0"},
				"west": {"uv": [2, 11, 16, 16], "texture": "#0"},
				"up": {"uv": [2, 11, 16, 16], "texture": "#0"},
				"down": {"uv": [2, 11, 16, 16], "texture": "#0"}
			}
		},
		{
			"name": "bass 2",
			"from": [7.5, 20, 3.75],
			"to": [8.5, 23, 6.5],
			"rotation": {"angle": 0, "axis": "y", "origin": [15.5, 15.5, 15.5]},
			"faces": {
				"north": {"uv": [2, 11, 16, 16], "texture": "#0"},
				"east": {"uv": [2, 11, 16, 16], "texture": "#0"},
				"south": {"uv": [2, 11, 16, 16], "texture": "#0"},
				"west": {"uv": [2, 11, 16, 16], "texture": "#0"},
				"up": {"uv": [2, 11, 16, 16], "texture": "#0"},
				"down": {"uv": [2, 11, 16, 16], "texture": "#0"}
			}
		},
		{
			"name": "bass 3",
			"from": [6.5, 21, 3.75],
			"to": [9.5, 22, 6.5],
			"rotation": {"angle": 0, "axis": "y", "origin": [15.5, 15.5, 15.5]},
			"faces": {
				"north": {"uv": [2, 11, 16, 16], "texture": "#0"},
				"east": {"uv": [2, 11, 16, 16], "texture": "#0"},
				"south": {"uv": [2, 11, 16, 16], "texture": "#0"},
				"west": {"uv": [2, 11, 16, 16], "texture": "#0"},
				"up": {"uv": [2, 11, 16, 16], "texture": "#0"},
				"down": {"uv": [2, 11, 16, 16], "texture": "#0"}
			}
		},
		{
			"name": "bass 5",
			"from": [6.56301, 20.7892, 3.75],
			"to": [9.39145, 22.20271, 6.49999],
			"rotation": {"angle": -45, "axis": "z", "origin": [7.99392, 21.4703, 5.02356]},
			"faces": {
				"north": {"uv": [2, 11, 16, 16], "texture": "#0"},
				"east": {"uv": [2, 11, 16, 16], "texture": "#0"},
				"south": {"uv": [2, 11, 16, 16], "texture": "#0"},
				"west": {"uv": [2, 11, 16, 16], "texture": "#0"},
				"up": {"uv": [2, 11, 16, 16], "texture": "#0"},
				"down": {"uv": [2, 11, 16, 16], "texture": "#0"}
			}
		},
		{
			"name": "bass 4",
			"from": [8.19051, 19.91064, 9.49999],
			"to": [9.60472, 22.73907, 12.25],
			"rotation": {"angle": -45, "axis": "z", "origin": [8.66023, 22.49594, 11.02414]},
			"faces": {
				"north": {"uv": [2, 11, 16, 16], "texture": "#0"},
				"east": {"uv": [2, 11, 16, 16], "texture": "#0"},
				"south": {"uv": [2, 11, 16, 16], "texture": "#0"},
				"west": {"uv": [2, 11, 16, 16], "texture": "#0"},
				"up": {"uv": [2, 11, 16, 16], "texture": "#0"},
				"down": {"uv": [2, 11, 16, 16], "texture": "#0"}
			}
		},
		{
			"name": "bass 3",
			"from": [7.5, 20, 9.5],
			"to": [8.5, 23, 12.25],
			"rotation": {"angle": 0, "axis": "y", "origin": [15.5, 15.5, 21.5]},
			"faces": {
				"north": {"uv": [2, 11, 16, 16], "texture": "#0"},
				"east": {"uv": [2, 11, 16, 16], "texture": "#0"},
				"south": {"uv": [2, 11, 16, 16], "texture": "#0"},
				"west": {"uv": [2, 11, 16, 16], "texture": "#0"},
				"up": {"uv": [2, 11, 16, 16], "texture": "#0"},
				"down": {"uv": [2, 11, 16, 16], "texture": "#0"}
			}
		},
		{
			"name": "bass 4",
			"from": [6.5, 21, 9.5],
			"to": [9.5, 22, 12.25],
			"rotation": {"angle": 0, "axis": "y", "origin": [15.5, 15.5, 21.5]},
			"faces": {
				"north": {"uv": [2, 11, 16, 16], "texture": "#0"},
				"east": {"uv": [2, 11, 16, 16], "texture": "#0"},
				"south": {"uv": [2, 11, 16, 16], "texture": "#0"},
				"west": {"uv": [2, 11, 16, 16], "texture": "#0"},
				"up": {"uv": [2, 11, 16, 16], "texture": "#0"},
				"down": {"uv": [2, 11, 16, 16], "texture": "#0"}
			}
		},
		{
			"name": "bass 6",
			"from": [6.563, 20.7892, 9.5],
			"to": [9.39145, 22.20277, 12.24999],
			"rotation": {"angle": -45, "axis": "z", "origin": [7.99392, 21.4703, 11.02356]},
			"faces": {
				"north": {"uv": [2, 11, 16, 16], "texture": "#0"},
				"east": {"uv": [2, 11, 16, 16], "texture": "#0"},
				"south": {"uv": [2, 11, 16, 16], "texture": "#0"},
				"west": {"uv": [2, 11, 16, 16], "texture": "#0"},
				"up": {"uv": [2, 11, 16, 16], "texture": "#0"},
				"down": {"uv": [2, 11, 16, 16], "texture": "#0"}
			}
		},
		{
			"name": "bass 1",
			"from": [7.51072, 24.40117, 4.75],
			"to": [8.76072, 24.65117, 5],
			"rotation": {"angle": 0, "axis": "z", "origin": [7.78972, 23.15117, 5]},
			"faces": {
				"north": {"uv": [5, 8, 8, 11], "texture": "#0"},
				"east": {"uv": [5, 8, 8, 11], "texture": "#0"},
				"south": {"uv": [5, 8, 8, 11], "texture": "#0"},
				"west": {"uv": [5, 8, 8, 11], "texture": "#0"},
				"up": {"uv": [5, 8, 8, 11], "texture": "#0"},
				"down": {"uv": [5, 8, 8, 11], "texture": "#0"}
			}
		},
		{
			"name": "bass 2",
			"from": [7.51072, 24.95917, 5.022],
			"to": [8.76072, 25.20917, 5.272],
			"rotation": {"angle": 0, "axis": "z", "origin": [7.78972, 23.70917, 5.272]},
			"faces": {
				"north": {"uv": [5, 8, 8, 11], "texture": "#0"},
				"east": {"uv": [5, 8, 8, 11], "texture": "#0"},
				"south": {"uv": [5, 8, 8, 11], "texture": "#0"},
				"west": {"uv": [5, 8, 8, 11], "texture": "#0"},
				"up": {"uv": [5, 8, 8, 11], "texture": "#0"},
				"down": {"uv": [5, 8, 8, 11], "texture": "#0"}
			}
		},
		{
			"name": "bass 3",
			"from": [7.51072, 23.67917, 5.086],
			"to": [8.76072, 23.92917, 5.336],
			"rotation": {"angle": 0, "axis": "z", "origin": [7.78972, 22.42917, 5.336]},
			"faces": {
				"north": {"uv": [5, 8, 8, 11], "texture": "#0"},
				"east": {"uv": [5, 8, 8, 11], "texture": "#0"},
				"south": {"uv": [5, 8, 8, 11], "texture": "#0"},
				"west": {"uv": [5, 8, 8, 11], "texture": "#0"},
				"up": {"uv": [5, 8, 8, 11], "texture": "#0"},
				"down": {"uv": [5, 8, 8, 11], "texture": "#0"}
			}
		},
		{
			"name": "bass 2",
			"from": [8.49472, 24.36917, 4.734],
			"to": [8.58472, 24.68317, 5.032],
			"rotation": {"angle": 0, "axis": "z", "origin": [7.78972, 23.15117, 5]},
			"faces": {
				"north": {"uv": [5, 8, 8, 11], "texture": "#0"},
				"east": {"uv": [5, 8, 8, 11], "texture": "#0"},
				"south": {"uv": [5, 8, 8, 11], "texture": "#0"},
				"west": {"uv": [5, 8, 8, 11], "texture": "#0"},
				"up": {"uv": [5, 8, 8, 11], "texture": "#0"},
				"down": {"uv": [5, 8, 8, 11], "texture": "#0"}
			}
		},
		{
			"name": "bass 3",
			"from": [8.49472, 24.92717, 5.006],
			"to": [8.58472, 25.24117, 5.304],
			"rotation": {"angle": 0, "axis": "z", "origin": [7.78972, 23.70917, 5.272]},
			"faces": {
				"north": {"uv": [5, 8, 8, 11], "texture": "#0"},
				"east": {"uv": [5, 8, 8, 11], "texture": "#0"},
				"south": {"uv": [5, 8, 8, 11], "texture": "#0"},
				"west": {"uv": [5, 8, 8, 11], "texture": "#0"},
				"up": {"uv": [5, 8, 8, 11], "texture": "#0"},
				"down": {"uv": [5, 8, 8, 11], "texture": "#0"}
			}
		},
		{
			"name": "bass 4",
			"from": [8.49472, 23.64717, 5.07],
			"to": [8.58472, 23.96117, 5.368],
			"rotation": {"angle": 0, "axis": "z", "origin": [7.78972, 22.42917, 5.336]},
			"faces": {
				"north": {"uv": [5, 8, 8, 11], "texture": "#0"},
				"east": {"uv": [5, 8, 8, 11], "texture": "#0"},
				"south": {"uv": [5, 8, 8, 11], "texture": "#0"},
				"west": {"uv": [5, 8, 8, 11], "texture": "#0"},
				"up": {"uv": [5, 8, 8, 11], "texture": "#0"},
				"down": {"uv": [5, 8, 8, 11], "texture": "#0"}
			}
		},
		{
			"name": "bass 2",
			"from": [7.42072, 24.33717, 4.686],
			"to": [7.51072, 24.71517, 5.048],
			"rotation": {"angle": 0, "axis": "z", "origin": [7.78972, 23.15117, 5]},
			"faces": {
				"north": {"uv": [5, 8, 8, 11], "texture": "#0"},
				"east": {"uv": [5, 8, 8, 11], "texture": "#0"},
				"south": {"uv": [5, 8, 8, 11], "texture": "#0"},
				"west": {"uv": [5, 8, 8, 11], "texture": "#0"},
				"up": {"uv": [5, 8, 8, 11], "texture": "#0"},
				"down": {"uv": [5, 8, 8, 11], "texture": "#0"}
			}
		},
		{
			"name": "bass 3",
			"from": [7.42072, 24.89517, 4.958],
			"to": [7.51072, 25.27317, 5.32],
			"rotation": {"angle": 0, "axis": "z", "origin": [7.78972, 23.70917, 5.272]},
			"faces": {
				"north": {"uv": [5, 8, 8, 11], "texture": "#0"},
				"east": {"uv": [5, 8, 8, 11], "texture": "#0"},
				"south": {"uv": [5, 8, 8, 11], "texture": "#0"},
				"west": {"uv": [5, 8, 8, 11], "texture": "#0"},
				"up": {"uv": [5, 8, 8, 11], "texture": "#0"},
				"down": {"uv": [5, 8, 8, 11], "texture": "#0"}
			}
		},
		{
			"name": "bass 4",
			"from": [7.42072, 23.61517, 5.022],
			"to": [7.51072, 23.99317, 5.384],
			"rotation": {"angle": 0, "axis": "z", "origin": [7.78972, 22.42917, 5.336]},
			"faces": {
				"north": {"uv": [5, 8, 8, 11], "texture": "#0"},
				"east": {"uv": [5, 8, 8, 11], "texture": "#0"},
				"south": {"uv": [5, 8, 8, 11], "texture": "#0"},
				"west": {"uv": [5, 8, 8, 11], "texture": "#0"},
				"up": {"uv": [5, 8, 8, 11], "texture": "#0"},
				"down": {"uv": [5, 8, 8, 11], "texture": "#0"}
			}
		},
		{
			"name": "bass 2",
			"from": [7.23928, 24.21184, 5.13933],
			"to": [8.48928, 24.46184, 5.38933],
			"rotation": {"angle": 0, "axis": "z", "origin": [7.95294, 24.3915, 5.06167]},
			"faces": {
				"north": {"uv": [5, 8, 8, 11], "rotation": 180, "texture": "#0"},
				"east": {"uv": [5, 8, 8, 11], "rotation": 180, "texture": "#0"},
				"south": {"uv": [5, 8, 8, 11], "rotation": 180, "texture": "#0"},
				"west": {"uv": [5, 8, 8, 11], "rotation": 180, "texture": "#0"},
				"up": {"uv": [5, 8, 8, 11], "rotation": 180, "texture": "#0"},
				"down": {"uv": [5, 8, 8, 11], "rotation": 180, "texture": "#0"}
			}
		},
		{
			"name": "bass 3",
			"from": [7.23928, 23.82984, 4.64333],
			"to": [8.48928, 24.07984, 4.89333],
			"rotation": {"angle": 0, "axis": "z", "origin": [7.95294, 24.5675, 4.83767]},
			"faces": {
				"north": {"uv": [5, 8, 8, 11], "rotation": 180, "texture": "#0"},
				"east": {"uv": [5, 8, 8, 11], "rotation": 180, "texture": "#0"},
				"south": {"uv": [5, 8, 8, 11], "rotation": 180, "texture": "#0"},
				"west": {"uv": [5, 8, 8, 11], "rotation": 180, "texture": "#0"},
				"up": {"uv": [5, 8, 8, 11], "rotation": 180, "texture": "#0"},
				"down": {"uv": [5, 8, 8, 11], "rotation": 180, "texture": "#0"}
			}
		},
		{
			"name": "bass 4",
			"from": [7.23928, 25.01384, 4.61133],
			"to": [8.48928, 25.26384, 4.86133],
			"rotation": {"angle": 0, "axis": "z", "origin": [7.95294, 24.4715, 4.86967]},
			"faces": {
				"north": {"uv": [5, 8, 8, 11], "rotation": 180, "texture": "#0"},
				"east": {"uv": [5, 8, 8, 11], "rotation": 180, "texture": "#0"},
				"south": {"uv": [5, 8, 8, 11], "rotation": 180, "texture": "#0"},
				"west": {"uv": [5, 8, 8, 11], "rotation": 180, "texture": "#0"},
				"up": {"uv": [5, 8, 8, 11], "rotation": 180, "texture": "#0"},
				"down": {"uv": [5, 8, 8, 11], "rotation": 180, "texture": "#0"}
			}
		},
		{
			"name": "bass 3",
			"from": [7.41528, 24.17984, 5.10733],
			"to": [7.50528, 24.49384, 5.40533],
			"rotation": {"angle": 0, "axis": "z", "origin": [7.95294, 24.3915, 5.06167]},
			"faces": {
				"north": {"uv": [5, 8, 8, 11], "rotation": 180, "texture": "#0"},
				"east": {"uv": [5, 8, 8, 11], "rotation": 180, "texture": "#0"},
				"south": {"uv": [5, 8, 8, 11], "rotation": 180, "texture": "#0"},
				"west": {"uv": [5, 8, 8, 11], "rotation": 180, "texture": "#0"},
				"up": {"uv": [5, 8, 8, 11], "rotation": 180, "texture": "#0"},
				"down": {"uv": [5, 8, 8, 11], "rotation": 180, "texture": "#0"}
			}
		},
		{
			"name": "bass 4",
			"from": [7.41528, 23.79784, 4.61133],
			"to": [7.50528, 24.11184, 4.90933],
			"rotation": {"angle": 0, "axis": "z", "origin": [7.95294, 24.5675, 4.83767]},
			"faces": {
				"north": {"uv": [5, 8, 8, 11], "rotation": 180, "texture": "#0"},
				"east": {"uv": [5, 8, 8, 11], "rotation": 180, "texture": "#0"},
				"south": {"uv": [5, 8, 8, 11], "rotation": 180, "texture": "#0"},
				"west": {"uv": [5, 8, 8, 11], "rotation": 180, "texture": "#0"},
				"up": {"uv": [5, 8, 8, 11], "rotation": 180, "texture": "#0"},
				"down": {"uv": [5, 8, 8, 11], "rotation": 180, "texture": "#0"}
			}
		},
		{
			"name": "bass 5",
			"from": [7.41528, 24.98184, 4.57933],
			"to": [7.50528, 25.29584, 4.87733],
			"rotation": {"angle": 0, "axis": "z", "origin": [7.95294, 24.4715, 4.86967]},
			"faces": {
				"north": {"uv": [5, 8, 8, 11], "rotation": 180, "texture": "#0"},
				"east": {"uv": [5, 8, 8, 11], "rotation": 180, "texture": "#0"},
				"south": {"uv": [5, 8, 8, 11], "rotation": 180, "texture": "#0"},
				"west": {"uv": [5, 8, 8, 11], "rotation": 180, "texture": "#0"},
				"up": {"uv": [5, 8, 8, 11], "rotation": 180, "texture": "#0"},
				"down": {"uv": [5, 8, 8, 11], "rotation": 180, "texture": "#0"}
			}
		},
		{
			"name": "bass 3",
			"from": [8.48928, 24.14784, 5.09133],
			"to": [8.57928, 24.52584, 5.45333],
			"rotation": {"angle": 0, "axis": "z", "origin": [7.95294, 24.3915, 5.06167]},
			"faces": {
				"north": {"uv": [5, 8, 8, 11], "rotation": 180, "texture": "#0"},
				"east": {"uv": [5, 8, 8, 11], "rotation": 180, "texture": "#0"},
				"south": {"uv": [5, 8, 8, 11], "rotation": 180, "texture": "#0"},
				"west": {"uv": [5, 8, 8, 11], "rotation": 180, "texture": "#0"},
				"up": {"uv": [5, 8, 8, 11], "rotation": 180, "texture": "#0"},
				"down": {"uv": [5, 8, 8, 11], "rotation": 180, "texture": "#0"}
			}
		},
		{
			"name": "bass 4",
			"from": [8.48928, 23.76584, 4.59533],
			"to": [8.57928, 24.14384, 4.95733],
			"rotation": {"angle": 0, "axis": "z", "origin": [7.95294, 24.5675, 4.83767]},
			"faces": {
				"north": {"uv": [5, 8, 8, 11], "rotation": 180, "texture": "#0"},
				"east": {"uv": [5, 8, 8, 11], "rotation": 180, "texture": "#0"},
				"south": {"uv": [5, 8, 8, 11], "rotation": 180, "texture": "#0"},
				"west": {"uv": [5, 8, 8, 11], "rotation": 180, "texture": "#0"},
				"up": {"uv": [5, 8, 8, 11], "rotation": 180, "texture": "#0"},
				"down": {"uv": [5, 8, 8, 11], "rotation": 180, "texture": "#0"}
			}
		},
		{
			"name": "bass 5",
			"from": [8.48928, 24.94984, 4.56333],
			"to": [8.57928, 25.32784, 4.92533],
			"rotation": {"angle": 0, "axis": "z", "origin": [7.95294, 24.4715, 4.86967]},
			"faces": {
				"north": {"uv": [5, 8, 8, 11], "rotation": 180, "texture": "#0"},
				"east": {"uv": [5, 8, 8, 11], "rotation": 180, "texture": "#0"},
				"south": {"uv": [5, 8, 8, 11], "rotation": 180, "texture": "#0"},
				"west": {"uv": [5, 8, 8, 11], "rotation": 180, "texture": "#0"},
				"up": {"uv": [5, 8, 8, 11], "rotation": 180, "texture": "#0"},
				"down": {"uv": [5, 8, 8, 11], "rotation": 180, "texture": "#0"}
			}
		},
		{
			"name": "bass 2",
			"from": [7.51072, 18.34883, 4.75],
			"to": [8.76072, 18.59883, 5],
			"rotation": {"angle": 0, "axis": "z", "origin": [7.78972, 19.84883, 5]},
			"faces": {
				"north": {"uv": [5, 8, 8, 11], "texture": "#0"},
				"east": {"uv": [5, 8, 8, 11], "texture": "#0"},
				"south": {"uv": [5, 8, 8, 11], "texture": "#0"},
				"west": {"uv": [5, 8, 8, 11], "texture": "#0"},
				"up": {"uv": [5, 8, 8, 11], "texture": "#0"},
				"down": {"uv": [5, 8, 8, 11], "texture": "#0"}
			}
		},
		{
			"name": "bass 3",
			"from": [7.51072, 17.79083, 5.022],
			"to": [8.76072, 18.04083, 5.272],
			"rotation": {"angle": 0, "axis": "z", "origin": [7.78972, 19.29083, 5.272]},
			"faces": {
				"north": {"uv": [5, 8, 8, 11], "texture": "#0"},
				"east": {"uv": [5, 8, 8, 11], "texture": "#0"},
				"south": {"uv": [5, 8, 8, 11], "texture": "#0"},
				"west": {"uv": [5, 8, 8, 11], "texture": "#0"},
				"up": {"uv": [5, 8, 8, 11], "texture": "#0"},
				"down": {"uv": [5, 8, 8, 11], "texture": "#0"}
			}
		},
		{
			"name": "bass 4",
			"from": [7.51072, 19.07083, 5.086],
			"to": [8.76072, 19.32083, 5.336],
			"rotation": {"angle": 0, "axis": "z", "origin": [7.78972, 20.57083, 5.336]},
			"faces": {
				"north": {"uv": [5, 8, 8, 11], "texture": "#0"},
				"east": {"uv": [5, 8, 8, 11], "texture": "#0"},
				"south": {"uv": [5, 8, 8, 11], "texture": "#0"},
				"west": {"uv": [5, 8, 8, 11], "texture": "#0"},
				"up": {"uv": [5, 8, 8, 11], "texture": "#0"},
				"down": {"uv": [5, 8, 8, 11], "texture": "#0"}
			}
		},
		{
			"name": "bass 3",
			"from": [8.49472, 18.31683, 4.734],
			"to": [8.58472, 18.63083, 5.032],
			"rotation": {"angle": 0, "axis": "z", "origin": [7.78972, 19.84883, 5]},
			"faces": {
				"north": {"uv": [5, 8, 8, 11], "texture": "#0"},
				"east": {"uv": [5, 8, 8, 11], "texture": "#0"},
				"south": {"uv": [5, 8, 8, 11], "texture": "#0"},
				"west": {"uv": [5, 8, 8, 11], "texture": "#0"},
				"up": {"uv": [5, 8, 8, 11], "texture": "#0"},
				"down": {"uv": [5, 8, 8, 11], "texture": "#0"}
			}
		},
		{
			"name": "bass 4",
			"from": [8.49472, 17.75883, 5.006],
			"to": [8.58472, 18.07283, 5.304],
			"rotation": {"angle": 0, "axis": "z", "origin": [7.78972, 19.29083, 5.272]},
			"faces": {
				"north": {"uv": [5, 8, 8, 11], "texture": "#0"},
				"east": {"uv": [5, 8, 8, 11], "texture": "#0"},
				"south": {"uv": [5, 8, 8, 11], "texture": "#0"},
				"west": {"uv": [5, 8, 8, 11], "texture": "#0"},
				"up": {"uv": [5, 8, 8, 11], "texture": "#0"},
				"down": {"uv": [5, 8, 8, 11], "texture": "#0"}
			}
		},
		{
			"name": "bass 5",
			"from": [8.49472, 19.03883, 5.07],
			"to": [8.58472, 19.35283, 5.368],
			"rotation": {"angle": 0, "axis": "z", "origin": [7.78972, 20.57083, 5.336]},
			"faces": {
				"north": {"uv": [5, 8, 8, 11], "texture": "#0"},
				"east": {"uv": [5, 8, 8, 11], "texture": "#0"},
				"south": {"uv": [5, 8, 8, 11], "texture": "#0"},
				"west": {"uv": [5, 8, 8, 11], "texture": "#0"},
				"up": {"uv": [5, 8, 8, 11], "texture": "#0"},
				"down": {"uv": [5, 8, 8, 11], "texture": "#0"}
			}
		},
		{
			"name": "bass 3",
			"from": [7.42072, 18.28483, 4.686],
			"to": [7.51072, 18.66283, 5.048],
			"rotation": {"angle": 0, "axis": "z", "origin": [7.78972, 19.84883, 5]},
			"faces": {
				"north": {"uv": [5, 8, 8, 11], "texture": "#0"},
				"east": {"uv": [5, 8, 8, 11], "texture": "#0"},
				"south": {"uv": [5, 8, 8, 11], "texture": "#0"},
				"west": {"uv": [5, 8, 8, 11], "texture": "#0"},
				"up": {"uv": [5, 8, 8, 11], "texture": "#0"},
				"down": {"uv": [5, 8, 8, 11], "texture": "#0"}
			}
		},
		{
			"name": "bass 4",
			"from": [7.42072, 17.72683, 4.958],
			"to": [7.51072, 18.10483, 5.32],
			"rotation": {"angle": 0, "axis": "z", "origin": [7.78972, 19.29083, 5.272]},
			"faces": {
				"north": {"uv": [5, 8, 8, 11], "texture": "#0"},
				"east": {"uv": [5, 8, 8, 11], "texture": "#0"},
				"south": {"uv": [5, 8, 8, 11], "texture": "#0"},
				"west": {"uv": [5, 8, 8, 11], "texture": "#0"},
				"up": {"uv": [5, 8, 8, 11], "texture": "#0"},
				"down": {"uv": [5, 8, 8, 11], "texture": "#0"}
			}
		},
		{
			"name": "bass 5",
			"from": [7.42072, 19.00683, 5.022],
			"to": [7.51072, 19.38483, 5.384],
			"rotation": {"angle": 0, "axis": "z", "origin": [7.78972, 20.57083, 5.336]},
			"faces": {
				"north": {"uv": [5, 8, 8, 11], "texture": "#0"},
				"east": {"uv": [5, 8, 8, 11], "texture": "#0"},
				"south": {"uv": [5, 8, 8, 11], "texture": "#0"},
				"west": {"uv": [5, 8, 8, 11], "texture": "#0"},
				"up": {"uv": [5, 8, 8, 11], "texture": "#0"},
				"down": {"uv": [5, 8, 8, 11], "texture": "#0"}
			}
		},
		{
			"name": "bass 3",
			"from": [7.23928, 18.53816, 5.13933],
			"to": [8.48928, 18.78816, 5.38933],
			"rotation": {"angle": 0, "axis": "z", "origin": [7.95294, 18.6085, 5.06167]},
			"faces": {
				"north": {"uv": [5, 8, 8, 11], "rotation": 180, "texture": "#0"},
				"east": {"uv": [5, 8, 8, 11], "rotation": 180, "texture": "#0"},
				"south": {"uv": [5, 8, 8, 11], "rotation": 180, "texture": "#0"},
				"west": {"uv": [5, 8, 8, 11], "rotation": 180, "texture": "#0"},
				"up": {"uv": [5, 8, 8, 11], "rotation": 180, "texture": "#0"},
				"down": {"uv": [5, 8, 8, 11], "rotation": 180, "texture": "#0"}
			}
		},
		{
			"name": "bass 4",
			"from": [7.23928, 18.92016, 4.64333],
			"to": [8.48928, 19.17016, 4.89333],
			"rotation": {"angle": 0, "axis": "z", "origin": [7.95294, 18.4325, 4.83767]},
			"faces": {
				"north": {"uv": [5, 8, 8, 11], "rotation": 180, "texture": "#0"},
				"east": {"uv": [5, 8, 8, 11], "rotation": 180, "texture": "#0"},
				"south": {"uv": [5, 8, 8, 11], "rotation": 180, "texture": "#0"},
				"west": {"uv": [5, 8, 8, 11], "rotation": 180, "texture": "#0"},
				"up": {"uv": [5, 8, 8, 11], "rotation": 180, "texture": "#0"},
				"down": {"uv": [5, 8, 8, 11], "rotation": 180, "texture": "#0"}
			}
		},
		{
			"name": "bass 5",
			"from": [7.23928, 17.73616, 4.61133],
			"to": [8.48928, 17.98616, 4.86133],
			"rotation": {"angle": 0, "axis": "z", "origin": [7.95294, 18.5285, 4.86967]},
			"faces": {
				"north": {"uv": [5, 8, 8, 11], "rotation": 180, "texture": "#0"},
				"east": {"uv": [5, 8, 8, 11], "rotation": 180, "texture": "#0"},
				"south": {"uv": [5, 8, 8, 11], "rotation": 180, "texture": "#0"},
				"west": {"uv": [5, 8, 8, 11], "rotation": 180, "texture": "#0"},
				"up": {"uv": [5, 8, 8, 11], "rotation": 180, "texture": "#0"},
				"down": {"uv": [5, 8, 8, 11], "rotation": 180, "texture": "#0"}
			}
		},
		{
			"name": "bass 4",
			"from": [7.41528, 18.50616, 5.10733],
			"to": [7.50528, 18.82016, 5.40533],
			"rotation": {"angle": 0, "axis": "z", "origin": [7.95294, 18.6085, 5.06167]},
			"faces": {
				"north": {"uv": [5, 8, 8, 11], "rotation": 180, "texture": "#0"},
				"east": {"uv": [5, 8, 8, 11], "rotation": 180, "texture": "#0"},
				"south": {"uv": [5, 8, 8, 11], "rotation": 180, "texture": "#0"},
				"west": {"uv": [5, 8, 8, 11], "rotation": 180, "texture": "#0"},
				"up": {"uv": [5, 8, 8, 11], "rotation": 180, "texture": "#0"},
				"down": {"uv": [5, 8, 8, 11], "rotation": 180, "texture": "#0"}
			}
		},
		{
			"name": "bass 5",
			"from": [7.41528, 18.88816, 4.61133],
			"to": [7.50528, 19.20216, 4.90933],
			"rotation": {"angle": 0, "axis": "z", "origin": [7.95294, 18.4325, 4.83767]},
			"faces": {
				"north": {"uv": [5, 8, 8, 11], "rotation": 180, "texture": "#0"},
				"east": {"uv": [5, 8, 8, 11], "rotation": 180, "texture": "#0"},
				"south": {"uv": [5, 8, 8, 11], "rotation": 180, "texture": "#0"},
				"west": {"uv": [5, 8, 8, 11], "rotation": 180, "texture": "#0"},
				"up": {"uv": [5, 8, 8, 11], "rotation": 180, "texture": "#0"},
				"down": {"uv": [5, 8, 8, 11], "rotation": 180, "texture": "#0"}
			}
		},
		{
			"name": "bass 6",
			"from": [7.41528, 17.70416, 4.57933],
			"to": [7.50528, 18.01816, 4.87733],
			"rotation": {"angle": 0, "axis": "z", "origin": [7.95294, 18.5285, 4.86967]},
			"faces": {
				"north": {"uv": [5, 8, 8, 11], "rotation": 180, "texture": "#0"},
				"east": {"uv": [5, 8, 8, 11], "rotation": 180, "texture": "#0"},
				"south": {"uv": [5, 8, 8, 11], "rotation": 180, "texture": "#0"},
				"west": {"uv": [5, 8, 8, 11], "rotation": 180, "texture": "#0"},
				"up": {"uv": [5, 8, 8, 11], "rotation": 180, "texture": "#0"},
				"down": {"uv": [5, 8, 8, 11], "rotation": 180, "texture": "#0"}
			}
		},
		{
			"name": "bass 4",
			"from": [8.48928, 18.47416, 5.09133],
			"to": [8.57928, 18.85216, 5.45333],
			"rotation": {"angle": 0, "axis": "z", "origin": [7.95294, 18.6085, 5.06167]},
			"faces": {
				"north": {"uv": [5, 8, 8, 11], "rotation": 180, "texture": "#0"},
				"east": {"uv": [5, 8, 8, 11], "rotation": 180, "texture": "#0"},
				"south": {"uv": [5, 8, 8, 11], "rotation": 180, "texture": "#0"},
				"west": {"uv": [5, 8, 8, 11], "rotation": 180, "texture": "#0"},
				"up": {"uv": [5, 8, 8, 11], "rotation": 180, "texture": "#0"},
				"down": {"uv": [5, 8, 8, 11], "rotation": 180, "texture": "#0"}
			}
		},
		{
			"name": "bass 5",
			"from": [8.48928, 18.85616, 4.59533],
			"to": [8.57928, 19.23416, 4.95733],
			"rotation": {"angle": 0, "axis": "z", "origin": [7.95294, 18.4325, 4.83767]},
			"faces": {
				"north": {"uv": [5, 8, 8, 11], "rotation": 180, "texture": "#0"},
				"east": {"uv": [5, 8, 8, 11], "rotation": 180, "texture": "#0"},
				"south": {"uv": [5, 8, 8, 11], "rotation": 180, "texture": "#0"},
				"west": {"uv": [5, 8, 8, 11], "rotation": 180, "texture": "#0"},
				"up": {"uv": [5, 8, 8, 11], "rotation": 180, "texture": "#0"},
				"down": {"uv": [5, 8, 8, 11], "rotation": 180, "texture": "#0"}
			}
		},
		{
			"name": "bass 6",
			"from": [8.48928, 17.67216, 4.56333],
			"to": [8.57928, 18.05016, 4.92533],
			"rotation": {"angle": 0, "axis": "z", "origin": [7.95294, 18.5285, 4.86967]},
			"faces": {
				"north": {"uv": [5, 8, 8, 11], "rotation": 180, "texture": "#0"},
				"east": {"uv": [5, 8, 8, 11], "rotation": 180, "texture": "#0"},
				"south": {"uv": [5, 8, 8, 11], "rotation": 180, "texture": "#0"},
				"west": {"uv": [5, 8, 8, 11], "rotation": 180, "texture": "#0"},
				"up": {"uv": [5, 8, 8, 11], "rotation": 180, "texture": "#0"},
				"down": {"uv": [5, 8, 8, 11], "rotation": 180, "texture": "#0"}
			}
		},
		{
			"name": "bass 1",
			"from": [6.25, 20.75, 4.5],
			"to": [6.5, 22.25, 5.5],
			"rotation": {"angle": 0, "axis": "y", "origin": [15.5, 15.5, 15.5]},
			"faces": {
				"north": {"uv": [2, 5, 5, 8], "texture": "#0"},
				"east": {"uv": [2, 5, 5, 8], "texture": "#0"},
				"south": {"uv": [2, 5, 5, 8], "texture": "#0"},
				"west": {"uv": [2, 5, 5, 8], "texture": "#0"},
				"up": {"uv": [2, 5, 5, 8], "texture": "#0"},
				"down": {"uv": [2, 5, 5, 8], "texture": "#0"}
			}
		},
		{
			"name": "bass 2",
			"from": [9.5, 20.75, 4.5],
			"to": [9.75, 22.25, 5.5],
			"rotation": {"angle": 0, "axis": "y", "origin": [0.5, 15.5, 15.5]},
			"faces": {
				"north": {"uv": [2, 5, 5, 8], "texture": "#0"},
				"east": {"uv": [2, 5, 5, 8], "texture": "#0"},
				"south": {"uv": [2, 5, 5, 8], "texture": "#0"},
				"west": {"uv": [2, 5, 5, 8], "texture": "#0"},
				"up": {"uv": [2, 5, 5, 8], "texture": "#0"},
				"down": {"uv": [2, 5, 5, 8], "texture": "#0"}
			}
		},
		{
			"name": "bass 2",
			"from": [6.74372, 21.94194, 4.5],
			"to": [6.99372, 23.81994, 5.5],
			"rotation": {"angle": -45, "axis": "z", "origin": [6.86872, 22.69194, 5]},
			"faces": {
				"north": {"uv": [2, 5, 5, 8], "texture": "#0"},
				"east": {"uv": [2, 5, 5, 8], "texture": "#0"},
				"south": {"uv": [2, 5, 5, 8], "texture": "#0"},
				"west": {"uv": [2, 5, 5, 8], "texture": "#0"},
				"up": {"uv": [2, 5, 5, 8], "texture": "#0"},
				"down": {"uv": [2, 5, 5, 8], "texture": "#0"}
			}
		},
		{
			"name": "bass 3",
			"from": [9.00628, 21.94194, 4.5],
			"to": [9.25628, 23.81994, 5.5],
			"rotation": {"angle": 45, "axis": "z", "origin": [9.13128, 22.69194, 5]},
			"faces": {
				"north": {"uv": [2, 5, 5, 8], "texture": "#0"},
				"east": {"uv": [2, 5, 5, 8], "texture": "#0"},
				"south": {"uv": [2, 5, 5, 8], "texture": "#0"},
				"west": {"uv": [2, 5, 5, 8], "texture": "#0"},
				"up": {"uv": [2, 5, 5, 8], "texture": "#0"},
				"down": {"uv": [2, 5, 5, 8], "texture": "#0"}
			}
		},
		{
			"name": "bass 3",
			"from": [7.57048, 19.20818, 4.5],
			"to": [7.82048, 21.08618, 5.5],
			"rotation": {"angle": 45, "axis": "z", "origin": [7.31604, 19.32412, 5]},
			"faces": {
				"north": {"uv": [2, 5, 5, 8], "texture": "#0"},
				"east": {"uv": [2, 5, 5, 8], "texture": "#0"},
				"south": {"uv": [2, 5, 5, 8], "texture": "#0"},
				"west": {"uv": [2, 5, 5, 8], "texture": "#0"},
				"up": {"uv": [2, 5, 5, 8], "texture": "#0"},
				"down": {"uv": [2, 5, 5, 8], "texture": "#0"}
			}
		},
		{
			"name": "bass 4",
			"from": [8.17952, 19.20818, 4.5],
			"to": [8.42952, 21.08618, 5.5],
			"rotation": {"angle": -45, "axis": "z", "origin": [8.68396, 19.32412, 5]},
			"faces": {
				"north": {"uv": [2, 5, 5, 8], "texture": "#0"},
				"east": {"uv": [2, 5, 5, 8], "texture": "#0"},
				"south": {"uv": [2, 5, 5, 8], "texture": "#0"},
				"west": {"uv": [2, 5, 5, 8], "texture": "#0"},
				"up": {"uv": [2, 5, 5, 8], "texture": "#0"},
				"down": {"uv": [2, 5, 5, 8], "texture": "#0"}
			}
		},
		{
			"name": "bass 3",
			"from": [7.50472, 23.40117, 4.5],
			"to": [7.75472, 25.65117, 5.5],
			"rotation": {"angle": 0, "axis": "z", "origin": [7.62972, 23.15117, 5]},
			"faces": {
				"north": {"uv": [2, 5, 5, 8], "texture": "#0"},
				"east": {"uv": [2, 5, 5, 8], "texture": "#0"},
				"south": {"uv": [2, 5, 5, 8], "texture": "#0"},
				"west": {"uv": [2, 5, 5, 8], "texture": "#0"},
				"up": {"uv": [2, 5, 5, 8], "texture": "#0"},
				"down": {"uv": [2, 5, 5, 8], "texture": "#0"}
			}
		},
		{
			"name": "bass 4",
			"from": [8.24528, 23.40117, 4.5],
			"to": [8.49528, 25.65117, 5.5],
			"rotation": {"angle": 0, "axis": "z", "origin": [8.37028, 23.15117, 5]},
			"faces": {
				"north": {"uv": [2, 5, 5, 8], "texture": "#0"},
				"east": {"uv": [2, 5, 5, 8], "texture": "#0"},
				"south": {"uv": [2, 5, 5, 8], "texture": "#0"},
				"west": {"uv": [2, 5, 5, 8], "texture": "#0"},
				"up": {"uv": [2, 5, 5, 8], "texture": "#0"},
				"down": {"uv": [2, 5, 5, 8], "texture": "#0"}
			}
		},
		{
			"name": "bass 4",
			"from": [7.50472, 17.34883, 4.5],
			"to": [7.75472, 19.59883, 5.5],
			"rotation": {"angle": 0, "axis": "z", "origin": [7.31604, 19.32412, 5]},
			"faces": {
				"north": {"uv": [2, 5, 5, 8], "texture": "#0"},
				"east": {"uv": [2, 5, 5, 8], "texture": "#0"},
				"south": {"uv": [2, 5, 5, 8], "texture": "#0"},
				"west": {"uv": [2, 5, 5, 8], "texture": "#0"},
				"up": {"uv": [2, 5, 5, 8], "texture": "#0"},
				"down": {"uv": [2, 5, 5, 8], "texture": "#0"}
			}
		},
		{
			"name": "bass 5",
			"from": [8.24528, 17.34883, 4.5],
			"to": [8.49528, 19.59883, 5.5],
			"rotation": {"angle": 0, "axis": "z", "origin": [8.68396, 19.32412, 5]},
			"faces": {
				"north": {"uv": [2, 5, 5, 8], "texture": "#0"},
				"east": {"uv": [2, 5, 5, 8], "texture": "#0"},
				"south": {"uv": [2, 5, 5, 8], "texture": "#0"},
				"west": {"uv": [2, 5, 5, 8], "texture": "#0"},
				"up": {"uv": [2, 5, 5, 8], "texture": "#0"},
				"down": {"uv": [2, 5, 5, 8], "texture": "#0"}
			}
		}
	],
	"display": {
		"thirdperson_lefthand": {
			"rotation": [-23, -58, 90],
			"translation": [-4, -4.75, 10.5]
		},
		"firstperson_righthand": {
			"rotation": [-1, 2, -14],
			"translation": [0.25, 1, 0.5],
			"scale": [1, 1, 0.75]
		},
		"firstperson_lefthand": {
			"rotation": [159, 180, 0],
			"translation": [0, 0.5, 1],
			"scale": [1, 1, 0.75]
		},
		"ground": {
			"rotation": [0, 0, -90],
			"translation": [-3.5, -2.5, 0]
		},
		"gui": {
			"rotation": [90, 49, -90],
			"translation": [-2.25, -2.5, 0],
			"scale": [0.7, 0.7, 0.7]
		},
		"fixed": {
			"rotation": [0, -90, 0],
			"scale": [2, 2, 2]
		}
	},
	"groups": [
		{
			"name": "bass",
			"origin": [8, 8, 8],
			"children": [
				{
					"name": "h",
					"origin": [8, 8, 8],
					"children": [0, 1, 2, 3, 4]
				},
				{
					"name": "top",
					"origin": [8, 8, 8],
					"children": [
						{
							"name": "a",
							"origin": [8, 25.73567, 5.84253],
							"children": [5, 6, 7, 8, 9, 10, 11, 12, 13, 14, 15, 16, 17, 18, 19, 20, 21, 22, 23, 24, 25, 26, 27, 28, 29, 30, 31, 32, 33, 34, 35, 36, 37, 38, 39, 40, 41, 42, 43, 44]
						}, 45, 46, 47, 48, 49, 50,
						{
							"name": "s1",
							"origin": [7.99392, 21.4703, 5.02356],
							"children": [51, 52, 53, 54]
						},
						{
							"name": "s2",
							"origin": [7.99392, 21.4703, 5.02356],
							"children": [55, 56, 57, 58]
						}
					]
				}
			]
		},
		{
			"name": "deco",
			"origin": [8, 8, 8],
			"children": [
				{
					"name": "b1",
					"origin": [7.62972, 23.15117, 5],
					"children": [59, 60, 61, 62, 63, 64, 65, 66, 67, 68, 69, 70, 71, 72, 73, 74, 75, 76]
				},
				{
					"name": "b2",
					"origin": [7.62972, 23.15117, 5],
					"children": [77, 78, 79, 80, 81, 82, 83, 84, 85, 86, 87, 88, 89, 90, 91, 92, 93, 94]
				}, 95, 96, 97, 98, 99, 100, 101, 102, 103, 104]
		}
	]
}