{
	"credit": "Made with Blockbench",
	"textures": {
		"0": "block/fern/stem",
		"1": "block/fern/leave",
		"particle": "block/fern/stem"
	},
	"elements": [
		{
			"name": "base1",
			"from": [8, 0, 0],
			"to": [8, 18, 16],
			"rotation": {"angle": 0, "axis": "y", "origin": [8, 8, 8]},
			"faces": {
				"north": {"uv": [0, 0, 0, 16], "texture": "#missing", "tintindex": 0},
				"east": {"uv": [0, 0, 16, 16], "texture": "#0", "tintindex": 0},
				"south": {"uv": [0, 0, 0, 16], "texture": "#missing", "tintindex": 0},
				"west": {"uv": [16, 0, 0, 16], "texture": "#0", "tintindex": 0},
				"up": {"uv": [0, 0, 0, 16], "texture": "#missing", "tintindex": 0},
				"down": {"uv": [0, 0, 0, 16], "texture": "#missing", "tintindex": 0}
			}
		},
		{
			"name": "base2",
			"from": [0, 0, 8],
			"to": [16, 18, 8],
			"rotation": {"angle": 0, "axis": "y", "origin": [8, 8, 8]},
			"faces": {
				"north": {"uv": [16, 0, 0, 16], "texture": "#0", "tintindex": 0},
				"east": {"uv": [0, 0, 0, 16], "texture": "#missing", "tintindex": 0},
				"south": {"uv": [0, 0, 16, 16], "texture": "#0", "tintindex": 0},
				"west": {"uv": [0, 0, 0, 16], "texture": "#missing", "tintindex": 0},
				"up": {"uv": [0, 0, 0, 16], "rotation": 90, "texture": "#missing", "tintindex": 0},
				"down": {"uv": [0, 0, 0, 16], "rotation": 270, "texture": "#missing", "tintindex": 0}
			}
		},
		{
			"name": "base8",
			"from": [-7.5625, 6, 0.3125],
			"to": [8.4375, 6, 16.3125],
			"rotation": {"angle": -22.5, "axis": "z", "origin": [8.4375, 8, 7.3125]},
			"faces": {
				"north": {"uv": [0, 0, 16, 0], "texture": "#missing", "tintindex": 0},
				"east": {"uv": [0, 0, 16, 0], "texture": "#missing", "tintindex": 0},
				"south": {"uv": [0, 0, 16, 0], "texture": "#missing", "tintindex": 0},
				"west": {"uv": [0, 0, 16, 0], "texture": "#missing", "tintindex": 0},
				"up": {"uv": [0, 0, 16, 16], "rotation": 270, "texture": "#1", "tintindex": 0},
				"down": {"uv": [0, 16, 16, 0], "rotation": 90, "texture": "#1", "tintindex": 0}
			}
		},
		{
			"name": "base3",
			"from": [-7, 10, 0],
			"to": [9, 10, 16],
			"rotation": {"angle": -45, "axis": "y", "origin": [8, 10, 8]},
			"faces": {
				"north": {"uv": [0, 0, 16, 0], "texture": "#missing", "tintindex": 0},
				"east": {"uv": [0, 0, 16, 0], "texture": "#missing", "tintindex": 0},
				"south": {"uv": [0, 0, 16, 0], "texture": "#missing", "tintindex": 0},
				"west": {"uv": [0, 0, 16, 0], "texture": "#missing", "tintindex": 0},
				"up": {"uv": [0, 0, 16, 16], "rotation": 270, "texture": "#1", "tintindex": 0},
				"down": {"uv": [0, 16, 16, 0], "rotation": 90, "texture": "#1", "tintindex": 0}
			}
		},
		{
			"name": "base4",
			"from": [0, 10, 8],
			"to": [16, 26, 8],
			"rotation": {"angle": 45, "axis": "x", "origin": [8, 10, 8]},
			"faces": {
				"north": {"uv": [0, 0, 16, 16], "texture": "#1", "tintindex": 0},
				"east": {"uv": [0, 0, 16, 0], "rotation": 90, "texture": "#missing", "tintindex": 0},
				"south": {"uv": [0, 16, 16, 0], "rotation": 180, "texture": "#1", "tintindex": 0},
				"west": {"uv": [0, 0, 16, 0], "rotation": 270, "texture": "#missing", "tintindex": 0},
				"up": {"uv": [0, 0, 16, 0], "texture": "#missing", "tintindex": 0},
				"down": {"uv": [0, 0, 16, 0], "rotation": 180, "texture": "#missing", "tintindex": 0}
			}
		},
		{
			"name": "base5",
			"from": [8.4375, 8, -0.6875],
			"to": [24.4375, 8, 15.3125],
			"rotation": {"angle": 45, "axis": "y", "origin": [8.4375, 8, 7.3125]},
			"faces": {
				"north": {"uv": [0, 0, 16, 0], "texture": "#missing", "tintindex": 0},
				"east": {"uv": [0, 0, 16, 0], "texture": "#missing", "tintindex": 0},
				"south": {"uv": [0, 0, 16, 0], "texture": "#missing", "tintindex": 0},
				"west": {"uv": [0, 0, 16, 0], "texture": "#missing", "tintindex": 0},
				"up": {"uv": [0, 0, 16, 16], "rotation": 90, "texture": "#1", "tintindex": 0},
				"down": {"uv": [0, 16, 16, 0], "rotation": 270, "texture": "#1", "tintindex": 0}
			}
		},
		{
			"name": "base6",
			"from": [8.4375, 8, -0.6875],
			"to": [24.4375, 8, 15.3125],
			"rotation": {"angle": 22.5, "axis": "z", "origin": [8.4375, 8, 7.3125]},
			"faces": {
				"north": {"uv": [0, 0, 16, 0], "texture": "#missing", "tintindex": 0},
				"east": {"uv": [0, 0, 16, 0], "texture": "#missing", "tintindex": 0},
				"south": {"uv": [0, 0, 16, 0], "texture": "#missing", "tintindex": 0},
				"west": {"uv": [0, 0, 16, 0], "texture": "#missing", "tintindex": 0},
				"up": {"uv": [0, 0, 16, 16], "rotation": 90, "texture": "#1", "tintindex": 0},
				"down": {"uv": [0, 16, 16, 0], "rotation": 270, "texture": "#1", "tintindex": 0}
			}
		},
		{
			"name": "base7",
			"from": [0.4375, 6.5, 9.3125],
			"to": [16.4375, 6.5, 25.3125],
			"rotation": {"angle": 22.5, "axis": "x", "origin": [8.4375, 8, 7.3125]},
			"faces": {
				"north": {"uv": [0, 0, 16, 0], "texture": "#missing", "tintindex": 0},
				"east": {"uv": [0, 0, 16, 0], "texture": "#missing", "tintindex": 0},
				"south": {"uv": [0, 0, 16, 0], "texture": "#missing", "tintindex": 0},
				"west": {"uv": [0, 0, 16, 0], "texture": "#missing", "tintindex": 0},
				"up": {"uv": [0, 0, 16, 16], "rotation": 180, "texture": "#1", "tintindex": 0},
				"down": {"uv": [0, 16, 16, 0], "rotation": 180, "texture": "#1", "tintindex": 0}
			}
		}
	],
	"groups": [
		{
			"name": "fern2",
			"origin": [8, 8, 8],
			"children": [0, 1, 2, 3, 4, 5, 6, 7]
		}
	]
}