{
	"credit": "Made with Blockbench",
	"textures": {
		"0": "block/fern/stem2",
		"1": "block/fern/leave",
		"particle": "block/fern/stem2"
	},
	"elements": [
		{
			"name": "base2",
			"from": [8, 0, 0],
			"to": [8, 18, 16],
			"rotation": {"angle": 0, "axis": "y", "origin": [8, 8, 8]},
			"faces": {
				"north": {"uv": [0, 0, 0, 16], "texture": "#missing", "tintindex": 0},
				"east": {"uv": [0, 0, 16, 16], "texture": "#0", "tintindex": 0},
				"south": {"uv": [0, 0, 0, 16], "texture": "#missing", "tintindex": 0},
				"west": {"uv": [16, 0, 0, 16], "texture": "#0", "tintindex": 0},
				"up": {"uv": [0, 0, 0, 16], "texture": "#missing", "tintindex": 0},
				"down": {"uv": [0, 0, 0, 16], "texture": "#missing", "tintindex": 0}
			}
		},
		{
			"name": "base3",
			"from": [0, 0, 8],
			"to": [16, 18, 8],
			"rotation": {"angle": 0, "axis": "y", "origin": [8, 8, 8]},
			"faces": {
				"north": {"uv": [16, 0, 0, 16], "texture": "#0", "tintindex": 0},
				"east": {"uv": [0, 0, 0, 16], "texture": "#missing", "tintindex": 0},
				"south": {"uv": [0, 0, 16, 16], "texture": "#0", "tintindex": 0},
				"west": {"uv": [0, 0, 0, 16], "texture": "#missing", "tintindex": 0},
				"up": {"uv": [0, 0, 0, 16], "rotation": 90, "texture": "#missing", "tintindex": 0},
				"down": {"uv": [0, 0, 0, 16], "rotation": 270, "texture": "#missing", "tintindex": 0}
			}
		},
		{
			"name": "base9",
			"from": [-7.5625, 6, 0.8125],
			"to": [8.4375, 6, 16.8125],
			"rotation": {"angle": -22.5, "axis": "z", "origin": [8.4375, 11.5, 7.3125]},
			"faces": {
				"north": {"uv": [0, 0, 16, 0], "texture": "#missing", "tintindex": 0},
				"east": {"uv": [0, 0, 16, 0], "texture": "#missing", "tintindex": 0},
				"south": {"uv": [0, 0, 16, 0], "texture": "#missing", "tintindex": 0},
				"west": {"uv": [0, 0, 16, 0], "texture": "#missing", "tintindex": 0},
				"up": {"uv": [0, 0, 16, 16], "rotation": 270, "texture": "#1", "tintindex": 0},
				"down": {"uv": [0, 16, 16, 0], "rotation": 90, "texture": "#1", "tintindex": 0}
			}
		},
		{
			"name": "base4",
			"from": [0.5, 13, -10.5],
			"to": [16.5, 13, 5.5],
			"rotation": {"angle": 22.5, "axis": "y", "origin": [7, 15, 7.5]},
			"faces": {
				"north": {"uv": [0, 0, 16, 0], "texture": "#missing", "tintindex": 0},
				"east": {"uv": [0, 0, 16, 0], "texture": "#missing", "tintindex": 0},
				"south": {"uv": [0, 0, 16, 0], "texture": "#missing", "tintindex": 0},
				"west": {"uv": [0, 0, 16, 0], "texture": "#missing", "tintindex": 0},
				"up": {"uv": [0, 0, 16, 16], "texture": "#1", "tintindex": 0},
				"down": {"uv": [0, 16, 16, 0], "texture": "#1", "tintindex": 0}
			}
		},
		{
			"name": "base5",
			"from": [0, 15, 8],
			"to": [16, 31, 8],
			"rotation": {"angle": 45, "axis": "x", "origin": [8, 15, 8]},
			"faces": {
				"north": {"uv": [0, 0, 16, 16], "texture": "#1", "tintindex": 0},
				"east": {"uv": [0, 0, 16, 0], "rotation": 90, "texture": "#missing", "tintindex": 0},
				"south": {"uv": [0, 16, 16, 0], "rotation": 180, "texture": "#1", "tintindex": 0},
				"west": {"uv": [0, 0, 16, 0], "rotation": 270, "texture": "#missing", "tintindex": 0},
				"up": {"uv": [0, 0, 16, 0], "texture": "#missing", "tintindex": 0},
				"down": {"uv": [0, 0, 16, 0], "rotation": 180, "texture": "#missing", "tintindex": 0}
			}
		},
		{
			"name": "base6",
			"from": [8.9375, 11.5, -4.1875],
			"to": [24.9375, 11.5, 11.8125],
			"rotation": {"angle": 22.5, "axis": "y", "origin": [8.4375, -12, 7.3125]},
			"faces": {
				"north": {"uv": [0, 0, 16, 0], "texture": "#missing", "tintindex": 0},
				"east": {"uv": [0, 0, 16, 0], "texture": "#missing", "tintindex": 0},
				"south": {"uv": [0, 0, 16, 0], "texture": "#missing", "tintindex": 0},
				"west": {"uv": [0, 0, 16, 0], "texture": "#missing", "tintindex": 0},
				"up": {"uv": [0, 0, 16, 16], "rotation": 90, "texture": "#1", "tintindex": 0},
				"down": {"uv": [0, 16, 16, 0], "rotation": 270, "texture": "#1", "tintindex": 0}
			}
		},
		{
			"name": "base7",
			"from": [10.27633, 13, 1.90869],
			"to": [26.27633, 13, 17.90869],
			"rotation": {"angle": -22.5, "axis": "y", "origin": [17.27633, 11.5, 9.90869]},
			"faces": {
				"north": {"uv": [0, 0, 16, 0], "texture": "#missing", "tintindex": 0},
				"east": {"uv": [0, 0, 16, 0], "texture": "#missing", "tintindex": 0},
				"south": {"uv": [0, 0, 16, 0], "texture": "#missing", "tintindex": 0},
				"west": {"uv": [0, 0, 16, 0], "texture": "#missing", "tintindex": 0},
				"up": {"uv": [0, 0, 16, 16], "rotation": 90, "texture": "#1", "tintindex": 0},
				"down": {"uv": [0, 16, 16, 0], "rotation": 270, "texture": "#1", "tintindex": 0}
			}
		},
		{
			"name": "base7",
			"from": [7.9375, 15.5, -0.6875],
			"to": [23.9375, 15.5, 15.3125],
			"rotation": {"angle": 22.5, "axis": "z", "origin": [7.9375, 15.5, 7.3125]},
			"faces": {
				"north": {"uv": [0, 0, 16, 0], "texture": "#missing", "tintindex": 0},
				"east": {"uv": [0, 0, 16, 0], "texture": "#missing", "tintindex": 0},
				"south": {"uv": [0, 0, 16, 0], "texture": "#missing", "tintindex": 0},
				"west": {"uv": [0, 0, 16, 0], "texture": "#missing", "tintindex": 0},
				"up": {"uv": [0, 0, 16, 16], "rotation": 90, "texture": "#1", "tintindex": 0},
				"down": {"uv": [0, 16, 16, 0], "rotation": 270, "texture": "#1", "tintindex": 0}
			}
		},
		{
			"name": "base8",
			"from": [-11.5625, 15.5, 1.8125],
			"to": [4.4375, 15.5, 17.8125],
			"rotation": {"angle": -22.5, "axis": "y", "origin": [6.9375, 15.5, 7.3125]},
			"faces": {
				"north": {"uv": [0, 0, 16, 0], "texture": "#missing", "tintindex": 0},
				"east": {"uv": [0, 0, 16, 0], "texture": "#missing", "tintindex": 0},
				"south": {"uv": [0, 0, 16, 0], "texture": "#missing", "tintindex": 0},
				"west": {"uv": [0, 0, 16, 0], "texture": "#missing", "tintindex": 0},
				"up": {"uv": [0, 0, 16, 16], "rotation": 270, "texture": "#1", "tintindex": 0},
				"down": {"uv": [0, 16, 16, 0], "rotation": 90, "texture": "#1", "tintindex": 0}
			}
		},
		{
			"name": "base8",
			"from": [0.4375, 10.5, 9.3125],
			"to": [16.4375, 10.5, 25.3125],
			"rotation": {"angle": 22.5, "axis": "x", "origin": [8.4375, 12, 7.3125]},
			"faces": {
				"north": {"uv": [0, 0, 16, 0], "texture": "#missing", "tintindex": 0},
				"east": {"uv": [0, 0, 16, 0], "texture": "#missing", "tintindex": 0},
				"south": {"uv": [0, 0, 16, 0], "texture": "#missing", "tintindex": 0},
				"west": {"uv": [0, 0, 16, 0], "texture": "#missing", "tintindex": 0},
				"up": {"uv": [0, 0, 16, 16], "rotation": 180, "texture": "#1", "tintindex": 0},
				"down": {"uv": [0, 16, 16, 0], "rotation": 180, "texture": "#1", "tintindex": 0}
			}
		},
		{
			"name": "base9",
			"from": [0.4375, 16.5, 13.8125],
			"to": [16.4375, 16.5, 29.8125],
			"rotation": {"angle": -45, "axis": "y", "origin": [8.4375, 16.5, 14.3125]},
			"faces": {
				"north": {"uv": [0, 0, 16, 0], "texture": "#missing", "tintindex": 0},
				"east": {"uv": [0, 0, 16, 0], "texture": "#missing", "tintindex": 0},
				"south": {"uv": [0, 0, 16, 0], "texture": "#missing", "tintindex": 0},
				"west": {"uv": [0, 0, 16, 0], "texture": "#missing", "tintindex": 0},
				"up": {"uv": [0, 0, 16, 16], "rotation": 180, "texture": "#1", "tintindex": 0},
				"down": {"uv": [0, 16, 16, 0], "rotation": 180, "texture": "#1", "tintindex": 0}
			}
		},
		{
			"name": "base10",
			"from": [11.92278, 7, -0.60171],
			"to": [27.92278, 7, 15.39829],
			"rotation": {"angle": -22.5, "axis": "z", "origin": [16.92278, 9, 12.89829]},
			"faces": {
				"north": {"uv": [0, 0, 16, 0], "texture": "#missing", "tintindex": 0},
				"east": {"uv": [0, 0, 16, 0], "texture": "#missing", "tintindex": 0},
				"south": {"uv": [0, 0, 16, 0], "texture": "#missing", "tintindex": 0},
				"west": {"uv": [0, 0, 16, 0], "texture": "#missing", "tintindex": 0},
				"up": {"uv": [0, 0, 16, 16], "rotation": 90, "texture": "#1", "tintindex": 0},
				"down": {"uv": [0, 16, 16, 0], "rotation": 270, "texture": "#1", "tintindex": 0}
			}
		}
	],
	"groups": [
		{
			"name": "fern3",
			"origin": [8, 8, 8],
			"children": [0, 1, 2, 3, 4, 5, 6, 7, 8, 9, 10, 11]
		}
	]
}