{
	"credit": "Made with Blockbench",
	"textures": {
		"0": "custom/windows/window_t",
		"particle": "custom/windows/window_t"
	},
	"elements": [
		{
			"name": "glass",
			"from": [1, 1, 8],
			"to": [15, 31, 8],
			"rotation": {"angle": 0, "axis": "y", "origin": [8, 8, 14.5]},
			"faces": {
				"north": {"uv": [8, 0, 16, 13], "texture": "#0"},
				"east": {"uv": [8, 0, 16, 13], "texture": "#0"},
				"south": {"uv": [8, 0, 16, 13], "texture": "#0"},
				"west": {"uv": [8, 0, 16, 13], "texture": "#0"},
				"up": {"uv": [8, 0, 16, 13], "texture": "#0"},
				"down": {"uv": [8, 0, 16, 13], "texture": "#0"}
			}
		},
		{
			"name": "bass 1",
			"from": [0, 0, 6.5],
			"to": [16, 1, 9.5],
			"rotation": {"angle": 0, "axis": "y", "origin": [8, 8, 14.5]},
			"faces": {
				"north": {"uv": [0, 14, 16, 16], "rotation": 180, "texture": "#0"},
				"east": {"uv": [0, 14, 16, 16], "rotation": 90, "texture": "#0"},
				"south": {"uv": [0, 14, 16, 16], "rotation": 180, "texture": "#0"},
				"west": {"uv": [0, 14, 16, 16], "rotation": 270, "texture": "#0"},
				"up": {"uv": [0, 14, 16, 16], "texture": "#0"},
				"down": {"uv": [0, 14, 16, 16], "rotation": 180, "texture": "#0"}
			}
		},
		{
			"name": "bass 2",
			"from": [15, 1, 6.5],
			"to": [16, 31, 9.5],
			"rotation": {"angle": 0, "axis": "y", "origin": [8, 8, 14.5]},
			"faces": {
				"north": {"uv": [0, 14, 16, 16], "rotation": 270, "texture": "#0"},
				"east": {"uv": [0, 14, 16, 16], "rotation": 90, "texture": "#0"},
				"south": {"uv": [0, 14, 16, 16], "rotation": 90, "texture": "#0"},
				"west": {"uv": [0, 14, 16, 16], "rotation": 270, "texture": "#0"},
				"up": {"uv": [0, 14, 16, 16], "texture": "#0"},
				"down": {"uv": [0, 14, 16, 16], "texture": "#0"}
			}
		},
		{
			"name": "bass 3",
			"from": [0, 1, 6.5],
			"to": [1, 31, 9.5],
			"rotation": {"angle": 0, "axis": "y", "origin": [8, 8, 14.5]},
			"faces": {
				"north": {"uv": [0, 14, 16, 16], "rotation": 90, "texture": "#0"},
				"east": {"uv": [0, 14, 16, 16], "rotation": 90, "texture": "#0"},
				"south": {"uv": [0, 14, 16, 16], "rotation": 270, "texture": "#0"},
				"west": {"uv": [0, 14, 16, 16], "rotation": 270, "texture": "#0"},
				"up": {"uv": [0, 14, 16, 16], "texture": "#0"},
				"down": {"uv": [0, 14, 16, 16], "texture": "#0"}
			}
		},
		{
			"name": "bass 4",
			"from": [1, 16, 7.5],
			"to": [15, 17, 8.5],
			"rotation": {"angle": 0, "axis": "y", "origin": [8, 7.5, 14.5]},
			"faces": {
				"north": {"uv": [0, 14, 16, 16], "texture": "#0"},
				"east": {"uv": [0, 14, 16, 16], "texture": "#0"},
				"south": {"uv": [0, 14, 16, 16], "texture": "#0"},
				"west": {"uv": [0, 14, 16, 16], "texture": "#0"},
				"up": {"uv": [0, 14, 16, 16], "texture": "#0"},
				"down": {"uv": [0, 14, 16, 16], "rotation": 180, "texture": "#0"}
			}
		},
		{
			"name": "bass 5",
			"from": [7.5, 1, 7.5],
			"to": [8.5, 16, 8.5],
			"rotation": {"angle": 0, "axis": "y", "origin": [8, 8, 14.5]},
			"faces": {
				"north": {"uv": [0, 14, 16, 16], "texture": "#0"},
				"east": {"uv": [0, 14, 16, 16], "rotation": 90, "texture": "#0"},
				"south": {"uv": [0, 14, 16, 15.75], "texture": "#0"},
				"west": {"uv": [0, 14, 16, 16], "rotation": 270, "texture": "#0"},
				"up": {"uv": [0, 14, 16, 16], "texture": "#0"},
				"down": {"uv": [0, 14, 16, 16], "texture": "#0"}
			}
		},
		{
			"name": "bass 6",
			"from": [7.5, 17, 7.5],
			"to": [8.5, 31, 8.5],
			"rotation": {"angle": 0, "axis": "y", "origin": [8, 8, 14.5]},
			"faces": {
				"north": {"uv": [0, 14, 16, 16], "texture": "#0"},
				"east": {"uv": [0, 14, 16, 16], "rotation": 90, "texture": "#0"},
				"south": {"uv": [0, 14, 16, 15.75], "texture": "#0"},
				"west": {"uv": [0, 14, 16, 16], "rotation": 270, "texture": "#0"},
				"up": {"uv": [0, 14, 16, 16], "texture": "#0"},
				"down": {"uv": [0, 14, 16, 16], "texture": "#0"}
			}
		},
		{
			"name": "bass 4",
			"from": [0, 31, 6.5],
			"to": [16, 32, 9.5],
			"rotation": {"angle": 0, "axis": "y", "origin": [8, 8, 14.5]},
			"faces": {
				"north": {"uv": [0, 14, 16, 16], "texture": "#0"},
				"east": {"uv": [0, 14, 16, 16], "rotation": 90, "texture": "#0"},
				"south": {"uv": [0, 14, 16, 16], "texture": "#0"},
				"west": {"uv": [0, 14, 16, 16], "rotation": 270, "texture": "#0"},
				"up": {"uv": [0, 14, 16, 16], "texture": "#0"},
				"down": {"uv": [0, 14, 16, 16], "texture": "#0"}
			}
		},
		{
			"name": "bass 5",
			"from": [1, 1, 6.625],
			"to": [15, 1.25, 7.5],
			"rotation": {"angle": 0, "axis": "y", "origin": [8, 8, 14.5]},
			"faces": {
				"north": {"uv": [0, 13, 16, 14], "texture": "#0"},
				"east": {"uv": [0, 13, 16, 14], "texture": "#0"},
				"south": {"uv": [0, 13, 16, 14], "texture": "#0"},
				"west": {"uv": [0, 13, 16, 14], "texture": "#0"},
				"up": {"uv": [0, 13, 16, 14], "texture": "#0"},
				"down": {"uv": [0, 13, 16, 14], "texture": "#0"}
			}
		},
		{
			"name": "bass 6",
			"from": [14.75, 1.25, 6.625],
			"to": [15, 31, 7.5],
			"rotation": {"angle": 0, "axis": "y", "origin": [8, 8, 14.5]},
			"faces": {
				"north": {"uv": [0, 13, 16, 14], "texture": "#0"},
				"east": {"uv": [0, 13, 16, 14], "texture": "#0"},
				"south": {"uv": [0, 13, 16, 14], "texture": "#0"},
				"west": {"uv": [0, 13, 16, 14], "texture": "#0"},
				"up": {"uv": [0, 13, 16, 14], "texture": "#0"},
				"down": {"uv": [0, 13, 16, 14], "texture": "#0"}
			}
		},
		{
			"name": "bass 7",
			"from": [1, 1.25, 6.625],
			"to": [1.25, 31, 7.5],
			"rotation": {"angle": 0, "axis": "y", "origin": [8, 8, 14.5]},
			"faces": {
				"north": {"uv": [0, 13, 16, 14], "texture": "#0"},
				"east": {"uv": [0, 13, 16, 14], "texture": "#0"},
				"south": {"uv": [0, 13, 16, 14], "texture": "#0"},
				"west": {"uv": [0, 13, 16, 14], "texture": "#0"},
				"up": {"uv": [0, 13, 16, 14], "texture": "#0"},
				"down": {"uv": [0, 13, 16, 14], "texture": "#0"}
			}
		},
		{
			"name": "bass 8",
			"from": [1.25, 16.125, 7.25],
			"to": [14.75, 16.875, 7.5],
			"rotation": {"angle": 0, "axis": "y", "origin": [8, 7.5, 14.5]},
			"faces": {
				"north": {"uv": [0, 13, 16, 14], "texture": "#0"},
				"east": {"uv": [0, 13, 16, 14], "texture": "#0"},
				"south": {"uv": [0, 13, 16, 14], "texture": "#0"},
				"west": {"uv": [0, 13, 16, 14], "texture": "#0"},
				"up": {"uv": [0, 13, 16, 14], "texture": "#0"},
				"down": {"uv": [0, 13, 16, 14], "texture": "#0"}
			}
		},
		{
			"name": "bass 9",
			"from": [7.625, 1.25, 7.25],
			"to": [8.375, 16.125, 7.5],
			"rotation": {"angle": 0, "axis": "y", "origin": [8, 8, 14.5]},
			"faces": {
				"north": {"uv": [0, 13, 16, 14], "texture": "#0"},
				"east": {"uv": [0, 13, 16, 14], "texture": "#0"},
				"south": {"uv": [0, 13, 16, 14], "texture": "#0"},
				"west": {"uv": [0, 13, 16, 14], "texture": "#0"},
				"up": {"uv": [0, 13, 16, 14], "texture": "#0"},
				"down": {"uv": [0, 13, 16, 14], "texture": "#0"}
			}
		},
		{
			"name": "bass 10",
			"from": [7.625, 16.875, 7.25],
			"to": [8.375, 30.75, 7.5],
			"rotation": {"angle": 0, "axis": "y", "origin": [8, 8, 14.5]},
			"faces": {
				"north": {"uv": [0, 13, 16, 14], "texture": "#0"},
				"east": {"uv": [0, 13, 16, 14], "texture": "#0"},
				"south": {"uv": [0, 13, 16, 14], "texture": "#0"},
				"west": {"uv": [0, 13, 16, 14], "texture": "#0"},
				"up": {"uv": [0, 13, 16, 14], "texture": "#0"},
				"down": {"uv": [0, 13, 16, 14], "texture": "#0"}
			}
		},
		{
			"name": "bass 8",
			"from": [1.25, 30.75, 6.625],
			"to": [14.75, 31, 7.5],
			"rotation": {"angle": 0, "axis": "y", "origin": [8, 8, 14.5]},
			"faces": {
				"north": {"uv": [0, 13, 16, 14], "texture": "#0"},
				"east": {"uv": [0, 13, 16, 14], "texture": "#0"},
				"south": {"uv": [0, 13, 16, 14], "texture": "#0"},
				"west": {"uv": [0, 13, 16, 14], "texture": "#0"},
				"up": {"uv": [0, 13, 16, 14], "texture": "#0"},
				"down": {"uv": [0, 13, 16, 14], "texture": "#0"}
			}
		}
	],
	"display": {
		"thirdperson_righthand": {
			"translation": [0, -2.5, -0.25],
			"scale": [0.25, 0.25, 0.25]
		},
		"thirdperson_lefthand": {
			"translation": [0, -2.5, -0.25],
			"scale": [0.25, 0.25, 0.25]
		},
		"firstperson_righthand": {
			"rotation": [0, 0, 90],
			"translation": [2, 1.25, 1.25],
			"scale": [0.25, 0.25, 0.25]
		},
		"firstperson_lefthand": {
			"rotation": [0, 0, 90],
			"translation": [2, 1.25, 1.25],
			"scale": [0.25, 0.25, 0.25]
		},
		"ground": {
			"rotation": [0, 0, 90],
			"translation": [2, 0, 0],
			"scale": [0.25, 0.25, 0.25]
		},
		"gui": {
			"rotation": [18, -27, 90],
			"translation": [2.5, -1.25, 0],
			"scale": [0.4, 0.4, 0.4]
		},
		"fixed": {
			"rotation": [-90, 0, 90],
			"translation": [0, 0, -13.75],
			"scale": [2, 2, 2]
		}
	},
	"groups": [
		{
			"name": "bass",
			"origin": [8, 8, 8],
			"children": [
				{
					"name": "glass",
					"origin": [8, 8, 8],
					"children": [0]
				}, 1, 2, 3, 4, 5, 6, 7, 8, 9, 10, 11, 12, 13, 14]
		}
	]
}