{
	"credit": "Made with Blockbench",
	"textures": {
		"0": "block/diamond_block",
		"1": "block/dark_oak_planks",
		"2": "block/anvil",
		"particle": "block/diamond_block"
	},
	"elements": [
		{
			"name": "bass 1",
			"from": [7.5, -12, 7.5],
			"to": [8.5, 5, 8.5],
			"faces": {
				"north": {"uv": [0, 0, 1, 5], "texture": "#1"},
				"east": {"uv": [0, 0, 1, 5], "texture": "#1"},
				"south": {"uv": [0, 0, 1, 5], "texture": "#1"},
				"west": {"uv": [0, 0, 1, 5], "texture": "#1"},
				"up": {"uv": [0, 0, 1, 5], "texture": "#1"},
				"down": {"uv": [0, 0, 1, 5], "texture": "#1"}
			}
		},
		{
			"name": "bass 2",
			"from": [7.5, 5, 6],
			"to": [8.5, 6, 10],
			"faces": {
				"north": {"uv": [0, 0, 16, 16], "texture": "#2"},
				"east": {"uv": [0, 0, 16, 16], "texture": "#2"},
				"south": {"uv": [0, 0, 16, 16], "texture": "#2"},
				"west": {"uv": [0, 0, 16, 16], "texture": "#2"},
				"up": {"uv": [0, 0, 16, 16], "texture": "#2"},
				"down": {"uv": [0, 0, 16, 16], "texture": "#2"}
			}
		},
		{
			"name": "bass 3",
			"from": [7.6, 6, 7],
			"to": [8.4, 16, 9],
			"faces": {
				"north": {"uv": [1, 1, 3, 11], "texture": "#0"},
				"east": {"uv": [1, 1, 3, 11], "texture": "#0"},
				"south": {"uv": [1, 1, 3, 11], "texture": "#0"},
				"west": {"uv": [1, 1, 3, 11], "texture": "#0"},
				"up": {"uv": [1, 1, 3, 11], "texture": "#0"},
				"down": {"uv": [1, 1, 3, 11], "texture": "#0"}
			}
		},
		{
			"name": "bass 4",
			"from": [7.6, 15.86627, 8.32769],
			"to": [8.4, 17.86627, 8.82769],
			"rotation": {"angle": -22.5, "axis": "x", "origin": [8, 16.36627, 8.57769]},
			"faces": {
				"north": {"uv": [1, 1, 3, 11], "texture": "#0"},
				"east": {"uv": [1, 1, 3, 11], "texture": "#0"},
				"south": {"uv": [1, 1, 3, 11], "texture": "#0"},
				"west": {"uv": [1, 1, 3, 11], "texture": "#0"},
				"up": {"uv": [1, 1, 3, 11], "texture": "#0"},
				"down": {"uv": [1, 1, 3, 11], "texture": "#0"}
			}
		},
		{
			"name": "bass 5",
			"from": [7.6, 15.86627, 7.17231],
			"to": [8.4, 17.86627, 7.67231],
			"rotation": {"angle": 22.5, "axis": "x", "origin": [8, 16.36627, 7.42231]},
			"faces": {
				"north": {"uv": [1, 1, 3, 11], "texture": "#0"},
				"east": {"uv": [1, 1, 3, 11], "texture": "#0"},
				"south": {"uv": [1, 1, 3, 11], "texture": "#0"},
				"west": {"uv": [1, 1, 3, 11], "texture": "#0"},
				"up": {"uv": [1, 1, 3, 11], "texture": "#0"},
				"down": {"uv": [1, 1, 3, 11], "texture": "#0"}
			}
		},
		{
			"name": "bass 4",
			"from": [7.6, 16, 7.5],
			"to": [8.4, 17.11, 8.5],
			"faces": {
				"north": {"uv": [1, 1, 3, 11], "texture": "#0"},
				"east": {"uv": [1, 1, 3, 11], "texture": "#0"},
				"south": {"uv": [1, 1, 3, 11], "texture": "#0"},
				"west": {"uv": [1, 1, 3, 11], "texture": "#0"},
				"up": {"uv": [1, 1, 3, 11], "texture": "#0"},
				"down": {"uv": [1, 1, 3, 11], "texture": "#0"}
			}
		},
		{
			"name": "bass 6",
			"from": [7.59539, 17.38569, 8.37531],
			"to": [8.39539, 17.78569, 8.77531],
			"rotation": {"angle": 45, "axis": "x", "origin": [7.99539, 18.38569, 8.57531]},
			"faces": {
				"north": {"uv": [1, 1, 3, 11], "texture": "#0"},
				"east": {"uv": [1, 1, 3, 11], "texture": "#0"},
				"south": {"uv": [1, 1, 3, 11], "texture": "#0"},
				"west": {"uv": [1, 1, 3, 11], "texture": "#0"},
				"up": {"uv": [1, 1, 3, 11], "texture": "#0"},
				"down": {"uv": [1, 1, 3, 11], "texture": "#0"}
			}
		}
	],
	"display": {
		"thirdperson_righthand": {
			"translation": [0, 9, 0]
		},
		"thirdperson_lefthand": {
			"translation": [0, 9, 0]
		},
		"firstperson_righthand": {
			"rotation": [-6, 0, 0],
			"translation": [0.5, 12, 1.25]
		},
		"firstperson_lefthand": {
			"rotation": [-6, 0, 0],
			"translation": [0.5, 12, 1.25]
		},
		"ground": {
			"rotation": [0, 0, -90],
			"translation": [7.5, -3.25, 0]
		},
		"gui": {
			"rotation": [-85, -133, -95],
			"translation": [-1.5, 1.5, 0],
			"scale": [0.5, 0.5, 0.5]
		},
		"head": {
			"rotation": [90, -42, 90],
			"translation": [-8.25, -7, 4.5],
			"scale": [2, 2, 2]
		},
		"fixed": {
			"rotation": [0, -90, 0],
			"translation": [0, 16, 0],
			"scale": [2, 2, 2]
		}
	},
	"groups": [
		{
			"name": "bass",
			"origin": [8, 8, 8],
			"children": [0, 1, 2, 3, 4, 5, 6]
		}
	]
}