{
	"credit": "Made with Blockbench",
	"textures": {
		"0": "custom/machine/washing_machine_t",
		"particle": "custom/machine/washing_machine_t"
	},
	"elements": [
		{
			"name": "bass 1",
			"from": [7, 4.75, 0],
			"to": [9, 5.75, 13],
			"rotation": {"angle": 0, "axis": "y", "origin": [15, 12.75, 8]},
			"faces": {
				"north": {"uv": [3.875, 5.875, 4.125, 6], "texture": "#0"},
				"east": {"uv": [2.25, 5.875, 3.875, 6], "texture": "#0"},
				"south": {"uv": [5.75, 5.875, 6, 6], "texture": "#0"},
				"west": {"uv": [4.125, 5.875, 5.75, 6], "texture": "#0"},
				"up": {"uv": [4.125, 5.875, 3.875, 4.25], "texture": "#0"},
				"down": {"uv": [4.375, 4.25, 4.125, 5.875], "texture": "#0"}
			}
		},
		{
			"name": "bass 2",
			"from": [8.73254, 5.09462, 0],
			"to": [10.73254, 6.09462, 13],
			"rotation": {"angle": 22.5, "axis": "z", "origin": [9.73254, 5.59462, 0.5]},
			"faces": {
				"north": {"uv": [7.5, 10.25, 7.75, 10.375], "texture": "#0"},
				"east": {"uv": [5.875, 10.25, 7.5, 10.375], "texture": "#0"},
				"south": {"uv": [9.375, 10.25, 9.625, 10.375], "texture": "#0"},
				"west": {"uv": [7.75, 10.25, 9.375, 10.375], "texture": "#0"},
				"up": {"uv": [7.75, 10.25, 7.5, 8.625], "texture": "#0"},
				"down": {"uv": [8, 8.625, 7.75, 10.25], "texture": "#0"}
			}
		},
		{
			"name": "bass 3",
			"from": [5.26746, 5.09462, 0],
			"to": [7.26746, 6.09462, 13],
			"rotation": {"angle": -22.5, "axis": "z", "origin": [6.26746, 5.59462, 0.5]},
			"faces": {
				"north": {"uv": [7.375, 3.75, 7.625, 3.875], "texture": "#0"},
				"east": {"uv": [5.75, 3.75, 7.375, 3.875], "texture": "#0"},
				"south": {"uv": [9.25, 3.75, 9.5, 3.875], "texture": "#0"},
				"west": {"uv": [7.625, 3.75, 9.25, 3.875], "texture": "#0"},
				"up": {"uv": [7.625, 3.75, 7.375, 2.125], "texture": "#0"},
				"down": {"uv": [7.875, 2.125, 7.625, 3.75], "texture": "#0"}
			}
		},
		{
			"name": "bass 3",
			"from": [10.7871, 4.66181, 0],
			"to": [12.7871, 5.66181, 13],
			"rotation": {"angle": 45, "axis": "z", "origin": [9.7871, 5.16181, 0.5]},
			"faces": {
				"north": {"uv": [7.625, 1.625, 7.875, 1.75], "texture": "#0"},
				"east": {"uv": [6, 1.625, 7.625, 1.75], "texture": "#0"},
				"south": {"uv": [9.5, 1.625, 9.75, 1.75], "texture": "#0"},
				"west": {"uv": [7.875, 1.625, 9.5, 1.75], "texture": "#0"},
				"up": {"uv": [7.875, 1.625, 7.625, 0], "texture": "#0"},
				"down": {"uv": [8.125, 0, 7.875, 1.625], "texture": "#0"}
			}
		},
		{
			"name": "bass 4",
			"from": [3.2129, 4.66181, 0],
			"to": [5.2129, 5.66181, 13],
			"rotation": {"angle": -45, "axis": "z", "origin": [6.2129, 5.16181, 0.5]},
			"faces": {
				"north": {"uv": [8.5, 8.5, 8.75, 8.625], "texture": "#0"},
				"east": {"uv": [6.875, 8.5, 8.5, 8.625], "texture": "#0"},
				"south": {"uv": [10.375, 8.5, 10.625, 8.625], "texture": "#0"},
				"west": {"uv": [8.75, 8.5, 10.375, 8.625], "texture": "#0"},
				"up": {"uv": [8.75, 8.5, 8.5, 6.875], "texture": "#0"},
				"down": {"uv": [9, 6.875, 8.75, 8.5], "texture": "#0"}
			}
		},
		{
			"name": "bass 4",
			"from": [10.91735, 7.19704, 0],
			"to": [11.91735, 9.19704, 13],
			"rotation": {"angle": -22.5, "axis": "z", "origin": [11.41735, 6.19704, 0.5]},
			"faces": {
				"north": {"uv": [11.625, 3.5, 11.75, 3.75], "texture": "#0"},
				"east": {"uv": [10, 3.5, 11.625, 3.75], "texture": "#0"},
				"south": {"uv": [13.375, 3.5, 13.5, 3.75], "texture": "#0"},
				"west": {"uv": [11.75, 3.5, 13.375, 3.75], "texture": "#0"},
				"up": {"uv": [11.75, 3.5, 11.625, 1.875], "texture": "#0"},
				"down": {"uv": [11.875, 1.875, 11.75, 3.5], "texture": "#0"}
			}
		},
		{
			"name": "bass 5",
			"from": [4.08265, 7.19704, 0],
			"to": [5.08265, 9.19704, 13],
			"rotation": {"angle": 22.5, "axis": "z", "origin": [4.58265, 6.19704, 0.5]},
			"faces": {
				"north": {"uv": [11.625, 1.625, 11.75, 1.875], "texture": "#0"},
				"east": {"uv": [10, 1.625, 11.625, 1.875], "texture": "#0"},
				"south": {"uv": [13.375, 1.625, 13.5, 1.875], "texture": "#0"},
				"west": {"uv": [11.75, 1.625, 13.375, 1.875], "texture": "#0"},
				"up": {"uv": [11.75, 1.625, 11.625, 0], "texture": "#0"},
				"down": {"uv": [11.875, 0, 11.75, 1.625], "texture": "#0"}
			}
		},
		{
			"name": "bass 5",
			"from": [12.02734, 8.77734, 0],
			"to": [13.02734, 10.77734, 13],
			"rotation": {"angle": 0, "axis": "z", "origin": [12.52734, 7.77734, 0.5]},
			"faces": {
				"north": {"uv": [5.125, 11.625, 5.25, 11.875], "texture": "#0"},
				"east": {"uv": [3.5, 11.625, 5.125, 11.875], "texture": "#0"},
				"south": {"uv": [6.875, 11.625, 7, 11.875], "texture": "#0"},
				"west": {"uv": [5.25, 11.625, 6.875, 11.875], "texture": "#0"},
				"up": {"uv": [5.25, 11.625, 5.125, 10], "texture": "#0"},
				"down": {"uv": [5.375, 10, 5.25, 11.625], "texture": "#0"}
			}
		},
		{
			"name": "bass 6",
			"from": [2.97266, 8.77734, 0],
			"to": [3.97266, 10.77734, 13],
			"rotation": {"angle": 0, "axis": "z", "origin": [3.47266, 7.77734, 0.5]},
			"faces": {
				"north": {"uv": [7, 12, 7.125, 12.25], "texture": "#0"},
				"east": {"uv": [5.375, 12, 7, 12.25], "texture": "#0"},
				"south": {"uv": [8.75, 12, 8.875, 12.25], "texture": "#0"},
				"west": {"uv": [7.125, 12, 8.75, 12.25], "texture": "#0"},
				"up": {"uv": [7.125, 12, 7, 10.375], "texture": "#0"},
				"down": {"uv": [7.25, 10.375, 7.125, 12], "texture": "#0"}
			}
		},
		{
			"name": "bass 6",
			"from": [12.44808, 10.66212, 0],
			"to": [13.44808, 12.66212, 13],
			"rotation": {"angle": 22.5, "axis": "z", "origin": [12.94808, 9.66212, 0.5]},
			"faces": {
				"north": {"uv": [9.625, 10.375, 9.75, 10.625], "texture": "#0"},
				"east": {"uv": [8, 10.375, 9.625, 10.625], "texture": "#0"},
				"south": {"uv": [11.375, 10.375, 11.5, 10.625], "texture": "#0"},
				"west": {"uv": [9.75, 10.375, 11.375, 10.625], "texture": "#0"},
				"up": {"uv": [9.75, 10.375, 9.625, 8.75], "texture": "#0"},
				"down": {"uv": [9.875, 8.75, 9.75, 10.375], "texture": "#0"}
			}
		},
		{
			"name": "bass 7",
			"from": [2.55192, 10.66212, 0],
			"to": [3.55192, 12.66212, 13],
			"rotation": {"angle": -22.5, "axis": "z", "origin": [3.05192, 9.66212, 0.5]},
			"faces": {
				"north": {"uv": [10.625, 7.875, 10.75, 8.125], "texture": "#0"},
				"east": {"uv": [9, 7.875, 10.625, 8.125], "texture": "#0"},
				"south": {"uv": [12.375, 7.875, 12.5, 8.125], "texture": "#0"},
				"west": {"uv": [10.75, 7.875, 12.375, 8.125], "texture": "#0"},
				"up": {"uv": [10.75, 7.875, 10.625, 6.25], "texture": "#0"},
				"down": {"uv": [10.875, 6.25, 10.75, 7.875], "texture": "#0"}
			}
		},
		{
			"name": "bass 7",
			"from": [10.70131, 11.97865, 0],
			"to": [11.70131, 13.97865, 13],
			"rotation": {"angle": 45, "axis": "z", "origin": [11.20131, 12.97865, 0.5]},
			"faces": {
				"north": {"uv": [11.5, 11.5, 11.625, 11.75], "texture": "#0"},
				"east": {"uv": [9.875, 11.5, 11.5, 11.75], "texture": "#0"},
				"south": {"uv": [13.25, 11.5, 13.375, 11.75], "texture": "#0"},
				"west": {"uv": [11.625, 11.5, 13.25, 11.75], "texture": "#0"},
				"up": {"uv": [11.625, 11.5, 11.5, 9.875], "texture": "#0"},
				"down": {"uv": [11.75, 9.875, 11.625, 11.5], "texture": "#0"}
			}
		},
		{
			"name": "bass 8",
			"from": [4.29869, 11.97865, 0],
			"to": [5.29869, 13.97865, 13],
			"rotation": {"angle": -45, "axis": "z", "origin": [4.79869, 12.97865, 0.5]},
			"faces": {
				"north": {"uv": [1.625, 11.625, 1.75, 11.875], "texture": "#0"},
				"east": {"uv": [0, 11.625, 1.625, 11.875], "texture": "#0"},
				"south": {"uv": [3.375, 11.625, 3.5, 11.875], "texture": "#0"},
				"west": {"uv": [1.75, 11.625, 3.375, 11.875], "texture": "#0"},
				"up": {"uv": [1.75, 11.625, 1.625, 10], "texture": "#0"},
				"down": {"uv": [1.875, 10, 1.75, 11.625], "texture": "#0"}
			}
		},
		{
			"name": "bass 8",
			"from": [8.73254, 13.46006, 0],
			"to": [10.73254, 14.46006, 13],
			"rotation": {"angle": -22.5, "axis": "z", "origin": [9.73254, 13.96006, 0.5]},
			"faces": {
				"north": {"uv": [5.375, 9.875, 5.625, 10], "texture": "#0"},
				"east": {"uv": [3.75, 9.875, 5.375, 10], "texture": "#0"},
				"south": {"uv": [7.25, 9.875, 7.5, 10], "texture": "#0"},
				"west": {"uv": [5.625, 9.875, 7.25, 10], "texture": "#0"},
				"up": {"uv": [5.625, 9.875, 5.375, 8.25], "texture": "#0"},
				"down": {"uv": [5.875, 8.25, 5.625, 9.875], "texture": "#0"}
			}
		},
		{
			"name": "bass 9",
			"from": [5.26746, 13.46006, 0],
			"to": [7.26746, 14.46006, 13],
			"rotation": {"angle": 22.5, "axis": "z", "origin": [6.26746, 13.96006, 0.5]},
			"faces": {
				"north": {"uv": [1.625, 9.875, 1.875, 10], "texture": "#0"},
				"east": {"uv": [0, 9.875, 1.625, 10], "texture": "#0"},
				"south": {"uv": [3.5, 9.875, 3.75, 10], "texture": "#0"},
				"west": {"uv": [1.875, 9.875, 3.5, 10], "texture": "#0"},
				"up": {"uv": [1.875, 9.875, 1.625, 8.25], "texture": "#0"},
				"down": {"uv": [2.125, 8.25, 1.875, 9.875], "texture": "#0"}
			}
		},
		{
			"name": "bass 9",
			"from": [7, 13.80468, 0],
			"to": [9, 14.80468, 13],
			"rotation": {"angle": 0, "axis": "z", "origin": [8, 14.30468, 0.5]},
			"faces": {
				"north": {"uv": [9.5, 3.375, 9.75, 3.5], "texture": "#0"},
				"east": {"uv": [7.875, 3.375, 9.5, 3.5], "texture": "#0"},
				"south": {"uv": [11.375, 3.375, 11.625, 3.5], "texture": "#0"},
				"west": {"uv": [9.75, 3.375, 11.375, 3.5], "texture": "#0"},
				"up": {"uv": [9.75, 3.375, 9.5, 1.75], "texture": "#0"},
				"down": {"uv": [10, 1.75, 9.75, 3.375], "texture": "#0"}
			}
		},
		{
			"name": "bass 2",
			"from": [7, 4.75, -0.375],
			"to": [9, 5.75, 0],
			"rotation": {"angle": 0, "axis": "y", "origin": [15, 12.75, 7]},
			"faces": {
				"north": {"uv": [3.125, 4.375, 3.375, 4.5], "texture": "#0"},
				"east": {"uv": [3, 4.375, 3.125, 4.5], "texture": "#0"},
				"south": {"uv": [3.5, 4.375, 3.75, 4.5], "texture": "#0"},
				"west": {"uv": [3.375, 4.375, 3.5, 4.5], "texture": "#0"},
				"up": {"uv": [3.375, 4.375, 3.125, 4.25], "texture": "#0"},
				"down": {"uv": [3.625, 4.25, 3.375, 4.375], "texture": "#0"}
			}
		},
		{
			"name": "bass 3",
			"from": [8.73254, 5.09462, -0.375],
			"to": [10.73254, 6.09462, 0],
			"rotation": {"angle": 22.5, "axis": "z", "origin": [9.73254, 5.59462, -0.5]},
			"faces": {
				"north": {"uv": [2.375, 4.375, 2.625, 4.5], "texture": "#0"},
				"east": {"uv": [2.25, 4.375, 2.375, 4.5], "texture": "#0"},
				"south": {"uv": [2.75, 4.375, 3, 4.5], "texture": "#0"},
				"west": {"uv": [2.625, 4.375, 2.75, 4.5], "texture": "#0"},
				"up": {"uv": [2.625, 4.375, 2.375, 4.25], "texture": "#0"},
				"down": {"uv": [2.875, 4.25, 2.625, 4.375], "texture": "#0"}
			}
		},
		{
			"name": "bass 4",
			"from": [5.26746, 5.09462, -0.375],
			"to": [7.26746, 6.09462, 0],
			"rotation": {"angle": -22.5, "axis": "z", "origin": [6.26746, 5.59462, -0.5]},
			"faces": {
				"north": {"uv": [0.125, 3.625, 0.375, 3.75], "texture": "#0"},
				"east": {"uv": [0, 3.625, 0.125, 3.75], "texture": "#0"},
				"south": {"uv": [0.5, 3.625, 0.75, 3.75], "texture": "#0"},
				"west": {"uv": [0.375, 3.625, 0.5, 3.75], "texture": "#0"},
				"up": {"uv": [0.375, 3.625, 0.125, 3.5], "texture": "#0"},
				"down": {"uv": [0.625, 3.5, 0.375, 3.625], "texture": "#0"}
			}
		},
		{
			"name": "bass 4",
			"from": [10.7871, 4.66181, -0.375],
			"to": [12.7871, 5.66181, 0],
			"rotation": {"angle": 45, "axis": "z", "origin": [9.7871, 5.16181, -0.5]},
			"faces": {
				"north": {"uv": [0.125, 3.875, 0.375, 4], "texture": "#0"},
				"east": {"uv": [0, 3.875, 0.125, 4], "texture": "#0"},
				"south": {"uv": [0.5, 3.875, 0.75, 4], "texture": "#0"},
				"west": {"uv": [0.375, 3.875, 0.5, 4], "texture": "#0"},
				"up": {"uv": [0.375, 3.875, 0.125, 3.75], "texture": "#0"},
				"down": {"uv": [0.625, 3.75, 0.375, 3.875], "texture": "#0"}
			}
		},
		{
			"name": "bass 5",
			"from": [3.2129, 4.66181, -0.375],
			"to": [5.2129, 5.66181, 0],
			"rotation": {"angle": -45, "axis": "z", "origin": [6.2129, 5.16181, -0.5]},
			"faces": {
				"north": {"uv": [0.875, 3.875, 1.125, 4], "texture": "#0"},
				"east": {"uv": [0.75, 3.875, 0.875, 4], "texture": "#0"},
				"south": {"uv": [1.25, 3.875, 1.5, 4], "texture": "#0"},
				"west": {"uv": [1.125, 3.875, 1.25, 4], "texture": "#0"},
				"up": {"uv": [1.125, 3.875, 0.875, 3.75], "texture": "#0"},
				"down": {"uv": [1.375, 3.75, 1.125, 3.875], "texture": "#0"}
			}
		},
		{
			"name": "bass 5",
			"from": [10.91735, 7.19704, -0.375],
			"to": [11.91735, 9.19704, 0],
			"rotation": {"angle": -22.5, "axis": "z", "origin": [11.41735, 6.19704, -0.5]},
			"faces": {
				"north": {"uv": [2.375, 4.625, 2.5, 4.875], "texture": "#0"},
				"east": {"uv": [2.25, 4.625, 2.375, 4.875], "texture": "#0"},
				"south": {"uv": [2.625, 4.625, 2.75, 4.875], "texture": "#0"},
				"west": {"uv": [2.5, 4.625, 2.625, 4.875], "texture": "#0"},
				"up": {"uv": [2.5, 4.625, 2.375, 4.5], "texture": "#0"},
				"down": {"uv": [2.625, 4.5, 2.5, 4.625], "texture": "#0"}
			}
		},
		{
			"name": "bass 6",
			"from": [4.08265, 7.19704, -0.375],
			"to": [5.08265, 9.19704, 0],
			"rotation": {"angle": 22.5, "axis": "z", "origin": [4.58265, 6.19704, -0.5]},
			"faces": {
				"north": {"uv": [1.625, 4.375, 1.75, 4.625], "texture": "#0"},
				"east": {"uv": [1.5, 4.375, 1.625, 4.625], "texture": "#0"},
				"south": {"uv": [1.875, 4.375, 2, 4.625], "texture": "#0"},
				"west": {"uv": [1.75, 4.375, 1.875, 4.625], "texture": "#0"},
				"up": {"uv": [1.75, 4.375, 1.625, 4.25], "texture": "#0"},
				"down": {"uv": [1.875, 4.25, 1.75, 4.375], "texture": "#0"}
			}
		},
		{
			"name": "bass 6",
			"from": [12.02734, 8.77734, -0.375],
			"to": [13.02734, 10.77734, 0],
			"rotation": {"angle": 0, "axis": "z", "origin": [12.52734, 7.77734, -0.5]},
			"faces": {
				"north": {"uv": [1.625, 3.75, 1.75, 4], "texture": "#0"},
				"east": {"uv": [1.5, 3.75, 1.625, 4], "texture": "#0"},
				"south": {"uv": [1.875, 3.75, 2, 4], "texture": "#0"},
				"west": {"uv": [1.75, 3.75, 1.875, 4], "texture": "#0"},
				"up": {"uv": [1.75, 3.75, 1.625, 3.625], "texture": "#0"},
				"down": {"uv": [1.875, 3.625, 1.75, 3.75], "texture": "#0"}
			}
		},
		{
			"name": "bass 7",
			"from": [13.02734, 8.77734, -0.375],
			"to": [13.40234, 10.77734, 0],
			"rotation": {"angle": 0, "axis": "z", "origin": [12.52734, 7.77734, -0.5]},
			"faces": {
				"north": {"uv": [1.625, 3.75, 1.75, 4], "texture": "#0"},
				"east": {"uv": [1.625, 3.75, 1.75, 4], "texture": "#0"},
				"south": {"uv": [1.625, 3.75, 1.75, 4], "texture": "#0"},
				"west": {"uv": [1.625, 3.75, 1.75, 4], "texture": "#0"},
				"up": {"uv": [1.625, 3.75, 1.75, 4], "texture": "#0"},
				"down": {"uv": [1.625, 3.75, 1.75, 4], "texture": "#0"}
			}
		},
		{
			"name": "bass 8",
			"from": [13.02745, 8.77707, -0.74985],
			"to": [13.40245, 10.77707, -0.37485],
			"rotation": {"angle": 0, "axis": "y", "origin": [13.19584, 9.80138, -0.56104]},
			"faces": {
				"north": {"uv": [1.625, 3.75, 1.75, 4], "texture": "#0"},
				"east": {"uv": [1.625, 3.75, 1.75, 4], "texture": "#0"},
				"south": {"uv": [1.625, 3.75, 1.75, 4], "texture": "#0"},
				"west": {"uv": [1.625, 3.75, 1.75, 4], "texture": "#0"},
				"up": {"uv": [1.625, 3.75, 1.75, 4], "texture": "#0"},
				"down": {"uv": [1.625, 3.75, 1.75, 4], "texture": "#0"}
			}
		},
		{
			"name": "bass 7",
			"from": [2.97266, 8.77734, -0.375],
			"to": [3.97266, 10.77734, 0],
			"rotation": {"angle": 0, "axis": "z", "origin": [3.47266, 7.77734, -0.5]},
			"faces": {
				"north": {"uv": [2.875, 4.625, 3, 4.875], "texture": "#0"},
				"east": {"uv": [2.75, 4.625, 2.875, 4.875], "texture": "#0"},
				"south": {"uv": [3.125, 4.625, 3.25, 4.875], "texture": "#0"},
				"west": {"uv": [3, 4.625, 3.125, 4.875], "texture": "#0"},
				"up": {"uv": [3, 4.625, 2.875, 4.5], "texture": "#0"},
				"down": {"uv": [3.125, 4.5, 3, 4.625], "texture": "#0"}
			}
		},
		{
			"name": "bass 7",
			"from": [12.44808, 10.66212, -0.375],
			"to": [13.44808, 12.66212, 0],
			"rotation": {"angle": 22.5, "axis": "z", "origin": [12.94808, 9.66212, -0.5]},
			"faces": {
				"north": {"uv": [1.625, 3, 1.75, 3.25], "texture": "#0"},
				"east": {"uv": [1.5, 3, 1.625, 3.25], "texture": "#0"},
				"south": {"uv": [1.875, 3, 2, 3.25], "texture": "#0"},
				"west": {"uv": [1.75, 3, 1.875, 3.25], "texture": "#0"},
				"up": {"uv": [1.75, 3, 1.625, 2.875], "texture": "#0"},
				"down": {"uv": [1.875, 2.875, 1.75, 3], "texture": "#0"}
			}
		},
		{
			"name": "bass 8",
			"from": [2.55192, 10.66212, -0.375],
			"to": [3.55192, 12.66212, 0],
			"rotation": {"angle": -22.5, "axis": "z", "origin": [3.05192, 9.66212, -0.5]},
			"faces": {
				"north": {"uv": [1.625, 2.625, 1.75, 2.875], "texture": "#0"},
				"east": {"uv": [1.5, 2.625, 1.625, 2.875], "texture": "#0"},
				"south": {"uv": [1.875, 2.625, 2, 2.875], "texture": "#0"},
				"west": {"uv": [1.75, 2.625, 1.875, 2.875], "texture": "#0"},
				"up": {"uv": [1.75, 2.625, 1.625, 2.5], "texture": "#0"},
				"down": {"uv": [1.875, 2.5, 1.75, 2.625], "texture": "#0"}
			}
		},
		{
			"name": "bass 8",
			"from": [10.70131, 11.97865, -0.375],
			"to": [11.70131, 13.97865, 0],
			"rotation": {"angle": 45, "axis": "z", "origin": [11.20131, 12.97865, -0.5]},
			"faces": {
				"north": {"uv": [1.625, 2.25, 1.75, 2.5], "texture": "#0"},
				"east": {"uv": [1.5, 2.25, 1.625, 2.5], "texture": "#0"},
				"south": {"uv": [1.875, 2.25, 2, 2.5], "texture": "#0"},
				"west": {"uv": [1.75, 2.25, 1.875, 2.5], "texture": "#0"},
				"up": {"uv": [1.75, 2.25, 1.625, 2.125], "texture": "#0"},
				"down": {"uv": [1.875, 2.125, 1.75, 2.25], "texture": "#0"}
			}
		},
		{
			"name": "bass 9",
			"from": [4.29869, 11.97865, -0.375],
			"to": [5.29869, 13.97865, 0],
			"rotation": {"angle": -45, "axis": "z", "origin": [4.79869, 12.97865, -0.5]},
			"faces": {
				"north": {"uv": [1.625, 3.375, 1.75, 3.625], "texture": "#0"},
				"east": {"uv": [1.5, 3.375, 1.625, 3.625], "texture": "#0"},
				"south": {"uv": [1.875, 3.375, 2, 3.625], "texture": "#0"},
				"west": {"uv": [1.75, 3.375, 1.875, 3.625], "texture": "#0"},
				"up": {"uv": [1.75, 3.375, 1.625, 3.25], "texture": "#0"},
				"down": {"uv": [1.875, 3.25, 1.75, 3.375], "texture": "#0"}
			}
		},
		{
			"name": "bass 9",
			"from": [8.73254, 13.46006, -0.375],
			"to": [10.73254, 14.46006, 0],
			"rotation": {"angle": -22.5, "axis": "z", "origin": [9.73254, 13.96006, -0.5]},
			"faces": {
				"north": {"uv": [0.875, 3.625, 1.125, 3.75], "texture": "#0"},
				"east": {"uv": [0.75, 3.625, 0.875, 3.75], "texture": "#0"},
				"south": {"uv": [1.25, 3.625, 1.5, 3.75], "texture": "#0"},
				"west": {"uv": [1.125, 3.625, 1.25, 3.75], "texture": "#0"},
				"up": {"uv": [1.125, 3.625, 0.875, 3.5], "texture": "#0"},
				"down": {"uv": [1.375, 3.5, 1.125, 3.625], "texture": "#0"}
			}
		},
		{
			"name": "bass 10",
			"from": [5.26746, 13.46006, -0.375],
			"to": [7.26746, 14.46006, 0],
			"rotation": {"angle": 22.5, "axis": "z", "origin": [6.26746, 13.96006, -0.5]},
			"faces": {
				"north": {"uv": [4.5, 4.5, 4.75, 4.625], "texture": "#0"},
				"east": {"uv": [4.375, 4.5, 4.5, 4.625], "texture": "#0"},
				"south": {"uv": [4.875, 4.5, 5.125, 4.625], "texture": "#0"},
				"west": {"uv": [4.75, 4.5, 4.875, 4.625], "texture": "#0"},
				"up": {"uv": [4.75, 4.5, 4.5, 4.375], "texture": "#0"},
				"down": {"uv": [5, 4.375, 4.75, 4.5], "texture": "#0"}
			}
		},
		{
			"name": "bass 10",
			"from": [7, 13.80468, -0.375],
			"to": [9, 14.80468, 0],
			"rotation": {"angle": 0, "axis": "z", "origin": [8, 14.30468, -0.5]},
			"faces": {
				"north": {"uv": [1, 1.875, 1.25, 2], "texture": "#0"},
				"east": {"uv": [0.875, 1.875, 1, 2], "texture": "#0"},
				"south": {"uv": [1.375, 1.875, 1.625, 2], "texture": "#0"},
				"west": {"uv": [1.25, 1.875, 1.375, 2], "texture": "#0"},
				"up": {"uv": [1.25, 1.875, 1, 1.75], "texture": "#0"},
				"down": {"uv": [1.5, 1.75, 1.25, 1.875], "texture": "#0"}
			}
		},
		{
			"name": "bass 3",
			"from": [8.73254, 5.09462, 13],
			"to": [10.73254, 15.1493, 14],
			"rotation": {"angle": 22.5, "axis": "z", "origin": [9.73254, 5.59462, 3.5]},
			"faces": {
				"north": {"uv": [0.875, 2.25, 1.125, 3.5], "texture": "#0"},
				"east": {"uv": [0.75, 2.25, 0.875, 3.5], "texture": "#0"},
				"south": {"uv": [1.25, 2.25, 1.5, 3.5], "texture": "#0"},
				"west": {"uv": [1.125, 2.25, 1.25, 3.5], "texture": "#0"},
				"up": {"uv": [1.125, 2.25, 0.875, 2.125], "texture": "#0"},
				"down": {"uv": [1.375, 2.125, 1.125, 2.25], "texture": "#0"}
			}
		},
		{
			"name": "bass 4",
			"from": [10.7871, 4.66181, 13],
			"to": [12.7871, 14.71649, 14],
			"rotation": {"angle": 45, "axis": "z", "origin": [9.7871, 5.16181, 3.5]},
			"faces": {
				"north": {"uv": [0.125, 4.375, 0.375, 5.625], "texture": "#0"},
				"east": {"uv": [0, 4.375, 0.125, 5.625], "texture": "#0"},
				"south": {"uv": [0.5, 4.375, 0.75, 5.625], "texture": "#0"},
				"west": {"uv": [0.375, 4.375, 0.5, 5.625], "texture": "#0"},
				"up": {"uv": [0.375, 4.375, 0.125, 4.25], "texture": "#0"},
				"down": {"uv": [0.625, 4.25, 0.375, 4.375], "texture": "#0"}
			}
		},
		{
			"name": "bass 5",
			"from": [1.86267, 7.19704, 13],
			"to": [11.91735, 9.19704, 14],
			"rotation": {"angle": -22.5, "axis": "z", "origin": [11.41735, 6.19704, 3.5]},
			"faces": {
				"north": {"uv": [8.25, 1.25, 9.5, 1.5], "texture": "#0"},
				"east": {"uv": [8.125, 1.25, 8.25, 1.5], "texture": "#0"},
				"south": {"uv": [9.625, 1.25, 10.875, 1.5], "texture": "#0"},
				"west": {"uv": [9.5, 1.25, 9.625, 1.5], "texture": "#0"},
				"up": {"uv": [9.5, 1.25, 8.25, 1.125], "texture": "#0"},
				"down": {"uv": [10.75, 1.125, 9.5, 1.25], "texture": "#0"}
			}
		},
		{
			"name": "bass 6",
			"from": [2.97266, 8.77734, 13],
			"to": [13.02734, 10.77734, 14],
			"rotation": {"angle": 0, "axis": "z", "origin": [12.52734, 7.77734, 3.5]},
			"faces": {
				"north": {"uv": [8.25, 0.125, 9.5, 0.375], "texture": "#0"},
				"east": {"uv": [8.125, 0.125, 8.25, 0.375], "texture": "#0"},
				"south": {"uv": [9.625, 0.125, 10.875, 0.375], "texture": "#0"},
				"west": {"uv": [9.5, 0.125, 9.625, 0.375], "texture": "#0"},
				"up": {"uv": [9.5, 0.125, 8.25, 0], "texture": "#0"},
				"down": {"uv": [10.75, 0, 9.5, 0.125], "texture": "#0"}
			}
		},
		{
			"name": "bass 7",
			"from": [3.3934, 10.66212, 13],
			"to": [13.44808, 12.66212, 14],
			"rotation": {"angle": 22.5, "axis": "z", "origin": [12.94808, 9.66212, 3.5]},
			"faces": {
				"north": {"uv": [8.25, 0.875, 9.5, 1.125], "texture": "#0"},
				"east": {"uv": [8.125, 0.875, 8.25, 1.125], "texture": "#0"},
				"south": {"uv": [9.625, 0.875, 10.875, 1.125], "texture": "#0"},
				"west": {"uv": [9.5, 0.875, 9.625, 1.125], "texture": "#0"},
				"up": {"uv": [9.5, 0.875, 8.25, 0.75], "texture": "#0"},
				"down": {"uv": [10.75, 0.75, 9.5, 0.875], "texture": "#0"}
			}
		},
		{
			"name": "bass 8",
			"from": [1.64663, 11.97865, 13],
			"to": [11.70131, 13.97865, 14],
			"rotation": {"angle": 45, "axis": "z", "origin": [11.20131, 12.97865, 3.5]},
			"faces": {
				"north": {"uv": [8.25, 0.5, 9.5, 0.75], "texture": "#0"},
				"east": {"uv": [8.125, 0.5, 8.25, 0.75], "texture": "#0"},
				"south": {"uv": [9.625, 0.5, 10.875, 0.75], "texture": "#0"},
				"west": {"uv": [9.5, 0.5, 9.625, 0.75], "texture": "#0"},
				"up": {"uv": [9.5, 0.5, 8.25, 0.375], "texture": "#0"},
				"down": {"uv": [10.75, 0.375, 9.5, 0.5], "texture": "#0"}
			}
		},
		{
			"name": "bass 9",
			"from": [8.73254, 4.40538, 13],
			"to": [10.73254, 14.46006, 14],
			"rotation": {"angle": -22.5, "axis": "z", "origin": [9.73254, 13.96006, 3.5]},
			"faces": {
				"north": {"uv": [0.875, 4.375, 1.125, 5.625], "texture": "#0"},
				"east": {"uv": [0.75, 4.375, 0.875, 5.625], "texture": "#0"},
				"south": {"uv": [1.25, 4.375, 1.5, 5.625], "texture": "#0"},
				"west": {"uv": [1.125, 4.375, 1.25, 5.625], "texture": "#0"},
				"up": {"uv": [1.125, 4.375, 0.875, 4.25], "texture": "#0"},
				"down": {"uv": [1.375, 4.25, 1.125, 4.375], "texture": "#0"}
			}
		},
		{
			"name": "bass 10",
			"from": [7, 4.75, 13],
			"to": [9, 14.80468, 14],
			"rotation": {"angle": 0, "axis": "z", "origin": [8, 14.30468, 3.5]},
			"faces": {
				"north": {"uv": [0.125, 2.25, 0.375, 3.5], "texture": "#0"},
				"east": {"uv": [0, 2.25, 0.125, 3.5], "texture": "#0"},
				"south": {"uv": [0.5, 2.25, 0.75, 3.5], "texture": "#0"},
				"west": {"uv": [0.375, 2.25, 0.5, 3.5], "texture": "#0"},
				"up": {"uv": [0.375, 2.25, 0.125, 2.125], "texture": "#0"},
				"down": {"uv": [0.625, 2.125, 0.375, 2.25], "texture": "#0"}
			}
		},
		{
			"name": "bass 1",
			"from": [0, 1, 0],
			"to": [1, 17, 16],
			"rotation": {"angle": 0, "axis": "y", "origin": [8, 8.5, 8]},
			"faces": {
				"north": {"uv": [2, 6.25, 2.125, 8.25], "texture": "#0"},
				"east": {"uv": [0, 6.25, 2, 8.25], "texture": "#0"},
				"south": {"uv": [4.125, 6.25, 4.25, 8.25], "texture": "#0"},
				"west": {"uv": [2.125, 6.25, 4.125, 8.25], "texture": "#0"},
				"up": {"uv": [2.125, 6.25, 2, 4.25], "texture": "#0"},
				"down": {"uv": [2.25, 4.25, 2.125, 6.25], "texture": "#0"}
			}
		},
		{
			"name": "bass 2",
			"from": [15, 1, 0],
			"to": [16, 17, 16],
			"rotation": {"angle": 0, "axis": "y", "origin": [8, 8.5, 8]},
			"faces": {
				"north": {"uv": [6.25, 6.25, 6.375, 8.25], "texture": "#0"},
				"east": {"uv": [4.25, 6.25, 6.25, 8.25], "texture": "#0"},
				"south": {"uv": [8.375, 6.25, 8.5, 8.25], "texture": "#0"},
				"west": {"uv": [6.375, 6.25, 8.375, 8.25], "texture": "#0"},
				"up": {"uv": [6.375, 6.25, 6.25, 4.25], "texture": "#0"},
				"down": {"uv": [6.5, 4.25, 6.375, 6.25], "texture": "#0"}
			}
		},
		{
			"name": "bass 3",
			"from": [11, 1, 0],
			"to": [12.125, 6.814, 1],
			"rotation": {"angle": 0, "axis": "y", "origin": [8, 8.5, 8]},
			"faces": {
				"north": {"uv": [0.125, 1.25, 0.25, 1.875], "texture": "#0"},
				"east": {"uv": [0, 1.25, 0.125, 1.875], "texture": "#0"},
				"south": {"uv": [0.375, 1.25, 0.5, 1.875], "texture": "#0"},
				"west": {"uv": [0.25, 1.25, 0.375, 1.875], "texture": "#0"},
				"up": {"uv": [0.25, 1.25, 0.125, 1.125], "texture": "#0"},
				"down": {"uv": [0.375, 1.125, 0.25, 1.25], "texture": "#0"}
			}
		},
		{
			"name": "bass 4",
			"from": [11, 12.763, 0],
			"to": [12.125, 17, 1],
			"rotation": {"angle": 0, "axis": "y", "origin": [8, 18.436, 8]},
			"faces": {
				"north": {"uv": [1.125, 1.25, 1.25, 1.75], "texture": "#0"},
				"east": {"uv": [1, 1.25, 1.125, 1.75], "texture": "#0"},
				"south": {"uv": [1.375, 1.25, 1.5, 1.75], "texture": "#0"},
				"west": {"uv": [1.25, 1.25, 1.375, 1.75], "texture": "#0"},
				"up": {"uv": [1.25, 1.25, 1.125, 1.125], "texture": "#0"},
				"down": {"uv": [1.375, 1.125, 1.25, 1.25], "texture": "#0"}
			}
		},
		{
			"name": "bass 5",
			"from": [5, 13.888, 0],
			"to": [11, 17, 1],
			"rotation": {"angle": 0, "axis": "y", "origin": [8.125, 18.436, 8]},
			"faces": {
				"north": {"uv": [0.125, 0.75, 0.875, 1.125], "texture": "#0"},
				"east": {"uv": [0, 0.75, 0.125, 1.125], "texture": "#0"},
				"south": {"uv": [1, 0.75, 1.75, 1.125], "texture": "#0"},
				"west": {"uv": [0.875, 0.75, 1, 1.125], "texture": "#0"},
				"up": {"uv": [0.875, 0.75, 0.125, 0.625], "texture": "#0"},
				"down": {"uv": [1.625, 0.625, 0.875, 0.75], "texture": "#0"}
			}
		},
		{
			"name": "bass 4",
			"from": [5, 1, 0],
			"to": [11, 5.689, 1],
			"rotation": {"angle": 0, "axis": "y", "origin": [7, 8.5, 8]},
			"faces": {
				"north": {"uv": [0.125, 0.125, 0.875, 0.625], "texture": "#0"},
				"east": {"uv": [0, 0.125, 0.125, 0.625], "texture": "#0"},
				"south": {"uv": [1, 0.125, 1.75, 0.625], "texture": "#0"},
				"west": {"uv": [0.875, 0.125, 1, 0.625], "texture": "#0"},
				"up": {"uv": [0.875, 0.125, 0.125, 0], "texture": "#0"},
				"down": {"uv": [1.625, 0, 0.875, 0.125], "texture": "#0"}
			}
		},
		{
			"name": "bass 4",
			"from": [3.875, 1, 0],
			"to": [5, 6.814, 1],
			"rotation": {"angle": 0, "axis": "y", "origin": [8, 8.5, 8]},
			"faces": {
				"north": {"uv": [0.625, 1.25, 0.75, 1.875], "texture": "#0"},
				"east": {"uv": [0.5, 1.25, 0.625, 1.875], "texture": "#0"},
				"south": {"uv": [0.875, 1.25, 1, 1.875], "texture": "#0"},
				"west": {"uv": [0.75, 1.25, 0.875, 1.875], "texture": "#0"},
				"up": {"uv": [0.75, 1.25, 0.625, 1.125], "texture": "#0"},
				"down": {"uv": [0.875, 1.125, 0.75, 1.25], "texture": "#0"}
			}
		},
		{
			"name": "bass 5",
			"from": [3.875, 12.763, 0],
			"to": [5, 17, 1],
			"rotation": {"angle": 0, "axis": "y", "origin": [8, 18.436, 8]},
			"faces": {
				"north": {"uv": [1.625, 1.25, 1.75, 1.75], "texture": "#0"},
				"east": {"uv": [1.5, 1.25, 1.625, 1.75], "texture": "#0"},
				"south": {"uv": [1.875, 1.25, 2, 1.75], "texture": "#0"},
				"west": {"uv": [1.75, 1.25, 1.875, 1.75], "texture": "#0"},
				"up": {"uv": [1.75, 1.25, 1.625, 1.125], "texture": "#0"},
				"down": {"uv": [1.875, 1.125, 1.75, 1.25], "texture": "#0"}
			}
		},
		{
			"name": "bass 3",
			"from": [1, 1, 0],
			"to": [3.875, 17, 1],
			"rotation": {"angle": 0, "axis": "y", "origin": [8, 8.5, 8]},
			"faces": {
				"north": {"uv": [9, 10.75, 9.25, 12.75], "texture": "#0"},
				"east": {"uv": [8.875, 10.75, 9, 12.75], "texture": "#0"},
				"south": {"uv": [9.375, 10.75, 9.625, 12.75], "texture": "#0"},
				"west": {"uv": [9.25, 10.75, 9.375, 12.75], "texture": "#0"},
				"up": {"uv": [9.25, 10.75, 9, 10.625], "texture": "#0"},
				"down": {"uv": [9.5, 10.625, 9.25, 10.75], "texture": "#0"}
			}
		},
		{
			"name": "bass 4",
			"from": [12.125, 1, 0],
			"to": [15, 17, 1],
			"rotation": {"angle": 0, "axis": "y", "origin": [8, 8.5, 8]},
			"faces": {
				"north": {"uv": [11.5, 3.875, 11.75, 5.875], "texture": "#0"},
				"east": {"uv": [11.375, 3.875, 11.5, 5.875], "texture": "#0"},
				"south": {"uv": [11.875, 3.875, 12.125, 5.875], "texture": "#0"},
				"west": {"uv": [11.75, 3.875, 11.875, 5.875], "texture": "#0"},
				"up": {"uv": [11.75, 3.875, 11.5, 3.75], "texture": "#0"},
				"down": {"uv": [12, 3.75, 11.75, 3.875], "texture": "#0"}
			}
		},
		{
			"name": "bass 5",
			"from": [0, 15, -0.5],
			"to": [16, 17, 0],
			"rotation": {"angle": 0, "axis": "y", "origin": [8, 8.5, 8]},
			"faces": {
				"north": {"uv": [0, 11.875, 4, 12.875], "texture": "#0"},
				"east": {"uv": [9, 8.25, 9.125, 8.5], "texture": "#0"},
				"south": {"uv": [11.125, 8.25, 13, 8.5], "texture": "#0"},
				"west": {"uv": [11, 8.25, 11.125, 8.5], "texture": "#0"},
				"up": {"uv": [11, 8.25, 9.125, 8.125], "texture": "#0"},
				"down": {"uv": [12.875, 8.125, 11, 8.25], "texture": "#0"}
			}
		},
		{
			"name": "bass 6",
			"from": [0, 17, -0.75],
			"to": [16, 17.125, 16],
			"rotation": {"angle": 0, "axis": "y", "origin": [8, 8.5, 8]},
			"faces": {
				"north": {"uv": [2, 4.125, 3.875, 4.25], "texture": "#0"},
				"east": {"uv": [0, 4.125, 2, 4.25], "texture": "#0"},
				"south": {"uv": [5.875, 4.125, 7.75, 4.25], "texture": "#0"},
				"west": {"uv": [3.875, 4.125, 5.875, 4.25], "texture": "#0"},
				"up": {"uv": [3.875, 4.125, 2, 2.125], "texture": "#0"},
				"down": {"uv": [5.75, 2.125, 3.875, 4.125], "texture": "#0"}
			}
		},
		{
			"name": "bass 6",
			"from": [0, 14.65311, -0.10406],
			"to": [16, 15.37111, 0.39594],
			"rotation": {"angle": -45, "axis": "x", "origin": [8.0625, 14.70761, 0.14594]},
			"faces": {
				"north": {"uv": [5.875, 4, 7.75, 4.125], "texture": "#0"},
				"east": {"uv": [5.75, 4, 5.875, 4.125], "texture": "#0"},
				"south": {"uv": [7.875, 4, 9.75, 4.125], "texture": "#0"},
				"west": {"uv": [7.75, 4, 7.875, 4.125], "texture": "#0"},
				"up": {"uv": [7.75, 4, 5.875, 3.875], "texture": "#0"},
				"down": {"uv": [9.625, 3.875, 7.75, 4], "texture": "#0"}
			}
		},
		{
			"name": "bass 4",
			"from": [1, 1, 15],
			"to": [15, 17, 16],
			"rotation": {"angle": 0, "axis": "y", "origin": [8, 8.5, 8]},
			"faces": {
				"north": {"uv": [7.75, 4.25, 9.5, 6.25], "texture": "#0"},
				"east": {"uv": [7.625, 4.25, 7.75, 6.25], "texture": "#0"},
				"south": {"uv": [9.625, 4.25, 11.375, 6.25], "texture": "#0"},
				"west": {"uv": [9.5, 4.25, 9.625, 6.25], "texture": "#0"},
				"up": {"uv": [9.5, 4.25, 7.75, 4.125], "texture": "#0"},
				"down": {"uv": [11.25, 4.125, 9.5, 4.25], "texture": "#0"}
			}
		},
		{
			"name": "bass 5",
			"from": [0, 0, 0],
			"to": [16, 1, 16],
			"rotation": {"angle": 0, "axis": "y", "origin": [8, 8.5, 8]},
			"faces": {
				"north": {"uv": [2, 2, 4, 2.125], "texture": "#0"},
				"east": {"uv": [0, 2, 2, 2.125], "texture": "#0"},
				"south": {"uv": [6, 2, 8, 2.125], "texture": "#0"},
				"west": {"uv": [4, 2, 6, 2.125], "texture": "#0"},
				"up": {"uv": [4, 2, 2, 0], "texture": "#0"},
				"down": {"uv": [6, 0, 4, 2], "texture": "#0"}
			}
		},
		{
			"name": "bass 4",
			"from": [8.1156, 15.32433, -0.6472],
			"to": [8.3844, 16.67567, -0.4648],
			"rotation": {"angle": 22.5, "axis": "z", "origin": [8.25, 16, -0.532]},
			"faces": {
				"north": {"uv": [0.875, 2.25, 1.125, 3.5], "texture": "#0"},
				"east": {"uv": [0.75, 2.25, 0.875, 3.5], "texture": "#0"},
				"south": {"uv": [1.25, 2.25, 1.5, 3.5], "texture": "#0"},
				"west": {"uv": [1.125, 2.25, 1.25, 3.5], "texture": "#0"},
				"up": {"uv": [1.125, 2.25, 0.875, 2.125], "texture": "#0"},
				"down": {"uv": [1.375, 2.125, 1.125, 2.25], "texture": "#0"}
			}
		},
		{
			"name": "bass 5",
			"from": [8.1156, 15.32433, -0.6472],
			"to": [8.3844, 16.67567, -0.4648],
			"rotation": {"angle": 45, "axis": "z", "origin": [8.25, 16, -0.532]},
			"faces": {
				"north": {"uv": [0.125, 4.375, 0.375, 5.625], "texture": "#0"},
				"east": {"uv": [0, 4.375, 0.125, 5.625], "texture": "#0"},
				"south": {"uv": [0.5, 4.375, 0.75, 5.625], "texture": "#0"},
				"west": {"uv": [0.375, 4.375, 0.5, 5.625], "texture": "#0"},
				"up": {"uv": [0.375, 4.375, 0.125, 4.25], "texture": "#0"},
				"down": {"uv": [0.625, 4.25, 0.375, 4.375], "texture": "#0"}
			}
		},
		{
			"name": "bass 6",
			"from": [7.57433, 15.8656, -0.6472],
			"to": [8.92567, 16.1344, -0.4648],
			"rotation": {"angle": -22.5, "axis": "z", "origin": [8.25, 16, -0.532]},
			"faces": {
				"north": {"uv": [8.25, 1.25, 9.5, 1.5], "texture": "#0"},
				"east": {"uv": [8.125, 1.25, 8.25, 1.5], "texture": "#0"},
				"south": {"uv": [9.625, 1.25, 10.875, 1.5], "texture": "#0"},
				"west": {"uv": [9.5, 1.25, 9.625, 1.5], "texture": "#0"},
				"up": {"uv": [9.5, 1.25, 8.25, 1.125], "texture": "#0"},
				"down": {"uv": [10.75, 1.125, 9.5, 1.25], "texture": "#0"}
			}
		},
		{
			"name": "bass 7",
			"from": [7.57433, 15.8656, -0.6472],
			"to": [8.92567, 16.1344, -0.4648],
			"rotation": {"angle": 0, "axis": "z", "origin": [8.25, 16, -0.532]},
			"faces": {
				"north": {"uv": [8.25, 0.125, 9.5, 0.375], "texture": "#0"},
				"east": {"uv": [8.125, 0.125, 8.25, 0.375], "texture": "#0"},
				"south": {"uv": [9.625, 0.125, 10.875, 0.375], "texture": "#0"},
				"west": {"uv": [9.5, 0.125, 9.625, 0.375], "texture": "#0"},
				"up": {"uv": [9.5, 0.125, 8.25, 0], "texture": "#0"},
				"down": {"uv": [10.75, 0, 9.5, 0.125], "texture": "#0"}
			}
		},
		{
			"name": "bass 8",
			"from": [7.57433, 15.8656, -0.6472],
			"to": [8.92567, 16.1344, -0.4648],
			"rotation": {"angle": 22.5, "axis": "z", "origin": [8.25, 16, -0.532]},
			"faces": {
				"north": {"uv": [8.25, 0.875, 9.5, 1.125], "texture": "#0"},
				"east": {"uv": [8.125, 0.875, 8.25, 1.125], "texture": "#0"},
				"south": {"uv": [9.625, 0.875, 10.875, 1.125], "texture": "#0"},
				"west": {"uv": [9.5, 0.875, 9.625, 1.125], "texture": "#0"},
				"up": {"uv": [9.5, 0.875, 8.25, 0.75], "texture": "#0"},
				"down": {"uv": [10.75, 0.75, 9.5, 0.875], "texture": "#0"}
			}
		},
		{
			"name": "bass 9",
			"from": [7.57433, 15.8656, -0.6472],
			"to": [8.92567, 16.1344, -0.4648],
			"rotation": {"angle": 45, "axis": "z", "origin": [8.25, 16, -0.532]},
			"faces": {
				"north": {"uv": [8.25, 0.5, 9.5, 0.75], "texture": "#0"},
				"east": {"uv": [8.125, 0.5, 8.25, 0.75], "texture": "#0"},
				"south": {"uv": [9.625, 0.5, 10.875, 0.75], "texture": "#0"},
				"west": {"uv": [9.5, 0.5, 9.625, 0.75], "texture": "#0"},
				"up": {"uv": [9.5, 0.5, 8.25, 0.375], "texture": "#0"},
				"down": {"uv": [10.75, 0.375, 9.5, 0.5], "texture": "#0"}
			}
		},
		{
			"name": "bass 10",
			"from": [8.1156, 15.32433, -0.6472],
			"to": [8.3844, 16.67567, -0.4648],
			"rotation": {"angle": -22.5, "axis": "z", "origin": [8.25, 16, -0.532]},
			"faces": {
				"north": {"uv": [0.875, 4.375, 1.125, 5.625], "texture": "#0"},
				"east": {"uv": [0.75, 4.375, 0.875, 5.625], "texture": "#0"},
				"south": {"uv": [1.25, 4.375, 1.5, 5.625], "texture": "#0"},
				"west": {"uv": [1.125, 4.375, 1.25, 5.625], "texture": "#0"},
				"up": {"uv": [1.125, 4.375, 0.875, 4.25], "texture": "#0"},
				"down": {"uv": [1.375, 4.25, 1.125, 4.375], "texture": "#0"}
			}
		},
		{
			"name": "bass 11",
			"from": [8.1156, 15.32433, -0.6472],
			"to": [8.3844, 16.67567, -0.4648],
			"rotation": {"angle": 0, "axis": "z", "origin": [8.25, 16, -0.532]},
			"faces": {
				"north": {"uv": [4, 11.875, 4.25, 13.125], "texture": "#0"},
				"east": {"uv": [4, 11.875, 4.25, 13.125], "texture": "#0"},
				"south": {"uv": [4, 11.875, 4.25, 13.125], "texture": "#0"},
				"west": {"uv": [4, 11.875, 4.25, 13.125], "texture": "#0"},
				"up": {"uv": [4, 11.875, 4.25, 13.125], "texture": "#0"},
				"down": {"uv": [4, 11.875, 4.25, 13.125], "texture": "#0"}
			}
		},
		{
			"name": "bass 5",
			"from": [4.6156, 15.32433, -0.6472],
			"to": [4.8844, 16.67567, -0.4648],
			"rotation": {"angle": 22.5, "axis": "z", "origin": [4.75, 16, -0.532]},
			"faces": {
				"north": {"uv": [0.875, 2.25, 1.125, 3.5], "texture": "#0"},
				"east": {"uv": [0.75, 2.25, 0.875, 3.5], "texture": "#0"},
				"south": {"uv": [1.25, 2.25, 1.5, 3.5], "texture": "#0"},
				"west": {"uv": [1.125, 2.25, 1.25, 3.5], "texture": "#0"},
				"up": {"uv": [1.125, 2.25, 0.875, 2.125], "texture": "#0"},
				"down": {"uv": [1.375, 2.125, 1.125, 2.25], "texture": "#0"}
			}
		},
		{
			"name": "bass 6",
			"from": [4.6156, 15.32433, -0.6472],
			"to": [4.8844, 16.67567, -0.4648],
			"rotation": {"angle": 45, "axis": "z", "origin": [4.75, 16, -0.532]},
			"faces": {
				"north": {"uv": [0.125, 4.375, 0.375, 5.625], "texture": "#0"},
				"east": {"uv": [0, 4.375, 0.125, 5.625], "texture": "#0"},
				"south": {"uv": [0.5, 4.375, 0.75, 5.625], "texture": "#0"},
				"west": {"uv": [0.375, 4.375, 0.5, 5.625], "texture": "#0"},
				"up": {"uv": [0.375, 4.375, 0.125, 4.25], "texture": "#0"},
				"down": {"uv": [0.625, 4.25, 0.375, 4.375], "texture": "#0"}
			}
		},
		{
			"name": "bass 7",
			"from": [4.07433, 15.8656, -0.6472],
			"to": [5.42567, 16.1344, -0.4648],
			"rotation": {"angle": -22.5, "axis": "z", "origin": [4.75, 16, -0.532]},
			"faces": {
				"north": {"uv": [4, 11.875, 4.25, 13.125], "rotation": 90, "texture": "#0"},
				"east": {"uv": [4, 11.875, 4.25, 13.125], "rotation": 90, "texture": "#0"},
				"south": {"uv": [4, 11.875, 4.25, 13.125], "rotation": 90, "texture": "#0"},
				"west": {"uv": [4, 11.875, 4.25, 13.125], "rotation": 90, "texture": "#0"},
				"up": {"uv": [4, 11.875, 4.25, 13.125], "rotation": 90, "texture": "#0"},
				"down": {"uv": [4, 11.875, 4.25, 13.125], "rotation": 90, "texture": "#0"}
			}
		},
		{
			"name": "bass 8",
			"from": [4.07433, 15.8656, -0.6472],
			"to": [5.42567, 16.1344, -0.4648],
			"rotation": {"angle": 0, "axis": "z", "origin": [4.75, 16, -0.532]},
			"faces": {
				"north": {"uv": [8.25, 0.125, 9.5, 0.375], "texture": "#0"},
				"east": {"uv": [8.125, 0.125, 8.25, 0.375], "texture": "#0"},
				"south": {"uv": [9.625, 0.125, 10.875, 0.375], "texture": "#0"},
				"west": {"uv": [9.5, 0.125, 9.625, 0.375], "texture": "#0"},
				"up": {"uv": [9.5, 0.125, 8.25, 0], "texture": "#0"},
				"down": {"uv": [10.75, 0, 9.5, 0.125], "texture": "#0"}
			}
		},
		{
			"name": "bass 9",
			"from": [4.07433, 15.8656, -0.6472],
			"to": [5.42567, 16.1344, -0.4648],
			"rotation": {"angle": 22.5, "axis": "z", "origin": [4.75, 16, -0.532]},
			"faces": {
				"north": {"uv": [8.25, 0.875, 9.5, 1.125], "texture": "#0"},
				"east": {"uv": [8.125, 0.875, 8.25, 1.125], "texture": "#0"},
				"south": {"uv": [9.625, 0.875, 10.875, 1.125], "texture": "#0"},
				"west": {"uv": [9.5, 0.875, 9.625, 1.125], "texture": "#0"},
				"up": {"uv": [9.5, 0.875, 8.25, 0.75], "texture": "#0"},
				"down": {"uv": [10.75, 0.75, 9.5, 0.875], "texture": "#0"}
			}
		},
		{
			"name": "bass 10",
			"from": [4.07433, 15.8656, -0.6472],
			"to": [5.42567, 16.1344, -0.4648],
			"rotation": {"angle": 45, "axis": "z", "origin": [4.75, 16, -0.532]},
			"faces": {
				"north": {"uv": [8.25, 0.5, 9.5, 0.75], "texture": "#0"},
				"east": {"uv": [8.125, 0.5, 8.25, 0.75], "texture": "#0"},
				"south": {"uv": [9.625, 0.5, 10.875, 0.75], "texture": "#0"},
				"west": {"uv": [9.5, 0.5, 9.625, 0.75], "texture": "#0"},
				"up": {"uv": [9.5, 0.5, 8.25, 0.375], "texture": "#0"},
				"down": {"uv": [10.75, 0.375, 9.5, 0.5], "texture": "#0"}
			}
		},
		{
			"name": "bass 11",
			"from": [4.6156, 15.32433, -0.6472],
			"to": [4.8844, 16.67567, -0.4648],
			"rotation": {"angle": -22.5, "axis": "z", "origin": [4.75, 16, -0.532]},
			"faces": {
				"north": {"uv": [0.875, 4.375, 1.125, 5.625], "texture": "#0"},
				"east": {"uv": [0.75, 4.375, 0.875, 5.625], "texture": "#0"},
				"south": {"uv": [1.25, 4.375, 1.5, 5.625], "texture": "#0"},
				"west": {"uv": [1.125, 4.375, 1.25, 5.625], "texture": "#0"},
				"up": {"uv": [1.125, 4.375, 0.875, 4.25], "texture": "#0"},
				"down": {"uv": [1.375, 4.25, 1.125, 4.375], "texture": "#0"}
			}
		},
		{
			"name": "bass 12",
			"from": [4.6156, 15.32433, -0.6472],
			"to": [4.8844, 16.67567, -0.4648],
			"rotation": {"angle": 0, "axis": "z", "origin": [4.75, 16, -0.532]},
			"faces": {
				"north": {"uv": [0.125, 2.25, 0.375, 3.5], "texture": "#0"},
				"east": {"uv": [0, 2.25, 0.125, 3.5], "texture": "#0"},
				"south": {"uv": [0.5, 2.25, 0.75, 3.5], "texture": "#0"},
				"west": {"uv": [0.375, 2.25, 0.5, 3.5], "texture": "#0"},
				"up": {"uv": [0.375, 2.25, 0.125, 2.125], "texture": "#0"},
				"down": {"uv": [0.625, 2.125, 0.375, 2.25], "texture": "#0"}
			}
		},
		{
			"name": "bass 3",
			"from": [7.00011, 4.74973, -0.74985],
			"to": [9.00011, 5.74973, -0.37485],
			"rotation": {"angle": 0, "axis": "y", "origin": [7.98098, 9.79332, -0.55944]},
			"faces": {
				"north": {"uv": [3.375, 4.375, 3.5, 4.5], "texture": "#0"},
				"east": {"uv": [3.375, 4.375, 3.5, 4.5], "texture": "#0"},
				"south": {"uv": [3.375, 4.375, 3.5, 4.5], "texture": "#0"},
				"west": {"uv": [3.375, 4.375, 3.5, 4.5], "texture": "#0"},
				"up": {"uv": [3.375, 4.375, 3.5, 4.5], "rotation": 180, "texture": "#0"},
				"down": {"uv": [3.375, 4.375, 3.5, 4.5], "rotation": 180, "texture": "#0"}
			}
		},
		{
			"name": "bass 4",
			"from": [3.87511, 5.62473, -0.49985],
			"to": [12.12511, 13.87473, -0.49985],
			"rotation": {"angle": 0, "axis": "y", "origin": [7.98098, 9.79332, -2.12407]},
			"faces": {
				"north": {"uv": [0, 13, 3, 16], "texture": "#0"},
				"east": {"uv": [0, 13, 3, 16], "texture": "#0"},
				"south": {"uv": [0, 13, 3, 16], "texture": "#0"},
				"west": {"uv": [0, 13, 3, 16], "texture": "#0"},
				"up": {"uv": [0, 13, 3, 16], "rotation": 180, "texture": "#0"},
				"down": {"uv": [0, 13, 3, 16], "rotation": 180, "texture": "#0"}
			}
		},
		{
			"name": "bass 4",
			"from": [6.99244, 4.74365, -0.74985],
			"to": [8.99244, 5.74365, -0.37485],
			"rotation": {"angle": 22.5, "axis": "z", "origin": [7.98098, 9.79332, -0.55944]},
			"faces": {
				"north": {"uv": [2.625, 4.375, 2.75, 4.5], "texture": "#0"},
				"east": {"uv": [2.625, 4.375, 2.75, 4.5], "texture": "#0"},
				"south": {"uv": [2.625, 4.375, 2.75, 4.5], "texture": "#0"},
				"west": {"uv": [2.625, 4.375, 2.75, 4.5], "texture": "#0"},
				"up": {"uv": [2.625, 4.375, 2.75, 4.5], "rotation": 180, "texture": "#0"},
				"down": {"uv": [2.625, 4.375, 2.75, 4.5], "rotation": 180, "texture": "#0"}
			}
		},
		{
			"name": "bass 5",
			"from": [7.00487, 4.75829, -0.74985],
			"to": [9.00487, 5.75829, -0.37485],
			"rotation": {"angle": -22.5, "axis": "z", "origin": [7.98098, 9.79332, -0.55944]},
			"faces": {
				"north": {"uv": [0.375, 3.625, 0.5, 3.75], "texture": "#0"},
				"east": {"uv": [0.375, 3.625, 0.5, 3.75], "texture": "#0"},
				"south": {"uv": [0.375, 3.625, 0.5, 3.75], "texture": "#0"},
				"west": {"uv": [0.375, 3.625, 0.5, 3.75], "texture": "#0"},
				"up": {"uv": [0.375, 3.625, 0.5, 3.75], "rotation": 180, "texture": "#0"},
				"down": {"uv": [0.375, 3.625, 0.5, 3.75], "rotation": 180, "texture": "#0"}
			}
		},
		{
			"name": "bass 5",
			"from": [6.98302, 4.74096, -0.74985],
			"to": [8.98302, 5.74096, -0.37485],
			"rotation": {"angle": 45, "axis": "z", "origin": [7.98098, 9.79332, -0.55944]},
			"faces": {
				"north": {"uv": [0.375, 3.875, 0.5, 4], "texture": "#0"},
				"east": {"uv": [0.375, 3.875, 0.5, 4], "texture": "#0"},
				"south": {"uv": [0.375, 3.875, 0.5, 4], "texture": "#0"},
				"west": {"uv": [0.375, 3.875, 0.5, 4], "texture": "#0"},
				"up": {"uv": [0.375, 3.875, 0.5, 4], "rotation": 180, "texture": "#0"},
				"down": {"uv": [0.375, 3.875, 0.5, 4], "rotation": 180, "texture": "#0"}
			}
		},
		{
			"name": "bass 6",
			"from": [7.006, 4.76803, -0.74985],
			"to": [9.006, 5.76803, -0.37485],
			"rotation": {"angle": -45, "axis": "z", "origin": [7.98098, 9.79332, -0.55944]},
			"faces": {
				"north": {"uv": [1.125, 3.875, 1.25, 4], "texture": "#0"},
				"east": {"uv": [1.125, 3.875, 1.25, 4], "texture": "#0"},
				"south": {"uv": [1.125, 3.875, 1.25, 4], "texture": "#0"},
				"west": {"uv": [1.125, 3.875, 1.25, 4], "texture": "#0"},
				"up": {"uv": [1.125, 3.875, 1.25, 4], "rotation": 180, "texture": "#0"},
				"down": {"uv": [1.125, 3.875, 1.25, 4], "rotation": 180, "texture": "#0"}
			}
		},
		{
			"name": "bass 6",
			"from": [12.03221, 8.78563, -0.74985],
			"to": [13.03221, 10.78563, -0.37485],
			"rotation": {"angle": -22.5, "axis": "z", "origin": [7.98098, 9.79332, -0.55944]},
			"faces": {
				"north": {"uv": [2.5, 4.625, 2.625, 4.875], "texture": "#0"},
				"east": {"uv": [2.5, 4.625, 2.625, 4.875], "texture": "#0"},
				"south": {"uv": [2.5, 4.625, 2.625, 4.875], "texture": "#0"},
				"west": {"uv": [2.5, 4.625, 2.625, 4.875], "texture": "#0"},
				"up": {"uv": [2.5, 4.625, 2.625, 4.875], "rotation": 180, "texture": "#0"},
				"down": {"uv": [2.5, 4.625, 2.625, 4.875], "rotation": 180, "texture": "#0"}
			}
		},
		{
			"name": "bass 7",
			"from": [2.9651, 8.77099, -0.74985],
			"to": [3.9651, 10.77099, -0.37485],
			"rotation": {"angle": 22.5, "axis": "z", "origin": [7.98098, 9.79332, -0.55944]},
			"faces": {
				"north": {"uv": [1.75, 4.375, 1.875, 4.625], "texture": "#0"},
				"east": {"uv": [1.75, 4.375, 1.875, 4.625], "texture": "#0"},
				"south": {"uv": [1.75, 4.375, 1.875, 4.625], "texture": "#0"},
				"west": {"uv": [1.75, 4.375, 1.875, 4.625], "texture": "#0"},
				"up": {"uv": [1.75, 4.375, 1.875, 4.625], "rotation": 180, "texture": "#0"},
				"down": {"uv": [1.75, 4.375, 1.875, 4.625], "rotation": 180, "texture": "#0"}
			}
		},
		{
			"name": "bass 7",
			"from": [12.02745, 8.77707, -0.74985],
			"to": [13.02745, 10.77707, -0.37485],
			"rotation": {"angle": 0, "axis": "z", "origin": [7.98098, 9.79332, -0.55944]},
			"faces": {
				"north": {"uv": [1.75, 3.75, 1.875, 4], "texture": "#0"},
				"east": {"uv": [1.75, 3.75, 1.875, 4], "texture": "#0"},
				"south": {"uv": [1.75, 3.75, 1.875, 4], "texture": "#0"},
				"west": {"uv": [1.75, 3.75, 1.875, 4], "texture": "#0"},
				"up": {"uv": [1.75, 3.75, 1.875, 4], "rotation": 180, "texture": "#0"},
				"down": {"uv": [1.75, 3.75, 1.875, 4], "rotation": 180, "texture": "#0"}
			}
		},
		{
			"name": "bass 8",
			"from": [2.97277, 8.77707, -0.74985],
			"to": [3.97277, 10.77707, -0.37485],
			"rotation": {"angle": 0, "axis": "z", "origin": [7.98098, 9.79332, -0.55944]},
			"faces": {
				"north": {"uv": [3, 4.625, 3.125, 4.875], "texture": "#0"},
				"east": {"uv": [3, 4.625, 3.125, 4.875], "texture": "#0"},
				"south": {"uv": [3, 4.625, 3.125, 4.875], "texture": "#0"},
				"west": {"uv": [3, 4.625, 3.125, 4.875], "texture": "#0"},
				"up": {"uv": [3, 4.625, 3.125, 4.875], "rotation": 180, "texture": "#0"},
				"down": {"uv": [3, 4.625, 3.125, 4.875], "rotation": 180, "texture": "#0"}
			}
		},
		{
			"name": "bass 9",
			"from": [3.08705, 8.77707, -0.83309],
			"to": [3.33705, 10.77707, -0.58309],
			"rotation": {"angle": -45, "axis": "y", "origin": [3.23121, 9.77707, -0.80441]},
			"faces": {
				"north": {"uv": [3, 4.625, 3.125, 4.875], "texture": "#0"},
				"east": {"uv": [3, 4.625, 3.125, 4.875], "texture": "#0"},
				"south": {"uv": [3, 4.625, 3.125, 4.875], "texture": "#0"},
				"west": {"uv": [3, 4.625, 3.125, 4.875], "texture": "#0"},
				"up": {"uv": [3, 4.625, 3.125, 4.875], "rotation": 180, "texture": "#0"},
				"down": {"uv": [3, 4.625, 3.125, 4.875], "rotation": 180, "texture": "#0"}
			}
		},
		{
			"name": "bass 10",
			"from": [3.20253, 8.77707, -0.94857],
			"to": [3.45253, 10.77707, -0.69857],
			"rotation": {"angle": 22.5, "axis": "y", "origin": [3.23121, 9.77707, -0.80441]},
			"faces": {
				"north": {"uv": [3, 4.625, 3.125, 4.875], "texture": "#0"},
				"east": {"uv": [3, 4.625, 3.125, 4.875], "texture": "#0"},
				"south": {"uv": [3, 4.625, 3.125, 4.875], "texture": "#0"},
				"west": {"uv": [3, 4.625, 3.125, 4.875], "texture": "#0"},
				"up": {"uv": [3, 4.625, 3.125, 4.875], "rotation": 270, "texture": "#0"},
				"down": {"uv": [3, 4.625, 3.125, 4.875], "rotation": 90, "texture": "#0"}
			}
		},
		{
			"name": "bass 8",
			"from": [12.01978, 8.77099, -0.74985],
			"to": [13.01978, 10.77099, -0.37485],
			"rotation": {"angle": 22.5, "axis": "z", "origin": [7.98098, 9.79332, -0.55944]},
			"faces": {
				"north": {"uv": [1.75, 3, 1.875, 3.25], "texture": "#0"},
				"east": {"uv": [1.75, 3, 1.875, 3.25], "texture": "#0"},
				"south": {"uv": [1.75, 3, 1.875, 3.25], "texture": "#0"},
				"west": {"uv": [1.75, 3, 1.875, 3.25], "texture": "#0"},
				"up": {"uv": [1.75, 3, 1.875, 3.25], "rotation": 180, "texture": "#0"},
				"down": {"uv": [1.75, 3, 1.875, 3.25], "rotation": 180, "texture": "#0"}
			}
		},
		{
			"name": "bass 9",
			"from": [2.97753, 8.78563, -0.74985],
			"to": [3.97753, 10.78563, -0.37485],
			"rotation": {"angle": -22.5, "axis": "z", "origin": [7.98098, 9.79332, -0.55944]},
			"faces": {
				"north": {"uv": [1.75, 2.625, 1.875, 2.875], "texture": "#0"},
				"east": {"uv": [1.75, 2.625, 1.875, 2.875], "texture": "#0"},
				"south": {"uv": [1.75, 2.625, 1.875, 2.875], "texture": "#0"},
				"west": {"uv": [1.75, 2.625, 1.875, 2.875], "texture": "#0"},
				"up": {"uv": [1.75, 2.625, 1.875, 2.875], "rotation": 180, "texture": "#0"},
				"down": {"uv": [1.75, 2.625, 1.875, 2.875], "rotation": 180, "texture": "#0"}
			}
		},
		{
			"name": "bass 9",
			"from": [12.01036, 8.7683, -0.74985],
			"to": [13.01036, 10.7683, -0.37485],
			"rotation": {"angle": 45, "axis": "z", "origin": [7.98098, 9.79332, -0.55944]},
			"faces": {
				"north": {"uv": [1.75, 2.25, 1.875, 2.5], "texture": "#0"},
				"east": {"uv": [1.75, 2.25, 1.875, 2.5], "texture": "#0"},
				"south": {"uv": [1.75, 2.25, 1.875, 2.5], "texture": "#0"},
				"west": {"uv": [1.75, 2.25, 1.875, 2.5], "texture": "#0"},
				"up": {"uv": [1.75, 2.25, 1.875, 2.5], "rotation": 180, "texture": "#0"},
				"down": {"uv": [1.75, 2.25, 1.875, 2.5], "rotation": 180, "texture": "#0"}
			}
		},
		{
			"name": "bass 10",
			"from": [2.97866, 8.79536, -0.74985],
			"to": [3.97866, 10.79536, -0.37485],
			"rotation": {"angle": -45, "axis": "z", "origin": [7.98098, 9.79332, -0.55944]},
			"faces": {
				"north": {"uv": [1.75, 3.375, 1.875, 3.625], "texture": "#0"},
				"east": {"uv": [1.75, 3.375, 1.875, 3.625], "texture": "#0"},
				"south": {"uv": [1.75, 3.375, 1.875, 3.625], "texture": "#0"},
				"west": {"uv": [1.75, 3.375, 1.875, 3.625], "texture": "#0"},
				"up": {"uv": [1.75, 3.375, 1.875, 3.625], "rotation": 180, "texture": "#0"},
				"down": {"uv": [1.75, 3.375, 1.875, 3.625], "rotation": 180, "texture": "#0"}
			}
		},
		{
			"name": "bass 10",
			"from": [7.00487, 13.81297, -0.74985],
			"to": [9.00487, 14.81297, -0.37485],
			"rotation": {"angle": -22.5, "axis": "z", "origin": [7.98098, 9.79332, -0.55944]},
			"faces": {
				"north": {"uv": [1.125, 3.625, 1.25, 3.75], "texture": "#0"},
				"east": {"uv": [1.125, 3.625, 1.25, 3.75], "texture": "#0"},
				"south": {"uv": [1.125, 3.625, 1.25, 3.75], "texture": "#0"},
				"west": {"uv": [1.125, 3.625, 1.25, 3.75], "texture": "#0"},
				"up": {"uv": [1.125, 3.625, 1.25, 3.75], "rotation": 180, "texture": "#0"},
				"down": {"uv": [1.125, 3.625, 1.25, 3.75], "rotation": 180, "texture": "#0"}
			}
		},
		{
			"name": "bass 11",
			"from": [6.99244, 13.79833, -0.74985],
			"to": [8.99244, 14.79833, -0.37485],
			"rotation": {"angle": 22.5, "axis": "z", "origin": [7.98098, 9.79332, -0.55944]},
			"faces": {
				"north": {"uv": [4.75, 4.5, 4.875, 4.625], "texture": "#0"},
				"east": {"uv": [4.75, 4.5, 4.875, 4.625], "texture": "#0"},
				"south": {"uv": [4.75, 4.5, 4.875, 4.625], "texture": "#0"},
				"west": {"uv": [4.75, 4.5, 4.875, 4.625], "texture": "#0"},
				"up": {"uv": [4.75, 4.5, 4.875, 4.625], "rotation": 180, "texture": "#0"},
				"down": {"uv": [4.75, 4.5, 4.875, 4.625], "rotation": 180, "texture": "#0"}
			}
		},
		{
			"name": "bass 11",
			"from": [7.00011, 13.80441, -0.74985],
			"to": [9.00011, 14.80441, -0.37485],
			"rotation": {"angle": 0, "axis": "z", "origin": [7.98098, 9.79332, -0.55944]},
			"faces": {
				"north": {"uv": [1.25, 1.875, 1.375, 2], "texture": "#0"},
				"east": {"uv": [1.25, 1.875, 1.375, 2], "texture": "#0"},
				"south": {"uv": [1.25, 1.875, 1.375, 2], "texture": "#0"},
				"west": {"uv": [1.25, 1.875, 1.375, 2], "texture": "#0"},
				"up": {"uv": [1.25, 1.875, 1.375, 2], "rotation": 180, "texture": "#0"},
				"down": {"uv": [1.25, 1.875, 1.375, 2], "rotation": 180, "texture": "#0"}
			}
		}
	],
	"display": {
		"firstperson_righthand": {
			"scale": [0.5, 0.5, 0.5]
		},
		"firstperson_lefthand": {
			"scale": [0.5, 0.5, 0.5]
		},
		"ground": {
			"scale": [0.5, 0.5, 0.5]
		},
		"gui": {
			"rotation": [11, -165, 0],
			"scale": [0.5, 0.5, 0.5]
		},
		"fixed": {
			"rotation": [-90, 0, 0],
			"translation": [0, 0, -15.75],
			"scale": [2.25, 2.25, 2.25]
		}
	},
	"groups": [
		{
			"name": "bass",
			"origin": [8, 8, 8],
			"children": [
				{
					"name": "C-i",
					"origin": [1, 9.55468, 0.5],
					"children": [0, 1, 2, 3, 4, 5, 6, 7, 8, 9, 10, 11, 12, 13, 14, 15]
				},
				{
					"name": "C-i-f",
					"origin": [1, 9.55468, 0.5],
					"children": [16, 17, 18, 19, 20, 21, 22, 23, 24, 25, 26, 27, 28, 29, 30, 31, 32, 33]
				},
				{
					"name": "C-i-b",
					"origin": [1, 9.55468, 0.5],
					"children": [34, 35, 36, 37, 38, 39, 40, 41]
				},
				{
					"name": "U",
					"origin": [8, 8, 8],
					"children": [42, 43, 44, 45, 46, 47, 48, 49, 50, 51, 52, 53, 54, 55, 56]
				},
				{
					"name": "B-t-p",
					"origin": [1, 9.55468, 0.5],
					"children": [57, 58, 59, 60, 61, 62, 63, 64]
				},
				{
					"name": "B-t-p",
					"origin": [1, 9.55468, 0.5],
					"children": [65, 66, 67, 68, 69, 70, 71, 72]
				}
			]
		},
		{
			"name": "H-g",
			"origin": [8, 14.30468, -0.5],
			"children": [73, 74, 75, 76, 77, 78, 79, 80, 81, 82, 83, 84, 85, 86, 87, 88, 89, 90, 91]
		}
	]
}