{
	"credit": "Made with Blockbench",
	"textures": {
		"0": "block/anvil",
		"1": "block/polished_andesite",
		"particle": "block/anvil"
	},
	"elements": [
		{
			"name": "b1",
			"from": [7.5, 0, 7.5],
			"to": [8.5, 5, 8.5],
			"rotation": {"angle": 0, "axis": "y", "origin": [8, 0.5, 8]},
			"faces": {
				"north": {"uv": [0, 0, 16, 16], "texture": "#0"},
				"east": {"uv": [0, 0, 16, 16], "texture": "#0"},
				"south": {"uv": [0, 0, 16, 16], "texture": "#0"},
				"west": {"uv": [0, 0, 16, 16], "texture": "#0"},
				"up": {"uv": [0, 0, 16, 16], "texture": "#0"},
				"down": {"uv": [0, 0, 16, 16], "texture": "#0"}
			}
		},
		{
			"name": "b2",
			"from": [7.625, -0.25, 7.625],
			"to": [8.375, 0, 8.375],
			"rotation": {"angle": 0, "axis": "y", "origin": [8, 0.5, 8]},
			"faces": {
				"north": {"uv": [1, 1, 15, 15], "texture": "#1"},
				"east": {"uv": [1, 1, 15, 15], "texture": "#1"},
				"south": {"uv": [1, 1, 15, 15], "texture": "#1"},
				"west": {"uv": [1, 1, 15, 15], "texture": "#1"},
				"up": {"uv": [1, 1, 15, 15], "texture": "#1"},
				"down": {"uv": [1, 1, 15, 15], "texture": "#1"}
			}
		},
		{
			"name": "b3",
			"from": [7.625, 5, 7.625],
			"to": [8.375, 9, 8.375],
			"rotation": {"angle": 0, "axis": "y", "origin": [8, -1.5, 8]},
			"faces": {
				"north": {"uv": [1, 1, 15, 15], "texture": "#1"},
				"east": {"uv": [1, 1, 15, 15], "texture": "#1"},
				"south": {"uv": [1, 1, 15, 15], "texture": "#1"},
				"west": {"uv": [1, 1, 15, 15], "texture": "#1"},
				"up": {"uv": [1, 1, 15, 15], "texture": "#1"},
				"down": {"uv": [1, 1, 15, 15], "texture": "#1"}
			}
		},
		{
			"name": "b4",
			"from": [7, 9, 7.5],
			"to": [9, 10, 8.5],
			"rotation": {"angle": 0, "axis": "y", "origin": [7.5, 7, 8]},
			"faces": {
				"north": {"uv": [1, 1, 15, 15], "texture": "#1"},
				"east": {"uv": [1, 1, 15, 15], "texture": "#1"},
				"south": {"uv": [1, 1, 15, 15], "texture": "#1"},
				"west": {"uv": [1, 1, 15, 15], "texture": "#1"},
				"up": {"uv": [1, 1, 15, 15], "texture": "#1"},
				"down": {"uv": [1, 1, 15, 15], "texture": "#1"}
			}
		},
		{
			"name": "b5",
			"from": [6, 9, 7.5],
			"to": [7, 10, 8.5],
			"rotation": {"angle": 0, "axis": "z", "origin": [5.95438, 9.4748, 8]},
			"faces": {
				"north": {"uv": [1, 1, 15, 15], "texture": "#1"},
				"east": {"uv": [1, 1, 15, 15], "texture": "#1"},
				"south": {"uv": [1, 1, 15, 15], "texture": "#1"},
				"west": {"uv": [1, 1, 15, 15], "texture": "#1"},
				"up": {"uv": [1, 1, 15, 15], "texture": "#1"},
				"down": {"uv": [1, 1, 15, 15], "texture": "#1"}
			}
		},
		{
			"name": "b6",
			"from": [5, 9.25, 7.5],
			"to": [6, 10, 7.875],
			"rotation": {"angle": 0, "axis": "z", "origin": [5.75687, 9.53224, 8]},
			"faces": {
				"north": {"uv": [1, 1, 15, 15], "texture": "#1"},
				"east": {"uv": [1, 1, 15, 15], "rotation": 180, "texture": "#1"},
				"south": {"uv": [1, 1, 15, 15], "rotation": 180, "texture": "#1"},
				"west": {"uv": [1, 1, 15, 15], "rotation": 180, "texture": "#1"},
				"up": {"uv": [1, 1, 15, 15], "rotation": 180, "texture": "#1"},
				"down": {"uv": [1, 1, 15, 15], "rotation": 180, "texture": "#1"}
			}
		},
		{
			"name": "b7",
			"from": [5, 9.25, 8.125],
			"to": [6, 10, 8.5],
			"rotation": {"angle": 0, "axis": "z", "origin": [5.75687, 9.53224, 8]},
			"faces": {
				"north": {"uv": [1, 1, 15, 15], "texture": "#1"},
				"east": {"uv": [1, 1, 15, 15], "rotation": 180, "texture": "#1"},
				"south": {"uv": [1, 1, 15, 15], "rotation": 180, "texture": "#1"},
				"west": {"uv": [1, 1, 15, 15], "rotation": 180, "texture": "#1"},
				"up": {"uv": [1, 1, 15, 15], "rotation": 180, "texture": "#1"},
				"down": {"uv": [1, 1, 15, 15], "rotation": 180, "texture": "#1"}
			}
		},
		{
			"name": "b8",
			"from": [9, 8.875, 7.375],
			"to": [10, 10.125, 8.625],
			"rotation": {"angle": 0, "axis": "y", "origin": [7.5, 7, 8]},
			"faces": {
				"north": {"uv": [1, 1, 15, 15], "texture": "#1"},
				"east": {"uv": [1, 1, 15, 15], "texture": "#1"},
				"south": {"uv": [1, 1, 15, 15], "texture": "#1"},
				"west": {"uv": [1, 1, 15, 15], "texture": "#1"},
				"up": {"uv": [1, 1, 15, 15], "texture": "#1"},
				"down": {"uv": [1, 1, 15, 15], "texture": "#1"}
			}
		},
		{
			"from": [7.5, 10, 7.875],
			"to": [8.5, 29, 8.125],
			"rotation": {"angle": 0, "axis": "y", "origin": [8, 25.94032, 8]},
			"faces": {
				"north": {"uv": [1, 1, 15, 15], "texture": "#1"},
				"east": {"uv": [1, 1, 15, 15], "texture": "#1"},
				"south": {"uv": [1, 1, 15, 15], "texture": "#1"},
				"west": {"uv": [1, 1, 15, 15], "texture": "#1"},
				"up": {"uv": [1, 1, 15, 15], "texture": "#1"},
				"down": {"uv": [1, 1, 15, 15], "texture": "#1"}
			}
		},
		{
			"from": [9.13283, 28.57575, 7.875],
			"to": [9.63283, 29.357, 8.125],
			"rotation": {"angle": 22.5, "axis": "z", "origin": [8, 25.94032, 8]},
			"faces": {
				"north": {"uv": [1, 1, 15, 15], "texture": "#1"},
				"east": {"uv": [1, 1, 15, 15], "texture": "#1"},
				"south": {"uv": [1, 1, 15, 15], "texture": "#1"},
				"west": {"uv": [1, 1, 15, 15], "texture": "#1"},
				"up": {"uv": [1, 1, 15, 15], "texture": "#1"},
				"down": {"uv": [1, 1, 15, 15], "texture": "#1"}
			}
		},
		{
			"from": [9.38283, 29.357, 7.875],
			"to": [9.63283, 29.63825, 8.125],
			"rotation": {"angle": 22.5, "axis": "z", "origin": [8, 25.94032, 8]},
			"faces": {
				"north": {"uv": [1, 1, 15, 15], "texture": "#1"},
				"east": {"uv": [1, 1, 15, 15], "texture": "#1"},
				"south": {"uv": [1, 1, 15, 15], "texture": "#1"},
				"west": {"uv": [1, 1, 15, 15], "texture": "#1"},
				"up": {"uv": [1, 1, 15, 15], "texture": "#1"},
				"down": {"uv": [1, 1, 15, 15], "texture": "#1"}
			}
		},
		{
			"from": [9.50783, 29.63825, 7.875],
			"to": [9.63283, 29.88825, 8.125],
			"rotation": {"angle": 22.5, "axis": "z", "origin": [8, 25.94032, 8]},
			"faces": {
				"north": {"uv": [1, 1, 15, 15], "texture": "#1"},
				"east": {"uv": [1, 1, 15, 15], "texture": "#1"},
				"south": {"uv": [1, 1, 15, 15], "texture": "#1"},
				"west": {"uv": [1, 1, 15, 15], "texture": "#1"},
				"up": {"uv": [1, 1, 15, 15], "texture": "#1"},
				"down": {"uv": [1, 1, 15, 15], "texture": "#1"}
			}
		},
		{
			"from": [6.36717, 29.63825, 7.875],
			"to": [6.49217, 29.88825, 8.125],
			"rotation": {"angle": -22.5, "axis": "z", "origin": [8, 25.94032, 8]},
			"faces": {
				"north": {"uv": [1, 1, 15, 15], "texture": "#1"},
				"east": {"uv": [1, 1, 15, 15], "texture": "#1"},
				"south": {"uv": [1, 1, 15, 15], "texture": "#1"},
				"west": {"uv": [1, 1, 15, 15], "texture": "#1"},
				"up": {"uv": [1, 1, 15, 15], "texture": "#1"},
				"down": {"uv": [1, 1, 15, 15], "texture": "#1"}
			}
		},
		{
			"from": [6.36717, 28.57575, 7.875],
			"to": [6.86717, 29.357, 8.125],
			"rotation": {"angle": -22.5, "axis": "z", "origin": [8, 25.94032, 8]},
			"faces": {
				"north": {"uv": [1, 1, 15, 15], "texture": "#1"},
				"east": {"uv": [1, 1, 15, 15], "texture": "#1"},
				"south": {"uv": [1, 1, 15, 15], "texture": "#1"},
				"west": {"uv": [1, 1, 15, 15], "texture": "#1"},
				"up": {"uv": [1, 1, 15, 15], "texture": "#1"},
				"down": {"uv": [1, 1, 15, 15], "texture": "#1"}
			}
		},
		{
			"from": [6.36717, 29.357, 7.875],
			"to": [6.61717, 29.63825, 8.125],
			"rotation": {"angle": -22.5, "axis": "z", "origin": [8, 25.94032, 8]},
			"faces": {
				"north": {"uv": [1, 1, 15, 15], "texture": "#1"},
				"east": {"uv": [1, 1, 15, 15], "texture": "#1"},
				"south": {"uv": [1, 1, 15, 15], "texture": "#1"},
				"west": {"uv": [1, 1, 15, 15], "texture": "#1"},
				"up": {"uv": [1, 1, 15, 15], "texture": "#1"},
				"down": {"uv": [1, 1, 15, 15], "texture": "#1"}
			}
		},
		{
			"from": [8.5, 10, 7.9375],
			"to": [8.75, 29, 8.0625],
			"rotation": {"angle": 0, "axis": "y", "origin": [8, 25.94032, 8]},
			"faces": {
				"north": {"uv": [0, 0, 1, 1], "texture": "#1"},
				"east": {"uv": [0, 0, 1, 1], "texture": "#1"},
				"south": {"uv": [0, 0, 1, 1], "texture": "#1"},
				"west": {"uv": [0, 0, 1, 1], "texture": "#1"},
				"up": {"uv": [0, 0, 1, 1], "texture": "#1"},
				"down": {"uv": [0, 0, 1, 1], "texture": "#1"}
			}
		},
		{
			"from": [9.6138, 28.48008, 7.9375],
			"to": [9.8638, 30.10508, 8.0625],
			"rotation": {"angle": 22.5, "axis": "z", "origin": [8, 25.94032, 8]},
			"faces": {
				"north": {"uv": [0, 0, 1, 1], "texture": "#1"},
				"east": {"uv": [0, 0, 1, 1], "texture": "#1"},
				"south": {"uv": [0, 0, 1, 1], "texture": "#1"},
				"west": {"uv": [0, 0, 1, 1], "texture": "#1"},
				"up": {"uv": [0, 0, 1, 1], "texture": "#1"},
				"down": {"uv": [0, 0, 1, 1], "texture": "#1"}
			}
		},
		{
			"from": [6.1362, 28.48008, 7.9375],
			"to": [6.3862, 30.10508, 8.0625],
			"rotation": {"angle": -22.5, "axis": "z", "origin": [8, 25.94032, 8]},
			"faces": {
				"north": {"uv": [0, 0, 1, 1], "texture": "#1"},
				"east": {"uv": [0, 0, 1, 1], "texture": "#1"},
				"south": {"uv": [0, 0, 1, 1], "texture": "#1"},
				"west": {"uv": [0, 0, 1, 1], "texture": "#1"},
				"up": {"uv": [0, 0, 1, 1], "texture": "#1"},
				"down": {"uv": [0, 0, 1, 1], "texture": "#1"}
			}
		},
		{
			"from": [7.25, 10, 7.9375],
			"to": [7.5, 29, 8.0625],
			"rotation": {"angle": 0, "axis": "y", "origin": [8, 25.94032, 8]},
			"faces": {
				"north": {"uv": [0, 0, 1, 1], "texture": "#1"},
				"east": {"uv": [0, 0, 1, 1], "texture": "#1"},
				"south": {"uv": [0, 0, 1, 1], "texture": "#1"},
				"west": {"uv": [0, 0, 1, 1], "texture": "#1"},
				"up": {"uv": [0, 0, 1, 1], "texture": "#1"},
				"down": {"uv": [0, 0, 1, 1], "texture": "#1"}
			}
		},
		{
			"from": [8.5, 10, 8.0625],
			"to": [8.625, 29, 8.10938],
			"rotation": {"angle": 0, "axis": "y", "origin": [8, 25.94032, 8]},
			"faces": {
				"north": {"uv": [1, 1, 15, 15], "texture": "#1"},
				"east": {"uv": [1, 1, 15, 15], "texture": "#1"},
				"south": {"uv": [1, 1, 15, 15], "texture": "#1"},
				"west": {"uv": [1, 1, 15, 15], "texture": "#1"},
				"up": {"uv": [1, 1, 15, 15], "texture": "#1"},
				"down": {"uv": [1, 1, 15, 15], "texture": "#1"}
			}
		},
		{
			"from": [9.62331, 28.52792, 8.0625],
			"to": [9.74831, 30.02792, 8.10938],
			"rotation": {"angle": 22.5, "axis": "z", "origin": [8, 25.94032, 8]},
			"faces": {
				"north": {"uv": [1, 1, 15, 15], "texture": "#1"},
				"east": {"uv": [1, 1, 15, 15], "texture": "#1"},
				"south": {"uv": [1, 1, 15, 15], "texture": "#1"},
				"west": {"uv": [1, 1, 15, 15], "texture": "#1"},
				"up": {"uv": [1, 1, 15, 15], "texture": "#1"},
				"down": {"uv": [1, 1, 15, 15], "texture": "#1"}
			}
		},
		{
			"from": [6.25169, 28.52792, 8.0625],
			"to": [6.37669, 30.02792, 8.10938],
			"rotation": {"angle": -22.5, "axis": "z", "origin": [8, 25.94032, 8]},
			"faces": {
				"north": {"uv": [1, 1, 15, 15], "texture": "#1"},
				"east": {"uv": [1, 1, 15, 15], "texture": "#1"},
				"south": {"uv": [1, 1, 15, 15], "texture": "#1"},
				"west": {"uv": [1, 1, 15, 15], "texture": "#1"},
				"up": {"uv": [1, 1, 15, 15], "texture": "#1"},
				"down": {"uv": [1, 1, 15, 15], "texture": "#1"}
			}
		},
		{
			"from": [7.375, 10, 8.0625],
			"to": [7.5, 29, 8.10938],
			"rotation": {"angle": 0, "axis": "y", "origin": [8, 25.94032, 8]},
			"faces": {
				"north": {"uv": [1, 1, 15, 15], "texture": "#1"},
				"east": {"uv": [1, 1, 15, 15], "texture": "#1"},
				"south": {"uv": [1, 1, 15, 15], "texture": "#1"},
				"west": {"uv": [1, 1, 15, 15], "texture": "#1"},
				"up": {"uv": [1, 1, 15, 15], "texture": "#1"},
				"down": {"uv": [1, 1, 15, 15], "texture": "#1"}
			}
		},
		{
			"from": [8.5, 10, 7.89063],
			"to": [8.625, 29, 7.9375],
			"rotation": {"angle": 0, "axis": "y", "origin": [8, 25.94032, 8]},
			"faces": {
				"north": {"uv": [1, 1, 15, 15], "texture": "#1"},
				"east": {"uv": [1, 1, 15, 15], "texture": "#1"},
				"south": {"uv": [1, 1, 15, 15], "texture": "#1"},
				"west": {"uv": [1, 1, 15, 15], "texture": "#1"},
				"up": {"uv": [1, 1, 15, 15], "texture": "#1"},
				"down": {"uv": [1, 1, 15, 15], "texture": "#1"}
			}
		},
		{
			"from": [9.62331, 28.52792, 7.89063],
			"to": [9.74831, 30.02792, 7.9375],
			"rotation": {"angle": 22.5, "axis": "z", "origin": [8, 25.94032, 8]},
			"faces": {
				"north": {"uv": [1, 1, 15, 15], "texture": "#1"},
				"east": {"uv": [1, 1, 15, 15], "texture": "#1"},
				"south": {"uv": [1, 1, 15, 15], "texture": "#1"},
				"west": {"uv": [1, 1, 15, 15], "texture": "#1"},
				"up": {"uv": [1, 1, 15, 15], "texture": "#1"},
				"down": {"uv": [1, 1, 15, 15], "texture": "#1"}
			}
		},
		{
			"from": [6.25169, 28.52792, 7.89063],
			"to": [6.37669, 30.02792, 7.9375],
			"rotation": {"angle": -22.5, "axis": "z", "origin": [8, 25.94032, 8]},
			"faces": {
				"north": {"uv": [1, 1, 15, 15], "texture": "#1"},
				"east": {"uv": [1, 1, 15, 15], "texture": "#1"},
				"south": {"uv": [1, 1, 15, 15], "texture": "#1"},
				"west": {"uv": [1, 1, 15, 15], "texture": "#1"},
				"up": {"uv": [1, 1, 15, 15], "texture": "#1"},
				"down": {"uv": [1, 1, 15, 15], "texture": "#1"}
			}
		},
		{
			"from": [7.375, 10, 7.89063],
			"to": [7.5, 29, 7.9375],
			"rotation": {"angle": 0, "axis": "y", "origin": [8, 25.94032, 8]},
			"faces": {
				"north": {"uv": [1, 1, 15, 15], "texture": "#1"},
				"east": {"uv": [1, 1, 15, 15], "texture": "#1"},
				"south": {"uv": [1, 1, 15, 15], "texture": "#1"},
				"west": {"uv": [1, 1, 15, 15], "texture": "#1"},
				"up": {"uv": [1, 1, 15, 15], "texture": "#1"},
				"down": {"uv": [1, 1, 15, 15], "texture": "#1"}
			}
		},
		{
			"from": [7.5, 11, 7.75],
			"to": [8.5, 13, 7.875],
			"rotation": {"angle": 0, "axis": "y", "origin": [7.5, 7.5, 7.5]},
			"faces": {
				"north": {"uv": [1, 1, 15, 15], "texture": "#1"},
				"east": {"uv": [1, 1, 15, 15], "texture": "#1"},
				"south": {"uv": [1, 1, 15, 15], "texture": "#1"},
				"west": {"uv": [1, 1, 15, 15], "texture": "#1"},
				"up": {"uv": [1, 1, 15, 15], "texture": "#1"},
				"down": {"uv": [1, 1, 15, 15], "texture": "#1"}
			}
		},
		{
			"from": [2.12448, 9.6254, 7.50092],
			"to": [4.12448, 9.7504, 8.50092],
			"rotation": {"angle": 0, "axis": "y", "origin": [4.5625, 9.87448, 8.00092]},
			"faces": {
				"north": {"uv": [1, 1, 15, 15], "rotation": 90, "texture": "#1"},
				"east": {"uv": [1, 1, 15, 15], "rotation": 180, "texture": "#1"},
				"south": {"uv": [1, 1, 15, 15], "rotation": 270, "texture": "#1"},
				"west": {"uv": [1, 1, 15, 15], "texture": "#1"},
				"up": {"uv": [1, 1, 15, 15], "rotation": 270, "texture": "#1"},
				"down": {"uv": [1, 1, 15, 15], "rotation": 270, "texture": "#1"}
			}
		},
		{
			"from": [8.46927, -0.5621, 7.50092],
			"to": [10.46927, -0.4371, 8.50092],
			"rotation": {"angle": 22.5, "axis": "z", "origin": [8.03125, -0.31302, 8.00092]},
			"faces": {
				"north": {"uv": [1, 15, 15, 1], "rotation": 90, "texture": "#1"},
				"east": {"uv": [15, 1, 1, 15], "texture": "#1"},
				"south": {"uv": [1, 15, 15, 1], "rotation": 270, "texture": "#1"},
				"west": {"uv": [15, 1, 1, 15], "rotation": 180, "texture": "#1"},
				"up": {"uv": [1, 15, 15, 1], "rotation": 270, "texture": "#1"},
				"down": {"uv": [1, 15, 15, 1], "rotation": 270, "texture": "#1"}
			}
		},
		{
			"from": [2.12448, 9.2496, 7.50092],
			"to": [4.12448, 9.3746, 8.50092],
			"rotation": {"angle": 0, "axis": "y", "origin": [4.5625, 9.12552, 8.00092]},
			"faces": {
				"north": {"uv": [15, 1, 1, 15], "rotation": 90, "texture": "#1"},
				"east": {"uv": [1, 15, 15, 1], "rotation": 180, "texture": "#1"},
				"south": {"uv": [15, 1, 1, 15], "rotation": 270, "texture": "#1"},
				"west": {"uv": [1, 15, 15, 1], "texture": "#1"},
				"up": {"uv": [15, 1, 1, 15], "rotation": 270, "texture": "#1"},
				"down": {"uv": [15, 1, 1, 15], "rotation": 270, "texture": "#1"}
			}
		},
		{
			"from": [10.87552, 9.6254, 7.50092],
			"to": [12.87552, 9.7504, 8.50092],
			"rotation": {"angle": 0, "axis": "y", "origin": [10.4375, 9.87448, 8.00092]},
			"faces": {
				"north": {"uv": [1, 15, 15, 1], "rotation": 90, "texture": "#1"},
				"east": {"uv": [15, 1, 1, 15], "texture": "#1"},
				"south": {"uv": [1, 15, 15, 1], "rotation": 270, "texture": "#1"},
				"west": {"uv": [15, 1, 1, 15], "rotation": 180, "texture": "#1"},
				"up": {"uv": [1, 15, 15, 1], "rotation": 270, "texture": "#1"},
				"down": {"uv": [1, 15, 15, 1], "rotation": 270, "texture": "#1"}
			}
		},
		{
			"from": [10.87552, 9.2496, 7.50092],
			"to": [12.87552, 9.3746, 8.50092],
			"rotation": {"angle": 0, "axis": "y", "origin": [10.4375, 9.12552, 8.00092]},
			"faces": {
				"north": {"uv": [15, 15, 1, 1], "rotation": 90, "texture": "#1"},
				"east": {"uv": [15, 15, 1, 1], "texture": "#1"},
				"south": {"uv": [15, 15, 1, 1], "rotation": 270, "texture": "#1"},
				"west": {"uv": [15, 15, 1, 1], "rotation": 180, "texture": "#1"},
				"up": {"uv": [15, 15, 1, 1], "rotation": 270, "texture": "#1"},
				"down": {"uv": [15, 15, 1, 1], "rotation": 270, "texture": "#1"}
			}
		},
		{
			"from": [7.75, 12.25, 7.5],
			"to": [8.25, 12.75, 7.625],
			"rotation": {"angle": 0, "axis": "y", "origin": [7.5, 7.5, 7.5]},
			"faces": {
				"north": {"uv": [15, 15, 16, 16], "texture": "#1"},
				"east": {"uv": [15, 15, 16, 16], "texture": "#1"},
				"south": {"uv": [15, 15, 16, 16], "texture": "#1"},
				"west": {"uv": [15, 15, 16, 16], "texture": "#1"},
				"up": {"uv": [15, 15, 16, 16], "texture": "#1"},
				"down": {"uv": [15, 15, 16, 16], "texture": "#1"}
			}
		},
		{
			"from": [7.75, 11.25, 8.375],
			"to": [8.25, 11.75, 8.5],
			"rotation": {"angle": 0, "axis": "y", "origin": [7.5, 7.5, 8.5]},
			"faces": {
				"north": {"uv": [15, 15, 16, 16], "texture": "#1"},
				"east": {"uv": [15, 15, 16, 16], "texture": "#1"},
				"south": {"uv": [15, 15, 16, 16], "texture": "#1"},
				"west": {"uv": [15, 15, 16, 16], "texture": "#1"},
				"up": {"uv": [15, 15, 16, 16], "texture": "#1"},
				"down": {"uv": [15, 15, 16, 16], "texture": "#1"}
			}
		},
		{
			"from": [6.25, 10.14583, 7.72917],
			"to": [6.75, 10.27083, 8.22917],
			"rotation": {"angle": 0, "axis": "y", "origin": [6, 11.5, 7.97917]},
			"faces": {
				"north": {"uv": [15, 15, 16, 16], "rotation": 180, "texture": "#1"},
				"east": {"uv": [15, 15, 16, 16], "rotation": 90, "texture": "#1"},
				"south": {"uv": [15, 15, 16, 16], "texture": "#1"},
				"west": {"uv": [15, 15, 16, 16], "rotation": 270, "texture": "#1"},
				"up": {"uv": [15, 15, 16, 16], "texture": "#1"},
				"down": {"uv": [15, 15, 16, 16], "rotation": 180, "texture": "#1"}
			}
		},
		{
			"from": [8.875, 10.14583, 7.72917],
			"to": [9.375, 10.27083, 8.22917],
			"rotation": {"angle": 0, "axis": "y", "origin": [10, 11.5, 7.97917]},
			"faces": {
				"north": {"uv": [16, 15, 15, 16], "rotation": 180, "texture": "#1"},
				"east": {"uv": [15, 16, 16, 15], "rotation": 270, "texture": "#1"},
				"south": {"uv": [16, 15, 15, 16], "texture": "#1"},
				"west": {"uv": [15, 16, 16, 15], "rotation": 90, "texture": "#1"},
				"up": {"uv": [16, 15, 15, 16], "texture": "#1"},
				"down": {"uv": [16, 15, 15, 16], "rotation": 180, "texture": "#1"}
			}
		},
		{
			"from": [5.25, 8.72917, 7.72917],
			"to": [5.75, 8.85417, 8.22917],
			"rotation": {"angle": 0, "axis": "y", "origin": [5.5, 6.55208, 7.97917]},
			"faces": {
				"north": {"uv": [15, 16, 16, 15], "rotation": 180, "texture": "#1"},
				"east": {"uv": [16, 15, 15, 16], "rotation": 90, "texture": "#1"},
				"south": {"uv": [15, 16, 16, 15], "texture": "#1"},
				"west": {"uv": [16, 15, 15, 16], "rotation": 270, "texture": "#1"},
				"up": {"uv": [15, 16, 16, 15], "rotation": 180, "texture": "#1"},
				"down": {"uv": [15, 16, 16, 15], "texture": "#1"}
			}
		},
		{
			"from": [9.46875, 8.72917, 7.72917],
			"to": [9.96875, 8.85417, 8.22917],
			"rotation": {"angle": 0, "axis": "y", "origin": [10.5, 6.55208, 7.97917]},
			"faces": {
				"north": {"uv": [16, 16, 15, 15], "rotation": 180, "texture": "#1"},
				"east": {"uv": [16, 16, 15, 15], "rotation": 270, "texture": "#1"},
				"south": {"uv": [16, 16, 15, 15], "texture": "#1"},
				"west": {"uv": [16, 16, 15, 15], "rotation": 90, "texture": "#1"},
				"up": {"uv": [16, 16, 15, 15], "rotation": 180, "texture": "#1"},
				"down": {"uv": [16, 16, 15, 15], "texture": "#1"}
			}
		},
		{
			"from": [7.75, 8.25, 8.625],
			"to": [8.25, 8.75, 8.75],
			"rotation": {"angle": 0, "axis": "y", "origin": [7.5, 7.5, 8.5]},
			"faces": {
				"north": {"uv": [15, 15, 16, 16], "texture": "#1"},
				"east": {"uv": [15, 15, 16, 16], "texture": "#1"},
				"south": {"uv": [15, 15, 16, 16], "texture": "#1"},
				"west": {"uv": [15, 15, 16, 16], "texture": "#1"},
				"up": {"uv": [15, 15, 16, 16], "texture": "#1"},
				"down": {"uv": [15, 15, 16, 16], "texture": "#1"}
			}
		},
		{
			"from": [7.75, 9.25, 7.25],
			"to": [8.25, 9.75, 7.375],
			"rotation": {"angle": 0, "axis": "y", "origin": [7.5, 7.5, 7.5]},
			"faces": {
				"north": {"uv": [15, 15, 16, 16], "texture": "#1"},
				"east": {"uv": [15, 15, 16, 16], "texture": "#1"},
				"south": {"uv": [15, 15, 16, 16], "texture": "#1"},
				"west": {"uv": [15, 15, 16, 16], "texture": "#1"},
				"up": {"uv": [15, 15, 16, 16], "texture": "#1"},
				"down": {"uv": [15, 15, 16, 16], "texture": "#1"}
			}
		},
		{
			"from": [7.78125, 12.28125, 8.25],
			"to": [8.21875, 12.71875, 8.375],
			"rotation": {"angle": 0, "axis": "y", "origin": [7.5, 7.5, 7.5]},
			"faces": {
				"north": {"uv": [15, 15, 16, 16], "texture": "#1"},
				"east": {"uv": [15, 15, 16, 16], "texture": "#1"},
				"south": {"uv": [15, 15, 16, 16], "texture": "#1"},
				"west": {"uv": [15, 15, 16, 16], "texture": "#1"},
				"up": {"uv": [15, 15, 16, 16], "texture": "#1"},
				"down": {"uv": [15, 15, 16, 16], "texture": "#1"}
			}
		},
		{
			"from": [7.78125, 11.28125, 7.625],
			"to": [8.21875, 11.71875, 7.75],
			"rotation": {"angle": 0, "axis": "y", "origin": [7.5, 7.5, 8.5]},
			"faces": {
				"north": {"uv": [15, 15, 16, 16], "texture": "#1"},
				"east": {"uv": [15, 15, 16, 16], "texture": "#1"},
				"south": {"uv": [15, 15, 16, 16], "texture": "#1"},
				"west": {"uv": [15, 15, 16, 16], "texture": "#1"},
				"up": {"uv": [15, 15, 16, 16], "texture": "#1"},
				"down": {"uv": [15, 15, 16, 16], "texture": "#1"}
			}
		},
		{
			"from": [6.28125, 8.73958, 7.76042],
			"to": [6.71875, 8.86458, 8.19792],
			"rotation": {"angle": 0, "axis": "y", "origin": [6, 11.5, 7.97917]},
			"faces": {
				"north": {"uv": [15, 15, 16, 16], "rotation": 180, "texture": "#1"},
				"east": {"uv": [15, 15, 16, 16], "rotation": 90, "texture": "#1"},
				"south": {"uv": [15, 15, 16, 16], "texture": "#1"},
				"west": {"uv": [15, 15, 16, 16], "rotation": 270, "texture": "#1"},
				"up": {"uv": [15, 15, 16, 16], "texture": "#1"},
				"down": {"uv": [15, 15, 16, 16], "rotation": 180, "texture": "#1"}
			}
		},
		{
			"from": [8.90625, 8.73958, 7.76042],
			"to": [9.34375, 8.86458, 8.19792],
			"rotation": {"angle": 0, "axis": "y", "origin": [10, 11.5, 7.97917]},
			"faces": {
				"north": {"uv": [16, 15, 15, 16], "rotation": 180, "texture": "#1"},
				"east": {"uv": [15, 16, 16, 15], "rotation": 270, "texture": "#1"},
				"south": {"uv": [16, 15, 15, 16], "texture": "#1"},
				"west": {"uv": [15, 16, 16, 15], "rotation": 90, "texture": "#1"},
				"up": {"uv": [16, 15, 15, 16], "texture": "#1"},
				"down": {"uv": [16, 15, 15, 16], "rotation": 180, "texture": "#1"}
			}
		},
		{
			"from": [5.28125, 10.13542, 7.76042],
			"to": [5.71875, 10.26042, 8.19792],
			"rotation": {"angle": 0, "axis": "y", "origin": [5.5, 6.55208, 7.97917]},
			"faces": {
				"north": {"uv": [15, 16, 16, 15], "rotation": 180, "texture": "#1"},
				"east": {"uv": [16, 15, 15, 16], "rotation": 90, "texture": "#1"},
				"south": {"uv": [15, 16, 16, 15], "texture": "#1"},
				"west": {"uv": [16, 15, 15, 16], "rotation": 270, "texture": "#1"},
				"up": {"uv": [15, 16, 16, 15], "rotation": 180, "texture": "#1"},
				"down": {"uv": [15, 16, 16, 15], "texture": "#1"}
			}
		},
		{
			"from": [9.5, 10.13542, 7.76042],
			"to": [9.9375, 10.26042, 8.19792],
			"rotation": {"angle": 0, "axis": "y", "origin": [10.5, 6.55208, 7.97917]},
			"faces": {
				"north": {"uv": [16, 16, 15, 15], "rotation": 180, "texture": "#1"},
				"east": {"uv": [16, 16, 15, 15], "rotation": 270, "texture": "#1"},
				"south": {"uv": [16, 16, 15, 15], "texture": "#1"},
				"west": {"uv": [16, 16, 15, 15], "rotation": 90, "texture": "#1"},
				"up": {"uv": [16, 16, 15, 15], "rotation": 180, "texture": "#1"},
				"down": {"uv": [16, 16, 15, 15], "texture": "#1"}
			}
		},
		{
			"from": [7.78125, 8.28125, 7.25],
			"to": [8.21875, 8.71875, 7.375],
			"rotation": {"angle": 0, "axis": "y", "origin": [7.5, 7.5, 8.5]},
			"faces": {
				"north": {"uv": [15, 15, 16, 16], "texture": "#1"},
				"east": {"uv": [15, 15, 16, 16], "texture": "#1"},
				"south": {"uv": [15, 15, 16, 16], "texture": "#1"},
				"west": {"uv": [15, 15, 16, 16], "texture": "#1"},
				"up": {"uv": [15, 15, 16, 16], "texture": "#1"},
				"down": {"uv": [15, 15, 16, 16], "texture": "#1"}
			}
		},
		{
			"from": [7.78125, 9.28125, 8.625],
			"to": [8.21875, 9.71875, 8.75],
			"rotation": {"angle": 0, "axis": "y", "origin": [7.5, 7.5, 7.5]},
			"faces": {
				"north": {"uv": [15, 15, 16, 16], "texture": "#1"},
				"east": {"uv": [15, 15, 16, 16], "texture": "#1"},
				"south": {"uv": [15, 15, 16, 16], "texture": "#1"},
				"west": {"uv": [15, 15, 16, 16], "texture": "#1"},
				"up": {"uv": [15, 15, 16, 16], "texture": "#1"},
				"down": {"uv": [15, 15, 16, 16], "texture": "#1"}
			}
		},
		{
			"from": [7.875, 12.375, 7.625],
			"to": [8.125, 12.625, 8.75],
			"rotation": {"angle": 0, "axis": "y", "origin": [7.5, 7.5, 7.5]},
			"faces": {
				"north": {"uv": [15, 15, 16, 16], "texture": "#1"},
				"east": {"uv": [15, 15, 16, 16], "texture": "#1"},
				"south": {"uv": [15, 15, 16, 16], "texture": "#1"},
				"west": {"uv": [15, 15, 16, 16], "texture": "#1"},
				"up": {"uv": [15, 15, 16, 16], "texture": "#1"},
				"down": {"uv": [15, 15, 16, 16], "texture": "#1"}
			}
		},
		{
			"from": [7.875, 11.375, 7.25],
			"to": [8.125, 11.625, 8.375],
			"rotation": {"angle": 0, "axis": "y", "origin": [7.5, 7.5, 8.5]},
			"faces": {
				"north": {"uv": [15, 15, 16, 16], "texture": "#1"},
				"east": {"uv": [15, 15, 16, 16], "texture": "#1"},
				"south": {"uv": [15, 15, 16, 16], "texture": "#1"},
				"west": {"uv": [15, 15, 16, 16], "texture": "#1"},
				"up": {"uv": [15, 15, 16, 16], "texture": "#1"},
				"down": {"uv": [15, 15, 16, 16], "texture": "#1"}
			}
		},
		{
			"from": [6.375, 8.52083, 7.85417],
			"to": [6.625, 10.14583, 8.10417],
			"rotation": {"angle": 0, "axis": "y", "origin": [6, 11.5, 7.97917]},
			"faces": {
				"north": {"uv": [15, 15, 16, 16], "rotation": 180, "texture": "#1"},
				"east": {"uv": [15, 15, 16, 16], "rotation": 90, "texture": "#1"},
				"south": {"uv": [15, 15, 16, 16], "texture": "#1"},
				"west": {"uv": [15, 15, 16, 16], "rotation": 270, "texture": "#1"},
				"up": {"uv": [15, 15, 16, 16], "texture": "#1"},
				"down": {"uv": [15, 15, 16, 16], "rotation": 180, "texture": "#1"}
			}
		},
		{
			"from": [9, 8.52083, 7.85417],
			"to": [9.25, 10.14583, 8.10417],
			"rotation": {"angle": 0, "axis": "y", "origin": [10, 11.5, 7.97917]},
			"faces": {
				"north": {"uv": [16, 15, 15, 16], "rotation": 180, "texture": "#1"},
				"east": {"uv": [15, 16, 16, 15], "rotation": 270, "texture": "#1"},
				"south": {"uv": [16, 15, 15, 16], "texture": "#1"},
				"west": {"uv": [15, 16, 16, 15], "rotation": 90, "texture": "#1"},
				"up": {"uv": [16, 15, 15, 16], "texture": "#1"},
				"down": {"uv": [16, 15, 15, 16], "rotation": 180, "texture": "#1"}
			}
		},
		{
			"from": [5.375, 8.85417, 7.85417],
			"to": [5.625, 10.47917, 8.10417],
			"rotation": {"angle": 0, "axis": "y", "origin": [5.5, 6.55208, 7.97917]},
			"faces": {
				"north": {"uv": [15, 16, 16, 15], "rotation": 180, "texture": "#1"},
				"east": {"uv": [16, 15, 15, 16], "rotation": 90, "texture": "#1"},
				"south": {"uv": [15, 16, 16, 15], "texture": "#1"},
				"west": {"uv": [16, 15, 15, 16], "rotation": 270, "texture": "#1"},
				"up": {"uv": [15, 16, 16, 15], "rotation": 180, "texture": "#1"},
				"down": {"uv": [15, 16, 16, 15], "texture": "#1"}
			}
		},
		{
			"from": [9.59375, 8.85417, 7.85417],
			"to": [9.84375, 10.47917, 8.10417],
			"rotation": {"angle": 0, "axis": "y", "origin": [10.5, 6.55208, 7.97917]},
			"faces": {
				"north": {"uv": [16, 16, 15, 15], "rotation": 180, "texture": "#1"},
				"east": {"uv": [16, 16, 15, 15], "rotation": 270, "texture": "#1"},
				"south": {"uv": [16, 16, 15, 15], "texture": "#1"},
				"west": {"uv": [16, 16, 15, 15], "rotation": 90, "texture": "#1"},
				"up": {"uv": [16, 16, 15, 15], "rotation": 180, "texture": "#1"},
				"down": {"uv": [16, 16, 15, 15], "texture": "#1"}
			}
		},
		{
			"from": [7.875, 8.375, 6.875],
			"to": [8.125, 8.625, 8.625],
			"rotation": {"angle": 0, "axis": "y", "origin": [7.5, 7.5, 8.5]},
			"faces": {
				"north": {"uv": [15, 15, 16, 16], "texture": "#1"},
				"east": {"uv": [15, 15, 16, 16], "texture": "#1"},
				"south": {"uv": [15, 15, 16, 16], "texture": "#1"},
				"west": {"uv": [15, 15, 16, 16], "texture": "#1"},
				"up": {"uv": [15, 15, 16, 16], "texture": "#1"},
				"down": {"uv": [15, 15, 16, 16], "texture": "#1"}
			}
		},
		{
			"from": [7.875, 9.375, 7.375],
			"to": [8.125, 9.625, 9.125],
			"rotation": {"angle": 0, "axis": "y", "origin": [7.5, 7.5, 7.5]},
			"faces": {
				"north": {"uv": [15, 15, 16, 16], "texture": "#1"},
				"east": {"uv": [15, 15, 16, 16], "texture": "#1"},
				"south": {"uv": [15, 15, 16, 16], "texture": "#1"},
				"west": {"uv": [15, 15, 16, 16], "texture": "#1"},
				"up": {"uv": [15, 15, 16, 16], "texture": "#1"},
				"down": {"uv": [15, 15, 16, 16], "texture": "#1"}
			}
		},
		{
			"from": [7.5, 11, 8.125],
			"to": [8.5, 13, 8.25],
			"rotation": {"angle": 0, "axis": "y", "origin": [7.5, 7.5, 8.5]},
			"faces": {
				"north": {"uv": [1, 1, 15, 15], "texture": "#1"},
				"east": {"uv": [1, 1, 15, 15], "texture": "#1"},
				"south": {"uv": [1, 1, 15, 15], "texture": "#1"},
				"west": {"uv": [1, 1, 15, 15], "texture": "#1"},
				"up": {"uv": [1, 1, 15, 15], "texture": "#1"},
				"down": {"uv": [1, 1, 15, 15], "texture": "#1"}
			}
		},
		{
			"from": [7.5, 9.98586, 7.9461],
			"to": [8.5, 10.98586, 8.0711],
			"rotation": {"angle": 22.5, "axis": "x", "origin": [8, 11.48586, 8.0086]},
			"faces": {
				"north": {"uv": [1, 1, 15, 15], "texture": "#1"},
				"east": {"uv": [1, 1, 15, 15], "texture": "#1"},
				"south": {"uv": [1, 1, 15, 15], "texture": "#1"},
				"west": {"uv": [1, 1, 15, 15], "texture": "#1"},
				"up": {"uv": [1, 1, 15, 15], "texture": "#1"},
				"down": {"uv": [1, 1, 15, 15], "texture": "#1"}
			}
		},
		{
			"from": [4.0625, 9.81198, 7.50092],
			"to": [5.0625, 9.93698, 8.50092],
			"rotation": {"angle": 22.5, "axis": "z", "origin": [4.5625, 9.87448, 8.00092]},
			"faces": {
				"north": {"uv": [1, 1, 15, 15], "rotation": 90, "texture": "#1"},
				"east": {"uv": [1, 1, 15, 15], "rotation": 180, "texture": "#1"},
				"south": {"uv": [1, 1, 15, 15], "rotation": 270, "texture": "#1"},
				"west": {"uv": [1, 1, 15, 15], "texture": "#1"},
				"up": {"uv": [1, 1, 15, 15], "rotation": 270, "texture": "#1"},
				"down": {"uv": [1, 1, 15, 15], "rotation": 270, "texture": "#1"}
			}
		},
		{
			"from": [7.53125, -0.37552, 7.50092],
			"to": [8.53125, -0.25052, 8.50092],
			"rotation": {"angle": 0, "axis": "z", "origin": [8.03125, -0.31302, 8.00092]},
			"faces": {
				"north": {"uv": [1, 15, 15, 1], "rotation": 90, "texture": "#1"},
				"east": {"uv": [15, 1, 1, 15], "texture": "#1"},
				"south": {"uv": [1, 15, 15, 1], "rotation": 270, "texture": "#1"},
				"west": {"uv": [15, 1, 1, 15], "rotation": 180, "texture": "#1"},
				"up": {"uv": [1, 15, 15, 1], "rotation": 270, "texture": "#1"},
				"down": {"uv": [1, 15, 15, 1], "rotation": 270, "texture": "#1"}
			}
		},
		{
			"from": [4.0625, 9.06302, 7.50092],
			"to": [5.0625, 9.18802, 8.50092],
			"rotation": {"angle": -22.5, "axis": "z", "origin": [4.5625, 9.12552, 8.00092]},
			"faces": {
				"north": {"uv": [15, 1, 1, 15], "rotation": 90, "texture": "#1"},
				"east": {"uv": [1, 15, 15, 1], "rotation": 180, "texture": "#1"},
				"south": {"uv": [15, 1, 1, 15], "rotation": 270, "texture": "#1"},
				"west": {"uv": [1, 15, 15, 1], "texture": "#1"},
				"up": {"uv": [15, 1, 1, 15], "rotation": 270, "texture": "#1"},
				"down": {"uv": [15, 1, 1, 15], "rotation": 270, "texture": "#1"}
			}
		},
		{
			"from": [9.9375, 9.81198, 7.50092],
			"to": [10.9375, 9.93698, 8.50092],
			"rotation": {"angle": -22.5, "axis": "z", "origin": [10.4375, 9.87448, 8.00092]},
			"faces": {
				"north": {"uv": [1, 15, 15, 1], "rotation": 90, "texture": "#1"},
				"east": {"uv": [15, 1, 1, 15], "texture": "#1"},
				"south": {"uv": [1, 15, 15, 1], "rotation": 270, "texture": "#1"},
				"west": {"uv": [15, 1, 1, 15], "rotation": 180, "texture": "#1"},
				"up": {"uv": [1, 15, 15, 1], "rotation": 270, "texture": "#1"},
				"down": {"uv": [1, 15, 15, 1], "rotation": 270, "texture": "#1"}
			}
		},
		{
			"from": [9.9375, 9.06302, 7.50092],
			"to": [10.9375, 9.18802, 8.50092],
			"rotation": {"angle": 22.5, "axis": "z", "origin": [10.4375, 9.12552, 8.00092]},
			"faces": {
				"north": {"uv": [15, 15, 1, 1], "rotation": 90, "texture": "#1"},
				"east": {"uv": [15, 15, 1, 1], "texture": "#1"},
				"south": {"uv": [15, 15, 1, 1], "rotation": 270, "texture": "#1"},
				"west": {"uv": [15, 15, 1, 1], "rotation": 180, "texture": "#1"},
				"up": {"uv": [15, 15, 1, 1], "rotation": 270, "texture": "#1"},
				"down": {"uv": [15, 15, 1, 1], "rotation": 270, "texture": "#1"}
			}
		},
		{
			"from": [7.5, 9.98586, 7.9289],
			"to": [8.5, 10.98586, 8.0539],
			"rotation": {"angle": -22.5, "axis": "x", "origin": [8, 11.48586, 7.9914]},
			"faces": {
				"north": {"uv": [1, 1, 15, 15], "texture": "#1"},
				"east": {"uv": [1, 1, 15, 15], "texture": "#1"},
				"south": {"uv": [1, 1, 15, 15], "texture": "#1"},
				"west": {"uv": [1, 1, 15, 15], "texture": "#1"},
				"up": {"uv": [1, 1, 15, 15], "texture": "#1"},
				"down": {"uv": [1, 1, 15, 15], "texture": "#1"}
			}
		},
		{
			"from": [7.5, 8.12396, 7.37683],
			"to": [8.5, 10.12396, 7.50183],
			"rotation": {"angle": 0, "axis": "x", "origin": [8, 10.62396, 8.43933]},
			"faces": {
				"north": {"uv": [1, 1, 15, 15], "texture": "#1"},
				"east": {"uv": [1, 1, 15, 15], "texture": "#1"},
				"south": {"uv": [1, 1, 15, 15], "texture": "#1"},
				"west": {"uv": [1, 1, 15, 15], "texture": "#1"},
				"up": {"uv": [1, 1, 15, 15], "texture": "#1"},
				"down": {"uv": [1, 1, 15, 15], "texture": "#1"}
			}
		},
		{
			"from": [5.00052, 9.99857, 7.50092],
			"to": [7.00052, 10.12357, 8.50092],
			"rotation": {"angle": 0, "axis": "x", "origin": [4.5625, 9.87448, 8.00092]},
			"faces": {
				"north": {"uv": [1, 1, 15, 15], "rotation": 90, "texture": "#1"},
				"east": {"uv": [1, 1, 15, 15], "rotation": 180, "texture": "#1"},
				"south": {"uv": [1, 1, 15, 15], "rotation": 270, "texture": "#1"},
				"west": {"uv": [1, 1, 15, 15], "texture": "#1"},
				"up": {"uv": [1, 1, 15, 15], "rotation": 270, "texture": "#1"},
				"down": {"uv": [1, 1, 15, 15], "rotation": 270, "texture": "#1"}
			}
		},
		{
			"from": [5.59323, -0.18893, 7.50092],
			"to": [7.59323, -0.06393, 8.50092],
			"rotation": {"angle": 22.5, "axis": "z", "origin": [8.03125, -0.31302, 8.00092]},
			"faces": {
				"north": {"uv": [1, 15, 15, 1], "rotation": 90, "texture": "#1"},
				"east": {"uv": [15, 1, 1, 15], "texture": "#1"},
				"south": {"uv": [1, 15, 15, 1], "rotation": 270, "texture": "#1"},
				"west": {"uv": [15, 1, 1, 15], "rotation": 180, "texture": "#1"},
				"up": {"uv": [1, 15, 15, 1], "rotation": 270, "texture": "#1"},
				"down": {"uv": [1, 15, 15, 1], "rotation": 270, "texture": "#1"}
			}
		},
		{
			"from": [5.00052, 8.87643, 7.50092],
			"to": [7.00052, 9.00143, 8.50092],
			"rotation": {"angle": 0, "axis": "x", "origin": [4.5625, 9.12552, 8.00092]},
			"faces": {
				"north": {"uv": [15, 1, 1, 15], "rotation": 90, "texture": "#1"},
				"east": {"uv": [1, 15, 15, 1], "rotation": 180, "texture": "#1"},
				"south": {"uv": [15, 1, 1, 15], "rotation": 270, "texture": "#1"},
				"west": {"uv": [1, 15, 15, 1], "texture": "#1"},
				"up": {"uv": [15, 1, 1, 15], "rotation": 270, "texture": "#1"},
				"down": {"uv": [15, 1, 1, 15], "rotation": 270, "texture": "#1"}
			}
		},
		{
			"from": [7.99948, 9.99857, 7.50092],
			"to": [9.99948, 10.12357, 8.50092],
			"rotation": {"angle": 0, "axis": "x", "origin": [10.4375, 9.87448, 8.00092]},
			"faces": {
				"north": {"uv": [1, 15, 15, 1], "rotation": 90, "texture": "#1"},
				"east": {"uv": [15, 1, 1, 15], "texture": "#1"},
				"south": {"uv": [1, 15, 15, 1], "rotation": 270, "texture": "#1"},
				"west": {"uv": [15, 1, 1, 15], "rotation": 180, "texture": "#1"},
				"up": {"uv": [1, 15, 15, 1], "rotation": 270, "texture": "#1"},
				"down": {"uv": [1, 15, 15, 1], "rotation": 270, "texture": "#1"}
			}
		},
		{
			"from": [7.99948, 8.87643, 7.50092],
			"to": [9.99948, 9.00143, 8.50092],
			"rotation": {"angle": 0, "axis": "x", "origin": [10.4375, 9.12552, 8.00092]},
			"faces": {
				"north": {"uv": [15, 15, 1, 1], "rotation": 90, "texture": "#1"},
				"east": {"uv": [15, 15, 1, 1], "texture": "#1"},
				"south": {"uv": [15, 15, 1, 1], "rotation": 270, "texture": "#1"},
				"west": {"uv": [15, 15, 1, 1], "rotation": 180, "texture": "#1"},
				"up": {"uv": [15, 15, 1, 1], "rotation": 270, "texture": "#1"},
				"down": {"uv": [15, 15, 1, 1], "rotation": 270, "texture": "#1"}
			}
		},
		{
			"from": [7.5, 8.12396, 8.49817],
			"to": [8.5, 10.12396, 8.62317],
			"rotation": {"angle": 0, "axis": "x", "origin": [8, 10.62396, 7.56067]},
			"faces": {
				"north": {"uv": [1, 1, 15, 15], "texture": "#1"},
				"east": {"uv": [1, 1, 15, 15], "texture": "#1"},
				"south": {"uv": [1, 1, 15, 15], "texture": "#1"},
				"west": {"uv": [1, 1, 15, 15], "texture": "#1"},
				"up": {"uv": [1, 1, 15, 15], "texture": "#1"},
				"down": {"uv": [1, 1, 15, 15], "texture": "#1"}
			}
		}
	],
	"display": {
		"thirdperson_righthand": {
			"rotation": [0, 90, 0],
			"translation": [0, 3.5, 0]
		},
		"thirdperson_lefthand": {
			"rotation": [0, 90, 0],
			"translation": [0, 3.5, 0]
		},
		"firstperson_righthand": {
			"rotation": [-15, 90, 0],
			"translation": [1.25, 3.5, -0.75]
		},
		"firstperson_lefthand": {
			"rotation": [-15, -90, 0],
			"translation": [1.25, 3.5, -0.75]
		},
		"ground": {
			"rotation": [90, 0, 0],
			"translation": [0, 0, -7.75]
		},
		"gui": {
			"rotation": [-26, -180, -37],
			"translation": [2, -3.5, 0],
			"scale": [0.625, 0.625, 0.625]
		},
		"head": {
			"rotation": [0, 0, -141],
			"translation": [-5.5, -7.5, 4.25],
			"scale": [2, 2, 2]
		},
		"fixed": {
			"translation": [0, -7.75, 0],
			"scale": [2, 2, 2]
		}
	},
	"groups": [
		{
			"name": "H",
			"origin": [7.5, 7, 8],
			"children": [0, 1, 2, 3, 4, 5, 6, 7]
		},
		{
			"name": "b",
			"origin": [8, 8, 8],
			"children": [8, 9, 10, 11, 12, 13, 14, 15, 16, 17, 18, 19, 20, 21, 22, 23, 24, 25, 26]
		},
		{
			"name": "h",
			"origin": [8, 8, 8],
			"children": [27, 28, 29, 30, 31, 32, 33, 34, 35, 36, 37, 38, 39, 40, 41, 42, 43, 44, 45, 46, 47, 48, 49, 50, 51, 52, 53, 54, 55, 56, 57, 58, 59, 60, 61, 62, 63, 64, 65, 66, 67, 68, 69, 70, 71]
		}
	]
}