{
	"credit": "Made with Blockbench",
	"textures": {
		"0": "block/lily_pad/cattails_t",
		"1": "block/lily_pad/cattails_b",
		"particle": "block/lily_pad/cattails_t"
	},
	"elements": [
		{
			"name": "base1",
			"from": [-1.5, 0, 1],
			"to": [9.5, 16, 1],
			"rotation": {"angle": 0, "axis": "y", "origin": [8, 8, 8], "rescale": true},
			"faces": {
				"north": {"uv": [0, 0, 16, 16], "texture": "#0"},
				"east": {"uv": [0, 0, 0, 16], "texture": "#missing"},
				"south": {"uv": [0, 0, 16, 16], "texture": "#0"},
				"west": {"uv": [0, 0, 0, 16], "texture": "#missing"},
				"up": {"uv": [0, 0, 11, 0], "texture": "#missing"},
				"down": {"uv": [0, 0, 11, 0], "texture": "#missing"}
			}
		},
		{
			"name": "base2",
			"from": [-1.5, -16, 1],
			"to": [9.5, 0, 1],
			"rotation": {"angle": 0, "axis": "y", "origin": [8, 8, 8], "rescale": true},
			"faces": {
				"north": {"uv": [0, 0, 16, 16], "texture": "#1"},
				"east": {"uv": [0, 0, 0, 16], "texture": "#missing"},
				"south": {"uv": [0, 0, 16, 16], "texture": "#1"},
				"west": {"uv": [0, 0, 0, 16], "texture": "#missing"},
				"up": {"uv": [0, 0, 11, 0], "texture": "#missing"},
				"down": {"uv": [0, 0, 11, 0], "texture": "#missing"}
			}
		},
		{
			"name": "base2",
			"from": [4, 0, -4.5],
			"to": [4, 16, 6.5],
			"rotation": {"angle": 0, "axis": "y", "origin": [8, 8, 8], "rescale": true},
			"faces": {
				"north": {"uv": [0, 0, 0, 16], "texture": "#missing"},
				"east": {"uv": [0, 0, 16, 16], "texture": "#0"},
				"south": {"uv": [0, 0, 0, 16], "texture": "#missing"},
				"west": {"uv": [0, 0, 16, 16], "texture": "#0"},
				"up": {"uv": [0, 0, 11, 0], "rotation": 90, "texture": "#missing"},
				"down": {"uv": [0, 0, 11, 0], "rotation": 270, "texture": "#missing"}
			}
		},
		{
			"name": "base3",
			"from": [4, -16, -4.5],
			"to": [4, 0, 6.5],
			"rotation": {"angle": 0, "axis": "y", "origin": [8, 8, 8], "rescale": true},
			"faces": {
				"north": {"uv": [0, 0, 0, 16], "texture": "#missing"},
				"east": {"uv": [0, 0, 16, 16], "texture": "#1"},
				"south": {"uv": [0, 0, 0, 16], "texture": "#missing"},
				"west": {"uv": [0, 0, 16, 16], "texture": "#1"},
				"up": {"uv": [0, 0, 11, 0], "rotation": 90, "texture": "#missing"},
				"down": {"uv": [0, 0, 11, 0], "rotation": 270, "texture": "#missing"}
			}
		},
		{
			"name": "base2",
			"from": [4, 0, 8.5],
			"to": [4, 16, 19.5],
			"rotation": {"angle": 0, "axis": "y", "origin": [8, 8, 8], "rescale": true},
			"faces": {
				"north": {"uv": [0, 0, 0, 16], "texture": "#missing"},
				"east": {"uv": [0, 0, 16, 16], "texture": "#0"},
				"south": {"uv": [0, 0, 0, 16], "texture": "#missing"},
				"west": {"uv": [0, 0, 16, 16], "texture": "#0"},
				"up": {"uv": [0, 0, 11, 0], "rotation": 90, "texture": "#missing"},
				"down": {"uv": [0, 0, 11, 0], "rotation": 270, "texture": "#missing"}
			}
		},
		{
			"name": "base3",
			"from": [4, -16, 8.5],
			"to": [4, 0, 19.5],
			"rotation": {"angle": 0, "axis": "y", "origin": [8, 8, 8], "rescale": true},
			"faces": {
				"north": {"uv": [0, 0, 0, 16], "texture": "#missing"},
				"east": {"uv": [0, 0, 16, 16], "texture": "#1"},
				"south": {"uv": [0, 0, 0, 16], "texture": "#missing"},
				"west": {"uv": [0, 0, 16, 16], "texture": "#1"},
				"up": {"uv": [0, 0, 11, 0], "rotation": 90, "texture": "#missing"},
				"down": {"uv": [0, 0, 11, 0], "rotation": 270, "texture": "#missing"}
			}
		},
		{
			"name": "base3",
			"from": [-1.5, 0, 14],
			"to": [9.5, 16, 14],
			"rotation": {"angle": 0, "axis": "y", "origin": [8, 8, 8], "rescale": true},
			"faces": {
				"north": {"uv": [0, 0, 16, 16], "texture": "#0"},
				"east": {"uv": [0, 0, 0, 16], "texture": "#missing"},
				"south": {"uv": [0, 0, 16, 16], "texture": "#0"},
				"west": {"uv": [0, 0, 0, 16], "texture": "#missing"},
				"up": {"uv": [0, 0, 11, 0], "rotation": 180, "texture": "#missing"},
				"down": {"uv": [0, 0, 11, 0], "rotation": 180, "texture": "#missing"}
			}
		},
		{
			"name": "base4",
			"from": [-1.5, -16, 14],
			"to": [9.5, 0, 14],
			"rotation": {"angle": 0, "axis": "y", "origin": [8, 8, 8], "rescale": true},
			"faces": {
				"north": {"uv": [0, 0, 16, 16], "texture": "#1"},
				"east": {"uv": [0, 0, 0, 16], "texture": "#missing"},
				"south": {"uv": [0, 0, 16, 16], "texture": "#1"},
				"west": {"uv": [0, 0, 0, 16], "texture": "#missing"},
				"up": {"uv": [0, 0, 11, 0], "rotation": 180, "texture": "#missing"},
				"down": {"uv": [0, 0, 11, 0], "rotation": 180, "texture": "#missing"}
			}
		}
	],
	"groups": [
		{
			"name": "cattails",
			"origin": [8, 8, 8],
			"children": [0, 1, 2, 3]
		},
		{
			"name": "cattails",
			"origin": [8, 8, 8],
			"children": [4, 5, 6, 7]
		}
	]
}