{
	"credit": "Made with Blockbench",
	"textures": {
		"0": "custom/baseball_bat_t",
		"particle": "custom/baseball_bat_t"
	},
	"elements": [
		{
			"name": "bass 1",
			"from": [7.375, 1.5, 7.375],
			"to": [8.625, 6.5, 8.625],
			"rotation": {"angle": 0, "axis": "y", "origin": [15.25, 14.5, 15.25]},
			"faces": {
				"north": {"uv": [4, 0, 8, 16], "texture": "#0"},
				"east": {"uv": [4, 0, 8, 16], "texture": "#0"},
				"south": {"uv": [4, 0, 8, 16], "texture": "#0"},
				"west": {"uv": [4, 0, 8, 16], "texture": "#0"},
				"up": {"uv": [4, 0, 8, 16], "texture": "#0"},
				"down": {"uv": [4, 0, 8, 16], "texture": "#0"}
			}
		},
		{
			"name": "bass 2",
			"from": [7.25, 6.5, 7.25],
			"to": [8.75, 9.5, 8.75],
			"rotation": {"angle": 0, "axis": "y", "origin": [15.25, 14.5, 15.25]},
			"faces": {
				"north": {"uv": [0, 0, 4, 16], "texture": "#0"},
				"east": {"uv": [0, 0, 4, 16], "texture": "#0"},
				"south": {"uv": [0, 0, 4, 16], "texture": "#0"},
				"west": {"uv": [0, 0, 4, 16], "texture": "#0"},
				"up": {"uv": [0, 0, 4, 16], "texture": "#0"},
				"down": {"uv": [0, 0, 4, 16], "texture": "#0"}
			}
		},
		{
			"name": "bass 2",
			"from": [7, 1, 7],
			"to": [9, 1.5, 9],
			"rotation": {"angle": 0, "axis": "y", "origin": [15.25, 14.5, 15.25]},
			"faces": {
				"north": {"uv": [0, 0, 4, 16], "texture": "#0"},
				"east": {"uv": [0, 0, 4, 16], "texture": "#0"},
				"south": {"uv": [0, 0, 4, 16], "texture": "#0"},
				"west": {"uv": [0, 0, 4, 16], "texture": "#0"},
				"up": {"uv": [0, 0, 4, 16], "texture": "#0"},
				"down": {"uv": [0, 0, 4, 16], "texture": "#0"}
			}
		},
		{
			"name": "bass 2",
			"from": [7.125, 9.5, 7.125],
			"to": [8.875, 12.5, 8.875],
			"rotation": {"angle": 0, "axis": "y", "origin": [15.25, 15.5, 15.25]},
			"faces": {
				"north": {"uv": [0, 0, 4, 16], "texture": "#0"},
				"east": {"uv": [0, 0, 4, 16], "texture": "#0"},
				"south": {"uv": [0, 0, 4, 16], "texture": "#0"},
				"west": {"uv": [0, 0, 4, 16], "texture": "#0"},
				"up": {"uv": [0, 0, 4, 16], "texture": "#0"},
				"down": {"uv": [0, 0, 4, 16], "texture": "#0"}
			}
		},
		{
			"name": "bass 3",
			"from": [7, 12.5, 7],
			"to": [9, 21.5, 9],
			"rotation": {"angle": 0, "axis": "y", "origin": [15.25, 15.5, 15.25]},
			"faces": {
				"north": {"uv": [0, 0, 4, 16], "texture": "#0"},
				"east": {"uv": [0, 0, 4, 16], "texture": "#0"},
				"south": {"uv": [0, 0, 4, 16], "texture": "#0"},
				"west": {"uv": [0, 0, 4, 16], "texture": "#0"},
				"up": {"uv": [0, 0, 4, 16], "texture": "#0"},
				"down": {"uv": [0, 0, 4, 16], "texture": "#0"}
			}
		}
	],
	"display": {
		"thirdperson_righthand": {
			"translation": [0, 2, 0]
		},
		"thirdperson_lefthand": {
			"rotation": [-25, -43, 86],
			"translation": [-4.5, -5.25, 9.5]
		},
		"firstperson_righthand": {
			"rotation": [-4, 0, 0],
			"translation": [0.25, 2.75, 1]
		},
		"firstperson_lefthand": {
			"rotation": [157, 0, 0],
			"translation": [0, -3, 1]
		},
		"ground": {
			"rotation": [90, 0, 0],
			"translation": [0, -2.25, -3]
		},
		"gui": {
			"rotation": [0, 0, -41],
			"translation": [-1.25, -2.25, 0],
			"scale": [0.9, 0.9, 0.9]
		},
		"fixed": {
			"translation": [0, -6.75, 0],
			"scale": [2, 2, 2]
		}
	},
	"groups": [
		{
			"name": "bass",
			"origin": [8, 8, 8],
			"children": [0, 1, 2, 3, 4]
		}
	]
}