{
	"credit": "Made with Blockbench",
	"textures": {
		"0": "custom/christmas/christmas_present_blue_t",
		"particle": "custom/christmas/christmas_present_blue_t"
	},
	"elements": [
		{
			"name": "bass_1",
			"from": [6.5, 10.824, 6.5],
			"to": [9.5, 10.824, 9.5],
			"rotation": {"angle": 22.5, "axis": "x", "origin": [8, 10.824, 8]},
			"faces": {
				"north": {"uv": [0, 0, 4, 4], "texture": "#0"},
				"east": {"uv": [0, 0, 4, 4], "texture": "#0"},
				"south": {"uv": [0, 0, 4, 4], "texture": "#0"},
				"west": {"uv": [0, 0, 4, 4], "texture": "#0"},
				"up": {"uv": [0, 0, 4, 4], "texture": "#0"},
				"down": {"uv": [0, 0, 4, 4], "texture": "#0"}
			}
		},
		{
			"name": "bass_2",
			"from": [6.5, 10.824, 6.5],
			"to": [9.5, 10.824, 9.5],
			"rotation": {"angle": -22.5, "axis": "x", "origin": [8, 10.824, 8]},
			"faces": {
				"north": {"uv": [0, 0, 4, 4], "texture": "#0"},
				"east": {"uv": [0, 0, 4, 4], "texture": "#0"},
				"south": {"uv": [0, 0, 4, 4], "texture": "#0"},
				"west": {"uv": [0, 0, 4, 4], "texture": "#0"},
				"up": {"uv": [0, 0, 4, 4], "texture": "#0"},
				"down": {"uv": [0, 0, 4, 4], "texture": "#0"}
			}
		},
		{
			"name": "bass_3",
			"from": [6.5, 10.824, 6.5],
			"to": [9.5, 10.824, 9.5],
			"rotation": {"angle": -22.5, "axis": "z", "origin": [8, 10.824, 8]},
			"faces": {
				"north": {"uv": [0, 0, 4, 4], "texture": "#0"},
				"east": {"uv": [0, 0, 4, 4], "texture": "#0"},
				"south": {"uv": [0, 0, 4, 4], "texture": "#0"},
				"west": {"uv": [0, 0, 4, 4], "texture": "#0"},
				"up": {"uv": [0, 0, 4, 4], "texture": "#0"},
				"down": {"uv": [0, 0, 4, 4], "texture": "#0"}
			}
		},
		{
			"name": "bass_4",
			"from": [6.5, 10.824, 6.5],
			"to": [9.5, 10.824, 9.5],
			"rotation": {"angle": 22.5, "axis": "z", "origin": [8, 10.824, 8]},
			"faces": {
				"north": {"uv": [0, 0, 4, 4], "texture": "#0"},
				"east": {"uv": [0, 0, 4, 4], "texture": "#0"},
				"south": {"uv": [0, 0, 4, 4], "texture": "#0"},
				"west": {"uv": [0, 0, 4, 4], "texture": "#0"},
				"up": {"uv": [0, 0, 4, 4], "texture": "#0"},
				"down": {"uv": [0, 0, 4, 4], "texture": "#0"}
			}
		},
		{
			"name": "bass 1",
			"from": [3, 0, 3],
			"to": [13, 10, 13],
			"faces": {
				"north": {"uv": [8, 0, 16, 8], "texture": "#0"},
				"east": {"uv": [8, 0, 16, 8], "texture": "#0"},
				"south": {"uv": [8, 0, 16, 8], "texture": "#0"},
				"west": {"uv": [8, 0, 16, 8], "texture": "#0"},
				"up": {"uv": [8, 0, 16, 8], "texture": "#0"},
				"down": {"uv": [8, 0, 16, 8], "texture": "#0"}
			}
		},
		{
			"name": "bass 7",
			"from": [8.5, 10, 7.5],
			"to": [13.25, 10.25, 8.5],
			"rotation": {"angle": 0, "axis": "y", "origin": [3, 14, 8.5]},
			"faces": {
				"north": {"uv": [0, 14, 16, 14.5], "texture": "#0"},
				"east": {"uv": [0, 14, 16, 16], "rotation": 90, "texture": "#0"},
				"south": {"uv": [0, 14, 16, 14.5], "texture": "#0"},
				"west": {"uv": [0, 14, 16, 16], "texture": "#0"},
				"up": {"uv": [0, 14, 16, 16], "texture": "#0"},
				"down": {"uv": [0, 14, 16, 16], "texture": "#0"}
			}
		},
		{
			"name": "bass 2",
			"from": [13, 0, 7.5],
			"to": [13.25, 10, 8.5],
			"rotation": {"angle": 0, "axis": "y", "origin": [2.5, 11, 8.5]},
			"faces": {
				"north": {"uv": [0, 14, 16, 14.5], "texture": "#0"},
				"east": {"uv": [0, 14, 16, 16], "rotation": 90, "texture": "#0"},
				"south": {"uv": [0, 14, 16, 14.5], "texture": "#0"},
				"west": {"uv": [0, 14, 16, 16], "texture": "#0"},
				"up": {"uv": [0, 14, 16, 16], "texture": "#0"},
				"down": {"uv": [0, 14, 16, 16], "texture": "#0"}
			}
		},
		{
			"name": "bass 6",
			"from": [7.5, 10, 2.75],
			"to": [8.5, 10.25, 13.25],
			"rotation": {"angle": 0, "axis": "y", "origin": [3, 14, 8.5]},
			"faces": {
				"north": {"uv": [0, 14, 16, 16], "rotation": 90, "texture": "#0"},
				"east": {"uv": [0, 14, 16, 14.5], "texture": "#0"},
				"south": {"uv": [0, 14, 16, 16], "rotation": 90, "texture": "#0"},
				"west": {"uv": [0, 14, 16, 14.5], "texture": "#0"},
				"up": {"uv": [0, 14, 16, 16], "rotation": 90, "texture": "#0"},
				"down": {"uv": [0, 14, 16, 16], "texture": "#0"}
			}
		},
		{
			"name": "bass 4",
			"from": [7.5, 0, 2.75],
			"to": [8.5, 10, 3],
			"rotation": {"angle": 0, "axis": "y", "origin": [3, 14, 8.5]},
			"faces": {
				"north": {"uv": [0, 14, 16, 16], "rotation": 90, "texture": "#0"},
				"east": {"uv": [0, 14, 16, 14.5], "texture": "#0"},
				"south": {"uv": [0, 14, 16, 16], "texture": "#0"},
				"west": {"uv": [0, 14, 16, 14.5], "texture": "#0"},
				"up": {"uv": [0, 14, 16, 16], "texture": "#0"},
				"down": {"uv": [0, 14, 16, 16], "texture": "#0"}
			}
		},
		{
			"name": "bass 8",
			"from": [2.75, 10, 7.5],
			"to": [7.5, 10.25, 8.5],
			"rotation": {"angle": 0, "axis": "y", "origin": [3, 14, 8.5]},
			"faces": {
				"north": {"uv": [0, 14, 16, 14.5], "texture": "#0"},
				"east": {"uv": [0, 14, 16, 16], "texture": "#0"},
				"south": {"uv": [0, 14, 16, 16], "texture": "#0"},
				"west": {"uv": [0, 14, 16, 16], "rotation": 90, "texture": "#0"},
				"up": {"uv": [0, 14, 16, 16], "texture": "#0"},
				"down": {"uv": [0, 14, 16, 16], "texture": "#0"}
			}
		},
		{
			"name": "bass 3",
			"from": [2.75, 0, 7.5],
			"to": [3, 10, 8.5],
			"rotation": {"angle": 0, "axis": "y", "origin": [2.5, 11, 8.5]},
			"faces": {
				"north": {"uv": [0, 14, 16, 14.5], "texture": "#0"},
				"east": {"uv": [0, 14, 16, 16], "texture": "#0"},
				"south": {"uv": [0, 14, 16, 16], "texture": "#0"},
				"west": {"uv": [0, 14, 16, 16], "rotation": 90, "texture": "#0"},
				"up": {"uv": [0, 14, 16, 16], "texture": "#0"},
				"down": {"uv": [0, 14, 16, 16], "texture": "#0"}
			}
		},
		{
			"name": "bass 5",
			"from": [7.5, 0, 13],
			"to": [8.5, 10, 13.25],
			"rotation": {"angle": 0, "axis": "y", "origin": [3, 14, 8.5]},
			"faces": {
				"north": {"uv": [0, 14, 16, 16], "texture": "#0"},
				"east": {"uv": [0, 14, 16, 14.5], "texture": "#0"},
				"south": {"uv": [0, 14, 16, 16], "rotation": 90, "texture": "#0"},
				"west": {"uv": [0, 14, 16, 14.5], "texture": "#0"},
				"up": {"uv": [0, 14, 16, 16], "texture": "#0"},
				"down": {"uv": [0, 14, 16, 16], "texture": "#0"}
			}
		}
	],
	"display": {
		"thirdperson_righthand": {
			"rotation": [26, 0, 0],
			"translation": [0, 0.25, 0],
			"scale": [0.5, 0.5, 0.5]
		},
		"thirdperson_lefthand": {
			"rotation": [26, 0, 0],
			"translation": [0, 0.25, 0],
			"scale": [0.5, 0.5, 0.5]
		},
		"ground": {
			"translation": [0, 0.25, 0],
			"scale": [0.5, 0.5, 0.5]
		},
		"gui": {
			"rotation": [28, 30, 0],
			"translation": [0, 1, 0],
			"scale": [0.5, 0.5, 0.51]
		},
		"fixed": {
			"rotation": [-90, 0, 0],
			"translation": [0, 0, -9.75],
			"scale": [1.5, 1.5, 1.5]
		}
	},
	"groups": [
		{
			"name": "bass",
			"origin": [3, 14, 8.5],
			"children": [
				{
					"name": "deco",
					"origin": [8, 8, 8],
					"children": [0, 1, 2, 3]
				}, 4,
				{
					"name": "side",
					"origin": [3, 14, 8.5],
					"children": [5, 6, 7, 8, 9, 10, 11]
				}
			]
		}
	]
}