{
	"credit": "Made with Blockbench",
	"textures": {
		"0": "custom/christmas/christmas_tree_t",
		"particle": "custom/christmas/christmas_tree_t"
	},
	"elements": [
		{
			"name": "bass 1",
			"from": [-0.94977, 3.32407, -0.94977],
			"to": [17.05023, 3.32407, 17.05023],
			"rotation": {"angle": 0, "axis": "y", "origin": [8.05023, 10.82407, 8.05023]},
			"faces": {
				"north": {"uv": [8, 0, 16, 8], "texture": "#0"},
				"east": {"uv": [8, 0, 16, 8], "texture": "#0"},
				"south": {"uv": [8, 0, 16, 8], "texture": "#0"},
				"west": {"uv": [8, 0, 16, 8], "texture": "#0"},
				"up": {"uv": [8, 0, 16, 8], "texture": "#0"},
				"down": {"uv": [8, 0, 16, 8], "texture": "#0"}
			}
		},
		{
			"name": "bass 2",
			"from": [-0.57477, 4.07407, -0.57477],
			"to": [16.67523, 4.07407, 16.67523],
			"rotation": {"angle": -22.5, "axis": "y", "origin": [8.05023, 10.82407, 8.05023]},
			"faces": {
				"north": {"uv": [8, 0, 16, 8], "texture": "#0"},
				"east": {"uv": [8, 0, 16, 8], "texture": "#0"},
				"south": {"uv": [8, 0, 16, 8], "texture": "#0"},
				"west": {"uv": [8, 0, 16, 8], "texture": "#0"},
				"up": {"uv": [8, 0, 16, 8], "texture": "#0"},
				"down": {"uv": [8, 0, 16, 8], "texture": "#0"}
			}
		},
		{
			"name": "bass 3",
			"from": [-0.19977, 4.82407, -0.19977],
			"to": [16.30023, 4.82407, 16.30023],
			"rotation": {"angle": -45, "axis": "y", "origin": [8.05023, 10.82407, 8.05023]},
			"faces": {
				"north": {"uv": [8, 0, 16, 8], "texture": "#0"},
				"east": {"uv": [8, 0, 16, 8], "texture": "#0"},
				"south": {"uv": [8, 0, 16, 8], "texture": "#0"},
				"west": {"uv": [8, 0, 16, 8], "texture": "#0"},
				"up": {"uv": [8, 0, 16, 8], "texture": "#0"},
				"down": {"uv": [8, 0, 16, 8], "texture": "#0"}
			}
		},
		{
			"name": "bass 4",
			"from": [0.17523, 5.57407, 0.17523],
			"to": [15.92523, 5.57407, 15.92523],
			"rotation": {"angle": 22.5, "axis": "y", "origin": [8.05023, 10.82407, 8.05023]},
			"faces": {
				"north": {"uv": [8, 0, 16, 8], "texture": "#0"},
				"east": {"uv": [8, 0, 16, 8], "texture": "#0"},
				"south": {"uv": [8, 0, 16, 8], "texture": "#0"},
				"west": {"uv": [8, 0, 16, 8], "texture": "#0"},
				"up": {"uv": [8, 0, 16, 8], "rotation": 90, "texture": "#0"},
				"down": {"uv": [8, 0, 16, 8], "rotation": 270, "texture": "#0"}
			}
		},
		{
			"name": "bass 5",
			"from": [0.55023, 6.32407, 0.55023],
			"to": [15.55023, 6.32407, 15.55023],
			"rotation": {"angle": 0, "axis": "y", "origin": [8.05023, 10.82407, 8.05023]},
			"faces": {
				"north": {"uv": [8, 0, 16, 8], "texture": "#0"},
				"east": {"uv": [8, 0, 16, 8], "texture": "#0"},
				"south": {"uv": [8, 0, 16, 8], "texture": "#0"},
				"west": {"uv": [8, 0, 16, 8], "texture": "#0"},
				"up": {"uv": [8, 0, 16, 8], "rotation": 90, "texture": "#0"},
				"down": {"uv": [8, 0, 16, 8], "rotation": 270, "texture": "#0"}
			}
		},
		{
			"name": "bass 6",
			"from": [0.92523, 7.07407, 0.92523],
			"to": [15.17523, 7.07407, 15.17523],
			"rotation": {"angle": -22.5, "axis": "y", "origin": [8.05023, 10.82407, 8.05023]},
			"faces": {
				"north": {"uv": [8, 0, 16, 8], "texture": "#0"},
				"east": {"uv": [8, 0, 16, 8], "texture": "#0"},
				"south": {"uv": [8, 0, 16, 8], "texture": "#0"},
				"west": {"uv": [8, 0, 16, 8], "texture": "#0"},
				"up": {"uv": [8, 0, 16, 8], "rotation": 90, "texture": "#0"},
				"down": {"uv": [8, 0, 16, 8], "rotation": 270, "texture": "#0"}
			}
		},
		{
			"name": "bass 7",
			"from": [1.30023, 7.82407, 1.30023],
			"to": [14.80023, 7.82407, 14.80023],
			"rotation": {"angle": -45, "axis": "y", "origin": [8.05023, 10.82407, 8.05023]},
			"faces": {
				"north": {"uv": [8, 0, 16, 8], "texture": "#0"},
				"east": {"uv": [8, 0, 16, 8], "texture": "#0"},
				"south": {"uv": [8, 0, 16, 8], "texture": "#0"},
				"west": {"uv": [8, 0, 16, 8], "texture": "#0"},
				"up": {"uv": [8, 0, 16, 8], "rotation": 90, "texture": "#0"},
				"down": {"uv": [8, 0, 16, 8], "rotation": 270, "texture": "#0"}
			}
		},
		{
			"name": "bass 8",
			"from": [1.67523, 8.57407, 1.67523],
			"to": [14.42523, 8.57407, 14.42523],
			"rotation": {"angle": 22.5, "axis": "y", "origin": [8.05023, 10.82407, 8.05023]},
			"faces": {
				"north": {"uv": [8, 0, 16, 8], "texture": "#0"},
				"east": {"uv": [8, 0, 16, 8], "texture": "#0"},
				"south": {"uv": [8, 0, 16, 8], "texture": "#0"},
				"west": {"uv": [8, 0, 16, 8], "texture": "#0"},
				"up": {"uv": [8, 0, 16, 8], "rotation": 180, "texture": "#0"},
				"down": {"uv": [8, 0, 16, 8], "rotation": 180, "texture": "#0"}
			}
		},
		{
			"name": "bass 9",
			"from": [2.05023, 9.32407, 2.05023],
			"to": [14.05023, 9.32407, 14.05023],
			"rotation": {"angle": 0, "axis": "y", "origin": [8.05023, 10.82407, 8.05023]},
			"faces": {
				"north": {"uv": [8, 0, 16, 8], "texture": "#0"},
				"east": {"uv": [8, 0, 16, 8], "texture": "#0"},
				"south": {"uv": [8, 0, 16, 8], "texture": "#0"},
				"west": {"uv": [8, 0, 16, 8], "texture": "#0"},
				"up": {"uv": [8, 0, 16, 8], "rotation": 180, "texture": "#0"},
				"down": {"uv": [8, 0, 16, 8], "rotation": 180, "texture": "#0"}
			}
		},
		{
			"name": "bass 10",
			"from": [2.42523, 10.07407, 2.42523],
			"to": [13.67523, 10.07407, 13.67523],
			"rotation": {"angle": -22.5, "axis": "y", "origin": [8.05023, 10.82407, 8.05023]},
			"faces": {
				"north": {"uv": [8, 0, 16, 8], "texture": "#0"},
				"east": {"uv": [8, 0, 16, 8], "texture": "#0"},
				"south": {"uv": [8, 0, 16, 8], "texture": "#0"},
				"west": {"uv": [8, 0, 16, 8], "texture": "#0"},
				"up": {"uv": [8, 0, 16, 8], "rotation": 180, "texture": "#0"},
				"down": {"uv": [8, 0, 16, 8], "rotation": 180, "texture": "#0"}
			}
		},
		{
			"name": "bass 11",
			"from": [2.80023, 10.82407, 2.80023],
			"to": [13.30023, 10.82407, 13.30023],
			"rotation": {"angle": -45, "axis": "y", "origin": [8.05023, 10.82407, 8.05023]},
			"faces": {
				"north": {"uv": [8, 0, 16, 8], "texture": "#0"},
				"east": {"uv": [8, 0, 16, 8], "texture": "#0"},
				"south": {"uv": [8, 0, 16, 8], "texture": "#0"},
				"west": {"uv": [8, 0, 16, 8], "texture": "#0"},
				"up": {"uv": [8, 0, 16, 8], "rotation": 180, "texture": "#0"},
				"down": {"uv": [8, 0, 16, 8], "rotation": 180, "texture": "#0"}
			}
		},
		{
			"name": "bass 12",
			"from": [3.17523, 11.57407, 3.17523],
			"to": [12.92523, 11.57407, 12.92523],
			"rotation": {"angle": 22.5, "axis": "y", "origin": [8.05023, 10.82407, 8.05023]},
			"faces": {
				"north": {"uv": [8, 0, 16, 8], "texture": "#0"},
				"east": {"uv": [8, 0, 16, 8], "texture": "#0"},
				"south": {"uv": [8, 0, 16, 8], "texture": "#0"},
				"west": {"uv": [8, 0, 16, 8], "texture": "#0"},
				"up": {"uv": [8, 0, 16, 8], "rotation": 270, "texture": "#0"},
				"down": {"uv": [8, 0, 16, 8], "rotation": 90, "texture": "#0"}
			}
		},
		{
			"name": "bass 13",
			"from": [3.55023, 12.32407, 3.55023],
			"to": [12.55023, 12.32407, 12.55023],
			"rotation": {"angle": 0, "axis": "y", "origin": [8.05023, 10.82407, 8.05023]},
			"faces": {
				"north": {"uv": [8, 0, 16, 8], "texture": "#0"},
				"east": {"uv": [8, 0, 16, 8], "texture": "#0"},
				"south": {"uv": [8, 0, 16, 8], "texture": "#0"},
				"west": {"uv": [8, 0, 16, 8], "texture": "#0"},
				"up": {"uv": [8, 0, 16, 8], "rotation": 270, "texture": "#0"},
				"down": {"uv": [8, 0, 16, 8], "rotation": 90, "texture": "#0"}
			}
		},
		{
			"name": "bass 14",
			"from": [3.92523, 13.07407, 3.92523],
			"to": [12.17523, 13.07407, 12.17523],
			"rotation": {"angle": -22.5, "axis": "y", "origin": [8.05023, 10.82407, 8.05023]},
			"faces": {
				"north": {"uv": [8, 0, 16, 8], "texture": "#0"},
				"east": {"uv": [8, 0, 16, 8], "texture": "#0"},
				"south": {"uv": [8, 0, 16, 8], "texture": "#0"},
				"west": {"uv": [8, 0, 16, 8], "texture": "#0"},
				"up": {"uv": [8, 0, 16, 8], "rotation": 270, "texture": "#0"},
				"down": {"uv": [8, 0, 16, 8], "rotation": 90, "texture": "#0"}
			}
		},
		{
			"name": "bass 15",
			"from": [4.30023, 13.82407, 4.30023],
			"to": [11.80023, 13.82407, 11.80023],
			"rotation": {"angle": -45, "axis": "y", "origin": [8.05023, 10.82407, 8.05023]},
			"faces": {
				"north": {"uv": [8, 0, 16, 8], "texture": "#0"},
				"east": {"uv": [8, 0, 16, 8], "texture": "#0"},
				"south": {"uv": [8, 0, 16, 8], "texture": "#0"},
				"west": {"uv": [8, 0, 16, 8], "texture": "#0"},
				"up": {"uv": [8, 0, 16, 8], "rotation": 270, "texture": "#0"},
				"down": {"uv": [8, 0, 16, 8], "rotation": 90, "texture": "#0"}
			}
		},
		{
			"name": "bass 16",
			"from": [4.67523, 14.57407, 4.67523],
			"to": [11.42523, 14.57407, 11.42523],
			"rotation": {"angle": 22.5, "axis": "y", "origin": [8.05023, 10.82407, 8.05023]},
			"faces": {
				"north": {"uv": [8, 0, 16, 8], "texture": "#0"},
				"east": {"uv": [8, 0, 16, 8], "texture": "#0"},
				"south": {"uv": [8, 0, 16, 8], "texture": "#0"},
				"west": {"uv": [8, 0, 16, 8], "texture": "#0"},
				"up": {"uv": [8, 0, 16, 8], "texture": "#0"},
				"down": {"uv": [8, 0, 16, 8], "texture": "#0"}
			}
		},
		{
			"name": "bass 17",
			"from": [5.05023, 15.32407, 5.05023],
			"to": [11.05023, 15.32407, 11.05023],
			"rotation": {"angle": 0, "axis": "y", "origin": [8.05023, 10.82407, 8.05023]},
			"faces": {
				"north": {"uv": [8, 0, 16, 8], "texture": "#0"},
				"east": {"uv": [8, 0, 16, 8], "texture": "#0"},
				"south": {"uv": [8, 0, 16, 8], "texture": "#0"},
				"west": {"uv": [8, 0, 16, 8], "texture": "#0"},
				"up": {"uv": [8, 0, 16, 8], "texture": "#0"},
				"down": {"uv": [8, 0, 16, 8], "texture": "#0"}
			}
		},
		{
			"name": "bass 18",
			"from": [5.42523, 16.07407, 5.42523],
			"to": [10.67523, 16.07407, 10.67523],
			"rotation": {"angle": -22.5, "axis": "y", "origin": [8.05023, 10.82407, 8.05023]},
			"faces": {
				"north": {"uv": [8, 0, 16, 8], "texture": "#0"},
				"east": {"uv": [8, 0, 16, 8], "texture": "#0"},
				"south": {"uv": [8, 0, 16, 8], "texture": "#0"},
				"west": {"uv": [8, 0, 16, 8], "texture": "#0"},
				"up": {"uv": [8, 0, 16, 8], "texture": "#0"},
				"down": {"uv": [8, 0, 16, 8], "texture": "#0"}
			}
		},
		{
			"name": "bass 19",
			"from": [5.80023, 16.82407, 5.80023],
			"to": [10.30023, 16.82407, 10.30023],
			"rotation": {"angle": -45, "axis": "y", "origin": [8.05023, 10.82407, 8.05023]},
			"faces": {
				"north": {"uv": [8, 0, 16, 8], "texture": "#0"},
				"east": {"uv": [8, 0, 16, 8], "texture": "#0"},
				"south": {"uv": [8, 0, 16, 8], "texture": "#0"},
				"west": {"uv": [8, 0, 16, 8], "texture": "#0"},
				"up": {"uv": [8, 0, 16, 8], "texture": "#0"},
				"down": {"uv": [8, 0, 16, 8], "texture": "#0"}
			}
		},
		{
			"name": "bass 20",
			"from": [6.17523, 17.57407, 6.17523],
			"to": [9.92523, 17.57407, 9.92523],
			"rotation": {"angle": 22.5, "axis": "y", "origin": [8.05023, 10.82407, 8.05023]},
			"faces": {
				"north": {"uv": [8, 0, 16, 8], "texture": "#0"},
				"east": {"uv": [8, 0, 16, 8], "texture": "#0"},
				"south": {"uv": [8, 0, 16, 8], "texture": "#0"},
				"west": {"uv": [8, 0, 16, 8], "texture": "#0"},
				"up": {"uv": [8, 0, 16, 8], "rotation": 90, "texture": "#0"},
				"down": {"uv": [8, 0, 16, 8], "rotation": 270, "texture": "#0"}
			}
		},
		{
			"name": "bass 21",
			"from": [6.55023, 18.32407, 6.55023],
			"to": [9.55023, 18.32407, 9.55023],
			"rotation": {"angle": 0, "axis": "y", "origin": [8.05023, 10.82407, 8.05023]},
			"faces": {
				"north": {"uv": [8, 0, 16, 8], "texture": "#0"},
				"east": {"uv": [8, 0, 16, 8], "texture": "#0"},
				"south": {"uv": [8, 0, 16, 8], "texture": "#0"},
				"west": {"uv": [8, 0, 16, 8], "texture": "#0"},
				"up": {"uv": [8, 0, 16, 8], "rotation": 90, "texture": "#0"},
				"down": {"uv": [8, 0, 16, 8], "rotation": 270, "texture": "#0"}
			}
		},
		{
			"name": "bass 22",
			"from": [6.92523, 19.07407, 6.92523],
			"to": [9.17523, 19.07407, 9.17523],
			"rotation": {"angle": -22.5, "axis": "y", "origin": [8.05023, 10.82407, 8.05023]},
			"faces": {
				"north": {"uv": [8, 0, 16, 8], "texture": "#0"},
				"east": {"uv": [8, 0, 16, 8], "texture": "#0"},
				"south": {"uv": [8, 0, 16, 8], "texture": "#0"},
				"west": {"uv": [8, 0, 16, 8], "texture": "#0"},
				"up": {"uv": [8, 0, 16, 8], "rotation": 90, "texture": "#0"},
				"down": {"uv": [8, 0, 16, 8], "rotation": 270, "texture": "#0"}
			}
		},
		{
			"name": "bass 23",
			"from": [7.30023, 19.82407, 7.30023],
			"to": [8.80023, 19.82407, 8.80023],
			"rotation": {"angle": -45, "axis": "y", "origin": [8.05023, 10.82407, 8.05023]},
			"faces": {
				"north": {"uv": [8, 0, 16, 8], "texture": "#0"},
				"east": {"uv": [8, 0, 16, 8], "texture": "#0"},
				"south": {"uv": [8, 0, 16, 8], "texture": "#0"},
				"west": {"uv": [8, 0, 16, 8], "texture": "#0"},
				"up": {"uv": [8, 0, 16, 8], "rotation": 90, "texture": "#0"},
				"down": {"uv": [8, 0, 16, 8], "rotation": 270, "texture": "#0"}
			}
		},
		{
			"name": "bass 24",
			"from": [8.05023, 18.69907, 6.92523],
			"to": [8.05023, 20.94907, 9.17523],
			"rotation": {"angle": 0, "axis": "z", "origin": [8.05023, 19.82407, 8.05023]},
			"faces": {
				"north": {"uv": [8, 0, 16, 8], "rotation": 270, "texture": "#0"},
				"east": {"uv": [8, 0, 16, 8], "rotation": 180, "texture": "#0"},
				"south": {"uv": [8, 0, 16, 8], "rotation": 90, "texture": "#0"},
				"west": {"uv": [8, 0, 16, 8], "texture": "#0"},
				"up": {"uv": [8, 0, 16, 8], "rotation": 90, "texture": "#0"},
				"down": {"uv": [8, 0, 16, 8], "rotation": 90, "texture": "#0"}
			}
		},
		{
			"name": "bass 25",
			"from": [6.92523, 18.69907, 8.05023],
			"to": [9.17523, 20.94907, 8.05023],
			"rotation": {"angle": 0, "axis": "y", "origin": [8.05023, 19.82407, 8.05023]},
			"faces": {
				"north": {"uv": [8, 0, 16, 8], "rotation": 180, "texture": "#0"},
				"east": {"uv": [8, 0, 16, 8], "rotation": 90, "texture": "#0"},
				"south": {"uv": [8, 0, 16, 8], "texture": "#0"},
				"west": {"uv": [8, 0, 16, 8], "rotation": 270, "texture": "#0"},
				"up": {"uv": [8, 0, 16, 8], "texture": "#0"},
				"down": {"uv": [8, 0, 16, 8], "rotation": 180, "texture": "#0"}
			}
		},
		{
			"name": "hexadecagon",
			"from": [7.90104, 1.82407, 7.30023],
			"to": [8.19942, 15.32407, 8.80023],
			"rotation": {"angle": -45, "axis": "y", "origin": [8.05023, 11.57407, 8.05023]},
			"faces": {
				"north": {"uv": [0, 0, 2, 16], "texture": "#0"},
				"east": {"uv": [0, 0, 2, 16], "texture": "#0"},
				"south": {"uv": [0, 0, 2, 16], "texture": "#0"},
				"west": {"uv": [0, 0, 2, 16], "texture": "#0"},
				"up": {"uv": [0, 0, 2, 16], "texture": "#0"},
				"down": {"uv": [0, 0, 2, 16], "texture": "#0"}
			}
		},
		{
			"name": "hexadecagon",
			"from": [7.90104, 1.82407, 7.30023],
			"to": [8.19942, 15.32407, 8.80023],
			"rotation": {"angle": -22.5, "axis": "y", "origin": [8.05023, 11.57407, 8.05023]},
			"faces": {
				"north": {"uv": [0, 0, 2, 16], "texture": "#0"},
				"east": {"uv": [0, 0, 2, 16], "texture": "#0"},
				"south": {"uv": [0, 0, 2, 16], "texture": "#0"},
				"west": {"uv": [0, 0, 2, 16], "texture": "#0"},
				"up": {"uv": [0, 0, 2, 16], "texture": "#0"},
				"down": {"uv": [0, 0, 2, 16], "texture": "#0"}
			}
		},
		{
			"name": "hexadecagon",
			"from": [7.90104, 1.82407, 7.30023],
			"to": [8.19942, 15.32407, 8.80023],
			"rotation": {"angle": 0, "axis": "y", "origin": [8.05023, 11.57407, 8.05023]},
			"faces": {
				"north": {"uv": [0, 0, 2, 16], "texture": "#0"},
				"east": {"uv": [0, 0, 2, 16], "texture": "#0"},
				"south": {"uv": [0, 0, 2, 16], "texture": "#0"},
				"west": {"uv": [0, 0, 2, 16], "texture": "#0"},
				"up": {"uv": [0, 0, 2, 16], "texture": "#0"},
				"down": {"uv": [0, 0, 2, 16], "texture": "#0"}
			}
		},
		{
			"name": "hexadecagon",
			"from": [7.90104, 1.82407, 7.30023],
			"to": [8.19942, 15.32407, 8.80023],
			"rotation": {"angle": 22.5, "axis": "y", "origin": [8.05023, 11.57407, 8.05023]},
			"faces": {
				"north": {"uv": [0, 0, 2, 16], "texture": "#0"},
				"east": {"uv": [0, 0, 2, 16], "texture": "#0"},
				"south": {"uv": [0, 0, 2, 16], "texture": "#0"},
				"west": {"uv": [0, 0, 2, 16], "texture": "#0"},
				"up": {"uv": [0, 0, 2, 16], "texture": "#0"},
				"down": {"uv": [0, 0, 2, 16], "texture": "#0"}
			}
		},
		{
			"name": "hexadecagon",
			"from": [7.90104, 1.82407, 7.30023],
			"to": [8.19942, 15.32407, 8.80023],
			"rotation": {"angle": 45, "axis": "y", "origin": [8.05023, 11.57407, 8.05023]},
			"faces": {
				"north": {"uv": [0, 0, 2, 16], "texture": "#0"},
				"east": {"uv": [0, 0, 2, 16], "texture": "#0"},
				"south": {"uv": [0, 0, 2, 16], "texture": "#0"},
				"west": {"uv": [0, 0, 2, 16], "texture": "#0"},
				"up": {"uv": [0, 0, 2, 16], "texture": "#0"},
				"down": {"uv": [0, 0, 2, 16], "texture": "#0"}
			}
		},
		{
			"name": "hexadecagon",
			"from": [7.30023, 1.82407, 7.90104],
			"to": [8.80023, 15.32407, 8.19942],
			"rotation": {"angle": -22.5, "axis": "y", "origin": [8.05023, 11.57407, 8.05023]},
			"faces": {
				"north": {"uv": [0, 0, 2, 16], "texture": "#0"},
				"east": {"uv": [0, 0, 2, 16], "texture": "#0"},
				"south": {"uv": [0, 0, 2, 16], "texture": "#0"},
				"west": {"uv": [0, 0, 2, 16], "texture": "#0"},
				"up": {"uv": [0, 0, 2, 16], "texture": "#0"},
				"down": {"uv": [0, 0, 2, 16], "texture": "#0"}
			}
		},
		{
			"name": "hexadecagon",
			"from": [7.30023, 1.82407, 7.90104],
			"to": [8.80023, 15.32407, 8.19942],
			"rotation": {"angle": 0, "axis": "y", "origin": [8.05023, 11.57407, 8.05023]},
			"faces": {
				"north": {"uv": [0, 0, 2, 16], "texture": "#0"},
				"east": {"uv": [0, 0, 2, 16], "texture": "#0"},
				"south": {"uv": [0, 0, 2, 16], "texture": "#0"},
				"west": {"uv": [0, 0, 2, 16], "texture": "#0"},
				"up": {"uv": [0, 0, 2, 16], "texture": "#0"},
				"down": {"uv": [0, 0, 2, 16], "texture": "#0"}
			}
		},
		{
			"name": "hexadecagon",
			"from": [7.30023, 1.82407, 7.90104],
			"to": [8.80023, 15.32407, 8.19942],
			"rotation": {"angle": 22.5, "axis": "y", "origin": [8.05023, 11.57407, 8.05023]},
			"faces": {
				"north": {"uv": [0, 0, 2, 16], "texture": "#0"},
				"east": {"uv": [0, 0, 2, 16], "texture": "#0"},
				"south": {"uv": [0, 0, 2, 16], "texture": "#0"},
				"west": {"uv": [0, 0, 2, 16], "texture": "#0"},
				"up": {"uv": [0, 0, 2, 16], "texture": "#0"},
				"down": {"uv": [0, 0, 2, 16], "texture": "#0"}
			}
		},
		{
			"name": "hexadecagon",
			"from": [7.91, 15.32407, 7.34523],
			"to": [8.19047, 18.32407, 8.75523],
			"rotation": {"angle": -45, "axis": "y", "origin": [8.05023, 18.32407, 8.05023]},
			"faces": {
				"north": {"uv": [0, 0, 2, 16], "texture": "#0"},
				"east": {"uv": [0, 0, 2, 16], "texture": "#0"},
				"south": {"uv": [0, 0, 2, 16], "texture": "#0"},
				"west": {"uv": [0, 0, 2, 16], "texture": "#0"},
				"up": {"uv": [0, 0, 2, 16], "texture": "#0"},
				"down": {"uv": [0, 0, 2, 16], "texture": "#0"}
			}
		},
		{
			"name": "hexadecagon",
			"from": [7.91841, 18.32407, 7.38753],
			"to": [8.18205, 19.82407, 8.71293],
			"rotation": {"angle": -45, "axis": "y", "origin": [8.05023, 21.32407, 8.05023]},
			"faces": {
				"north": {"uv": [0, 0, 2, 16], "texture": "#0"},
				"east": {"uv": [0, 0, 2, 16], "texture": "#0"},
				"south": {"uv": [0, 0, 2, 16], "texture": "#0"},
				"west": {"uv": [0, 0, 2, 16], "texture": "#0"},
				"up": {"uv": [0, 0, 2, 16], "texture": "#0"},
				"down": {"uv": [0, 0, 2, 16], "texture": "#0"}
			}
		},
		{
			"name": "hexadecagon",
			"from": [7.91, 15.32407, 7.34523],
			"to": [8.19047, 18.32407, 8.75523],
			"rotation": {"angle": -22.5, "axis": "y", "origin": [8.05023, 18.32407, 8.05023]},
			"faces": {
				"north": {"uv": [0, 0, 2, 16], "texture": "#0"},
				"east": {"uv": [0, 0, 2, 16], "texture": "#0"},
				"south": {"uv": [0, 0, 2, 16], "texture": "#0"},
				"west": {"uv": [0, 0, 2, 16], "texture": "#0"},
				"up": {"uv": [0, 0, 2, 16], "texture": "#0"},
				"down": {"uv": [0, 0, 2, 16], "texture": "#0"}
			}
		},
		{
			"name": "hexadecagon",
			"from": [7.91841, 18.32407, 7.38753],
			"to": [8.18205, 19.82407, 8.71293],
			"rotation": {"angle": -22.5, "axis": "y", "origin": [8.05023, 21.32407, 8.05023]},
			"faces": {
				"north": {"uv": [0, 0, 2, 16], "texture": "#0"},
				"east": {"uv": [0, 0, 2, 16], "texture": "#0"},
				"south": {"uv": [0, 0, 2, 16], "texture": "#0"},
				"west": {"uv": [0, 0, 2, 16], "texture": "#0"},
				"up": {"uv": [0, 0, 2, 16], "texture": "#0"},
				"down": {"uv": [0, 0, 2, 16], "texture": "#0"}
			}
		},
		{
			"name": "hexadecagon",
			"from": [7.91, 15.32407, 7.34523],
			"to": [8.19047, 18.32407, 8.75523],
			"rotation": {"angle": 0, "axis": "y", "origin": [8.05023, 18.32407, 8.05023]},
			"faces": {
				"north": {"uv": [0, 0, 2, 16], "texture": "#0"},
				"east": {"uv": [0, 0, 2, 16], "texture": "#0"},
				"south": {"uv": [0, 0, 2, 16], "texture": "#0"},
				"west": {"uv": [0, 0, 2, 16], "texture": "#0"},
				"up": {"uv": [0, 0, 2, 16], "texture": "#0"},
				"down": {"uv": [0, 0, 2, 16], "texture": "#0"}
			}
		},
		{
			"name": "hexadecagon",
			"from": [7.91841, 18.32407, 7.38753],
			"to": [8.18205, 19.82407, 8.71293],
			"rotation": {"angle": 0, "axis": "y", "origin": [8.05023, 21.32407, 8.05023]},
			"faces": {
				"north": {"uv": [0, 0, 2, 16], "texture": "#0"},
				"east": {"uv": [0, 0, 2, 16], "texture": "#0"},
				"south": {"uv": [0, 0, 2, 16], "texture": "#0"},
				"west": {"uv": [0, 0, 2, 16], "texture": "#0"},
				"up": {"uv": [0, 0, 2, 16], "texture": "#0"},
				"down": {"uv": [0, 0, 2, 16], "texture": "#0"}
			}
		},
		{
			"name": "hexadecagon",
			"from": [7.91, 15.32407, 7.34523],
			"to": [8.19047, 18.32407, 8.75523],
			"rotation": {"angle": 22.5, "axis": "y", "origin": [8.05023, 18.32407, 8.05023]},
			"faces": {
				"north": {"uv": [0, 0, 2, 16], "texture": "#0"},
				"east": {"uv": [0, 0, 2, 16], "texture": "#0"},
				"south": {"uv": [0, 0, 2, 16], "texture": "#0"},
				"west": {"uv": [0, 0, 2, 16], "texture": "#0"},
				"up": {"uv": [0, 0, 2, 16], "texture": "#0"},
				"down": {"uv": [0, 0, 2, 16], "texture": "#0"}
			}
		},
		{
			"name": "hexadecagon",
			"from": [7.91841, 18.32407, 7.38753],
			"to": [8.18205, 19.82407, 8.71293],
			"rotation": {"angle": 22.5, "axis": "y", "origin": [8.05023, 21.32407, 8.05023]},
			"faces": {
				"north": {"uv": [0, 0, 2, 16], "texture": "#0"},
				"east": {"uv": [0, 0, 2, 16], "texture": "#0"},
				"south": {"uv": [0, 0, 2, 16], "texture": "#0"},
				"west": {"uv": [0, 0, 2, 16], "texture": "#0"},
				"up": {"uv": [0, 0, 2, 16], "texture": "#0"},
				"down": {"uv": [0, 0, 2, 16], "texture": "#0"}
			}
		},
		{
			"name": "hexadecagon",
			"from": [7.91, 15.32407, 7.34523],
			"to": [8.19047, 18.32407, 8.75523],
			"rotation": {"angle": 45, "axis": "y", "origin": [8.05023, 18.32407, 8.05023]},
			"faces": {
				"north": {"uv": [0, 0, 2, 16], "texture": "#0"},
				"east": {"uv": [0, 0, 2, 16], "texture": "#0"},
				"south": {"uv": [0, 0, 2, 16], "texture": "#0"},
				"west": {"uv": [0, 0, 2, 16], "texture": "#0"},
				"up": {"uv": [0, 0, 2, 16], "texture": "#0"},
				"down": {"uv": [0, 0, 2, 16], "texture": "#0"}
			}
		},
		{
			"name": "hexadecagon",
			"from": [7.91841, 18.32407, 7.38753],
			"to": [8.18205, 19.82407, 8.71293],
			"rotation": {"angle": 45, "axis": "y", "origin": [8.05023, 21.32407, 8.05023]},
			"faces": {
				"north": {"uv": [0, 0, 2, 16], "texture": "#0"},
				"east": {"uv": [0, 0, 2, 16], "texture": "#0"},
				"south": {"uv": [0, 0, 2, 16], "texture": "#0"},
				"west": {"uv": [0, 0, 2, 16], "texture": "#0"},
				"up": {"uv": [0, 0, 2, 16], "texture": "#0"},
				"down": {"uv": [0, 0, 2, 16], "texture": "#0"}
			}
		},
		{
			"name": "hexadecagon",
			"from": [7.34523, 15.32407, 7.91],
			"to": [8.75523, 18.32407, 8.19047],
			"rotation": {"angle": -22.5, "axis": "y", "origin": [8.05023, 18.32407, 8.05023]},
			"faces": {
				"north": {"uv": [0, 0, 2, 16], "texture": "#0"},
				"east": {"uv": [0, 0, 2, 16], "texture": "#0"},
				"south": {"uv": [0, 0, 2, 16], "texture": "#0"},
				"west": {"uv": [0, 0, 2, 16], "texture": "#0"},
				"up": {"uv": [0, 0, 2, 16], "texture": "#0"},
				"down": {"uv": [0, 0, 2, 16], "texture": "#0"}
			}
		},
		{
			"name": "hexadecagon",
			"from": [7.38753, 18.32407, 7.91841],
			"to": [8.71293, 19.82407, 8.18205],
			"rotation": {"angle": -22.5, "axis": "y", "origin": [8.05023, 21.32407, 8.05023]},
			"faces": {
				"north": {"uv": [0, 0, 2, 16], "texture": "#0"},
				"east": {"uv": [0, 0, 2, 16], "texture": "#0"},
				"south": {"uv": [0, 0, 2, 16], "texture": "#0"},
				"west": {"uv": [0, 0, 2, 16], "texture": "#0"},
				"up": {"uv": [0, 0, 2, 16], "texture": "#0"},
				"down": {"uv": [0, 0, 2, 16], "texture": "#0"}
			}
		},
		{
			"name": "hexadecagon",
			"from": [7.34523, 15.32407, 7.91],
			"to": [8.75523, 18.32407, 8.19047],
			"rotation": {"angle": 0, "axis": "y", "origin": [8.05023, 18.32407, 8.05023]},
			"faces": {
				"north": {"uv": [0, 0, 2, 16], "texture": "#0"},
				"east": {"uv": [0, 0, 2, 16], "texture": "#0"},
				"south": {"uv": [0, 0, 2, 16], "texture": "#0"},
				"west": {"uv": [0, 0, 2, 16], "texture": "#0"},
				"up": {"uv": [0, 0, 2, 16], "texture": "#0"},
				"down": {"uv": [0, 0, 2, 16], "texture": "#0"}
			}
		},
		{
			"name": "hexadecagon",
			"from": [7.38753, 18.32407, 7.91841],
			"to": [8.71293, 19.82407, 8.18205],
			"rotation": {"angle": 0, "axis": "y", "origin": [8.05023, 21.32407, 8.05023]},
			"faces": {
				"north": {"uv": [0, 0, 2, 16], "texture": "#0"},
				"east": {"uv": [0, 0, 2, 16], "texture": "#0"},
				"south": {"uv": [0, 0, 2, 16], "texture": "#0"},
				"west": {"uv": [0, 0, 2, 16], "texture": "#0"},
				"up": {"uv": [0, 0, 2, 16], "texture": "#0"},
				"down": {"uv": [0, 0, 2, 16], "texture": "#0"}
			}
		},
		{
			"name": "hexadecagon",
			"from": [7.34523, 15.32407, 7.91],
			"to": [8.75523, 18.32407, 8.19047],
			"rotation": {"angle": 22.5, "axis": "y", "origin": [8.05023, 18.32407, 8.05023]},
			"faces": {
				"north": {"uv": [0, 0, 2, 16], "texture": "#0"},
				"east": {"uv": [0, 0, 2, 16], "texture": "#0"},
				"south": {"uv": [0, 0, 2, 16], "texture": "#0"},
				"west": {"uv": [0, 0, 2, 16], "texture": "#0"},
				"up": {"uv": [0, 0, 2, 16], "texture": "#0"},
				"down": {"uv": [0, 0, 2, 16], "texture": "#0"}
			}
		},
		{
			"name": "hexadecagon",
			"from": [7.38753, 18.32407, 7.91841],
			"to": [8.71293, 19.82407, 8.18205],
			"rotation": {"angle": 22.5, "axis": "y", "origin": [8.05023, 21.32407, 8.05023]},
			"faces": {
				"north": {"uv": [0, 0, 2, 16], "texture": "#0"},
				"east": {"uv": [0, 0, 2, 16], "texture": "#0"},
				"south": {"uv": [0, 0, 2, 16], "texture": "#0"},
				"west": {"uv": [0, 0, 2, 16], "texture": "#0"},
				"up": {"uv": [0, 0, 2, 16], "texture": "#0"},
				"down": {"uv": [0, 0, 2, 16], "texture": "#0"}
			}
		},
		{
			"name": "hexadecagon",
			"from": [7.84137, -0.80093, 7.00023],
			"to": [8.25909, 1.82407, 9.10023],
			"rotation": {"angle": -45, "axis": "y", "origin": [8.05023, 11.19907, 8.05023]},
			"faces": {
				"north": {"uv": [12, 12, 16, 16], "texture": "#0"},
				"east": {"uv": [12, 12, 16, 16], "texture": "#0"},
				"south": {"uv": [12, 12, 16, 16], "texture": "#0"},
				"west": {"uv": [12, 12, 16, 16], "texture": "#0"},
				"up": {"uv": [12, 12, 16, 16], "texture": "#0"},
				"down": {"uv": [12, 12, 16, 16], "texture": "#0"}
			}
		},
		{
			"name": "hexadecagon",
			"from": [7.84137, -0.80093, 7.00023],
			"to": [8.25909, 1.82407, 9.10023],
			"rotation": {"angle": -22.5, "axis": "y", "origin": [8.05023, 11.19907, 8.05023]},
			"faces": {
				"north": {"uv": [12, 12, 16, 16], "texture": "#0"},
				"east": {"uv": [12, 12, 16, 16], "texture": "#0"},
				"south": {"uv": [12, 12, 16, 16], "texture": "#0"},
				"west": {"uv": [12, 12, 16, 16], "texture": "#0"},
				"up": {"uv": [12, 12, 16, 16], "texture": "#0"},
				"down": {"uv": [12, 12, 16, 16], "texture": "#0"}
			}
		},
		{
			"name": "hexadecagon",
			"from": [7.84137, -0.80093, 7.00023],
			"to": [8.25909, 1.82407, 9.10023],
			"rotation": {"angle": 0, "axis": "y", "origin": [8.05023, 11.19907, 8.05023]},
			"faces": {
				"north": {"uv": [12, 12, 16, 16], "texture": "#0"},
				"east": {"uv": [12, 12, 16, 16], "texture": "#0"},
				"south": {"uv": [12, 12, 16, 16], "texture": "#0"},
				"west": {"uv": [12, 12, 16, 16], "texture": "#0"},
				"up": {"uv": [12, 12, 16, 16], "texture": "#0"},
				"down": {"uv": [12, 12, 16, 16], "texture": "#0"}
			}
		},
		{
			"name": "hexadecagon",
			"from": [7.84137, -0.80093, 7.00023],
			"to": [8.25909, 1.82407, 9.10023],
			"rotation": {"angle": 22.5, "axis": "y", "origin": [8.05023, 11.19907, 8.05023]},
			"faces": {
				"north": {"uv": [12, 12, 16, 16], "texture": "#0"},
				"east": {"uv": [12, 12, 16, 16], "texture": "#0"},
				"south": {"uv": [12, 12, 16, 16], "texture": "#0"},
				"west": {"uv": [12, 12, 16, 16], "texture": "#0"},
				"up": {"uv": [12, 12, 16, 16], "texture": "#0"},
				"down": {"uv": [12, 12, 16, 16], "texture": "#0"}
			}
		},
		{
			"name": "hexadecagon",
			"from": [7.84137, -0.80093, 7.00023],
			"to": [8.25909, 1.82407, 9.10023],
			"rotation": {"angle": 45, "axis": "y", "origin": [8.05023, 11.19907, 8.05023]},
			"faces": {
				"north": {"uv": [12, 12, 16, 16], "texture": "#0"},
				"east": {"uv": [12, 12, 16, 16], "texture": "#0"},
				"south": {"uv": [12, 12, 16, 16], "texture": "#0"},
				"west": {"uv": [12, 12, 16, 16], "texture": "#0"},
				"up": {"uv": [12, 12, 16, 16], "texture": "#0"},
				"down": {"uv": [12, 12, 16, 16], "texture": "#0"}
			}
		},
		{
			"name": "hexadecagon",
			"from": [7.00023, -0.80093, 7.84137],
			"to": [9.10023, 1.82407, 8.25909],
			"rotation": {"angle": -22.5, "axis": "y", "origin": [8.05023, 11.19907, 8.05023]},
			"faces": {
				"north": {"uv": [12, 12, 16, 16], "texture": "#0"},
				"east": {"uv": [12, 12, 16, 16], "texture": "#0"},
				"south": {"uv": [12, 12, 16, 16], "texture": "#0"},
				"west": {"uv": [12, 12, 16, 16], "texture": "#0"},
				"up": {"uv": [12, 12, 16, 16], "texture": "#0"},
				"down": {"uv": [12, 12, 16, 16], "texture": "#0"}
			}
		},
		{
			"name": "hexadecagon",
			"from": [7.00023, -0.80093, 7.84137],
			"to": [9.10023, 1.82407, 8.25909],
			"rotation": {"angle": 0, "axis": "y", "origin": [8.05023, 11.19907, 8.05023]},
			"faces": {
				"north": {"uv": [12, 12, 16, 16], "texture": "#0"},
				"east": {"uv": [12, 12, 16, 16], "texture": "#0"},
				"south": {"uv": [12, 12, 16, 16], "texture": "#0"},
				"west": {"uv": [12, 12, 16, 16], "texture": "#0"},
				"up": {"uv": [12, 12, 16, 16], "texture": "#0"},
				"down": {"uv": [12, 12, 16, 16], "texture": "#0"}
			}
		},
		{
			"name": "hexadecagon",
			"from": [7.00023, -0.80093, 7.84137],
			"to": [9.10023, 1.82407, 8.25909],
			"rotation": {"angle": 22.5, "axis": "y", "origin": [8.05023, 11.19907, 8.05023]},
			"faces": {
				"north": {"uv": [12, 12, 16, 16], "texture": "#0"},
				"east": {"uv": [12, 12, 16, 16], "texture": "#0"},
				"south": {"uv": [12, 12, 16, 16], "texture": "#0"},
				"west": {"uv": [12, 12, 16, 16], "texture": "#0"},
				"up": {"uv": [12, 12, 16, 16], "texture": "#0"},
				"down": {"uv": [12, 12, 16, 16], "texture": "#0"}
			}
		},
		{
			"name": "hexadecagon",
			"from": [7.21481, -0.80093, 3.85023],
			"to": [8.88566, -0.42593, 4.11273],
			"rotation": {"angle": -45, "axis": "y", "origin": [8.05023, 11.19907, 8.05023]},
			"faces": {
				"north": {"uv": [12, 11.5, 16, 12], "texture": "#0"},
				"east": {"uv": [12, 11.5, 16, 12], "texture": "#0"},
				"south": {"uv": [12, 11.5, 16, 12], "texture": "#0"},
				"west": {"uv": [12, 11.5, 16, 12], "texture": "#0"},
				"up": {"uv": [12, 11.5, 16, 11.75], "texture": "#0"},
				"down": {"uv": [12, 11.5, 16, 12], "texture": "#0"}
			}
		},
		{
			"name": "hexadecagon",
			"from": [7.21481, -0.80093, 3.85023],
			"to": [8.88566, -0.42593, 4.11273],
			"rotation": {"angle": -22.5, "axis": "y", "origin": [8.05023, 11.19907, 8.05023]},
			"faces": {
				"north": {"uv": [12, 11.5, 16, 12], "texture": "#0"},
				"east": {"uv": [12, 11.5, 16, 12], "texture": "#0"},
				"south": {"uv": [12, 11.5, 16, 12], "texture": "#0"},
				"west": {"uv": [12, 11.5, 16, 12], "texture": "#0"},
				"up": {"uv": [12, 11.5, 16, 11.75], "texture": "#0"},
				"down": {"uv": [12, 11.5, 16, 12], "texture": "#0"}
			}
		},
		{
			"name": "hexadecagon",
			"from": [7.21481, -0.80093, 3.85023],
			"to": [8.88566, -0.42593, 4.11273],
			"rotation": {"angle": 0, "axis": "y", "origin": [8.05023, 11.19907, 8.05023]},
			"faces": {
				"north": {"uv": [12, 11.5, 16, 12], "texture": "#0"},
				"east": {"uv": [12, 11.5, 16, 12], "texture": "#0"},
				"south": {"uv": [12, 11.5, 16, 12], "texture": "#0"},
				"west": {"uv": [12, 11.5, 16, 12], "texture": "#0"},
				"up": {"uv": [12, 11.5, 16, 11.75], "texture": "#0"},
				"down": {"uv": [12, 11.5, 16, 12], "texture": "#0"}
			}
		},
		{
			"name": "hexadecagon",
			"from": [7.21481, -0.80093, 3.85023],
			"to": [8.88566, -0.42593, 4.11273],
			"rotation": {"angle": 22.5, "axis": "y", "origin": [8.05023, 11.19907, 8.05023]},
			"faces": {
				"north": {"uv": [12, 11.5, 16, 12], "texture": "#0"},
				"east": {"uv": [12, 11.5, 16, 12], "texture": "#0"},
				"south": {"uv": [12, 11.5, 16, 12], "texture": "#0"},
				"west": {"uv": [12, 11.5, 16, 12], "texture": "#0"},
				"up": {"uv": [12, 11.5, 16, 11.75], "texture": "#0"},
				"down": {"uv": [12, 11.5, 16, 12], "texture": "#0"}
			}
		},
		{
			"name": "hexadecagon",
			"from": [7.21481, -0.80093, 3.85023],
			"to": [8.88566, -0.42593, 4.11273],
			"rotation": {"angle": 45, "axis": "y", "origin": [8.05023, 11.19907, 8.05023]},
			"faces": {
				"north": {"uv": [12, 11.5, 16, 12], "texture": "#0"},
				"east": {"uv": [12, 11.5, 16, 12], "texture": "#0"},
				"south": {"uv": [12, 11.5, 16, 12], "texture": "#0"},
				"west": {"uv": [12, 11.5, 16, 12], "texture": "#0"},
				"up": {"uv": [12, 11.5, 16, 11.75], "texture": "#0"},
				"down": {"uv": [12, 11.5, 16, 12], "texture": "#0"}
			}
		},
		{
			"name": "hexadecagon",
			"from": [3.85023, -0.80093, 7.21481],
			"to": [4.11273, -0.42593, 8.88566],
			"rotation": {"angle": -22.5, "axis": "y", "origin": [8.05023, 11.19907, 8.05023]},
			"faces": {
				"north": {"uv": [12, 11.5, 16, 12], "texture": "#0"},
				"east": {"uv": [12, 11.5, 16, 12], "texture": "#0"},
				"south": {"uv": [12, 11.5, 16, 12], "texture": "#0"},
				"west": {"uv": [12, 11.5, 16, 12], "texture": "#0"},
				"up": {"uv": [12, 11.5, 16, 11.75], "texture": "#0"},
				"down": {"uv": [12, 11.5, 16, 12], "texture": "#0"}
			}
		},
		{
			"name": "hexadecagon",
			"from": [3.85023, -0.80093, 7.21481],
			"to": [4.11273, -0.42593, 8.88566],
			"rotation": {"angle": 0, "axis": "y", "origin": [8.05023, 11.19907, 8.05023]},
			"faces": {
				"north": {"uv": [12, 11.5, 16, 12], "texture": "#0"},
				"east": {"uv": [12, 11.5, 16, 12], "texture": "#0"},
				"south": {"uv": [12, 11.5, 16, 12], "texture": "#0"},
				"west": {"uv": [12, 11.5, 16, 12], "texture": "#0"},
				"up": {"uv": [12, 11.5, 16, 11.75], "texture": "#0"},
				"down": {"uv": [12, 11.5, 16, 12], "texture": "#0"}
			}
		},
		{
			"name": "hexadecagon",
			"from": [3.85023, -0.80093, 7.21481],
			"to": [4.11273, -0.42593, 8.88566],
			"rotation": {"angle": 22.5, "axis": "y", "origin": [8.05023, 11.19907, 8.05023]},
			"faces": {
				"north": {"uv": [12, 11.5, 16, 12], "texture": "#0"},
				"east": {"uv": [12, 11.5, 16, 12], "texture": "#0"},
				"south": {"uv": [12, 11.5, 16, 12], "texture": "#0"},
				"west": {"uv": [12, 11.5, 16, 12], "texture": "#0"},
				"up": {"uv": [12, 11.5, 16, 11.75], "texture": "#0"},
				"down": {"uv": [12, 11.5, 16, 12], "texture": "#0"}
			}
		},
		{
			"name": "hexadecagon",
			"from": [3.85023, -0.80093, 7.21481],
			"to": [4.11273, -0.42593, 8.88566],
			"rotation": {"angle": 45, "axis": "y", "origin": [8.05023, 11.19907, 8.05023]},
			"faces": {
				"north": {"uv": [12, 11.5, 16, 12], "texture": "#0"},
				"east": {"uv": [12, 11.5, 16, 12], "texture": "#0"},
				"south": {"uv": [12, 11.5, 16, 12], "texture": "#0"},
				"west": {"uv": [12, 11.5, 16, 12], "texture": "#0"},
				"up": {"uv": [12, 11.5, 16, 11.75], "texture": "#0"},
				"down": {"uv": [12, 11.5, 16, 12], "texture": "#0"}
			}
		},
		{
			"name": "hexadecagon",
			"from": [7.21481, -0.80093, 11.98773],
			"to": [8.88566, -0.42593, 12.25023],
			"rotation": {"angle": -22.5, "axis": "y", "origin": [8.05023, 11.19907, 8.05023]},
			"faces": {
				"north": {"uv": [12, 11.5, 16, 12], "texture": "#0"},
				"east": {"uv": [12, 11.5, 16, 12], "texture": "#0"},
				"south": {"uv": [12, 11.5, 16, 12], "texture": "#0"},
				"west": {"uv": [12, 11.5, 16, 12], "texture": "#0"},
				"up": {"uv": [12, 11.5, 16, 11.75], "texture": "#0"},
				"down": {"uv": [12, 11.5, 16, 12], "texture": "#0"}
			}
		},
		{
			"name": "hexadecagon",
			"from": [7.21481, -0.80093, 11.98773],
			"to": [8.88566, -0.42593, 12.25023],
			"rotation": {"angle": 0, "axis": "y", "origin": [8.05023, 11.19907, 8.05023]},
			"faces": {
				"north": {"uv": [12, 11.5, 16, 12], "texture": "#0"},
				"east": {"uv": [12, 11.5, 16, 12], "texture": "#0"},
				"south": {"uv": [12, 11.5, 16, 12], "texture": "#0"},
				"west": {"uv": [12, 11.5, 16, 12], "texture": "#0"},
				"up": {"uv": [12, 11.5, 16, 11.75], "texture": "#0"},
				"down": {"uv": [12, 11.5, 16, 12], "texture": "#0"}
			}
		},
		{
			"name": "hexadecagon",
			"from": [7.21481, -0.80093, 11.98773],
			"to": [8.88566, -0.42593, 12.25023],
			"rotation": {"angle": 22.5, "axis": "y", "origin": [8.05023, 11.19907, 8.05023]},
			"faces": {
				"north": {"uv": [12, 11.5, 16, 12], "texture": "#0"},
				"east": {"uv": [12, 11.5, 16, 12], "texture": "#0"},
				"south": {"uv": [12, 11.5, 16, 12], "texture": "#0"},
				"west": {"uv": [12, 11.5, 16, 12], "texture": "#0"},
				"up": {"uv": [12, 11.5, 16, 11.75], "texture": "#0"},
				"down": {"uv": [12, 11.5, 16, 12], "texture": "#0"}
			}
		},
		{
			"name": "hexadecagon",
			"from": [7.21481, -0.80093, 11.98773],
			"to": [8.88566, -0.42593, 12.25023],
			"rotation": {"angle": 45, "axis": "y", "origin": [8.05023, 11.19907, 8.05023]},
			"faces": {
				"north": {"uv": [12, 11.5, 16, 12], "texture": "#0"},
				"east": {"uv": [12, 11.5, 16, 12], "texture": "#0"},
				"south": {"uv": [12, 11.5, 16, 12], "texture": "#0"},
				"west": {"uv": [12, 11.5, 16, 12], "texture": "#0"},
				"up": {"uv": [12, 11.5, 16, 11.75], "texture": "#0"},
				"down": {"uv": [12, 11.5, 16, 12], "texture": "#0"}
			}
		},
		{
			"name": "hexadecagon",
			"from": [11.98773, -0.80093, 7.21481],
			"to": [12.25023, -0.42593, 8.88566],
			"rotation": {"angle": -22.5, "axis": "y", "origin": [8.05023, 11.19907, 8.05023]},
			"faces": {
				"north": {"uv": [12, 11.5, 16, 12], "texture": "#0"},
				"east": {"uv": [12, 11.5, 16, 12], "texture": "#0"},
				"south": {"uv": [12, 11.5, 16, 12], "texture": "#0"},
				"west": {"uv": [12, 11.5, 16, 12], "texture": "#0"},
				"up": {"uv": [12, 11.5, 16, 11.75], "texture": "#0"},
				"down": {"uv": [12, 11.5, 16, 12], "texture": "#0"}
			}
		},
		{
			"name": "hexadecagon",
			"from": [11.98773, -0.80093, 7.21481],
			"to": [12.25023, -0.42593, 8.88566],
			"rotation": {"angle": 0, "axis": "y", "origin": [8.05023, 11.19907, 8.05023]},
			"faces": {
				"north": {"uv": [12, 11.5, 16, 12], "texture": "#0"},
				"east": {"uv": [12, 11.5, 16, 12], "texture": "#0"},
				"south": {"uv": [12, 11.5, 16, 12], "texture": "#0"},
				"west": {"uv": [12, 11.5, 16, 12], "texture": "#0"},
				"up": {"uv": [12, 11.5, 16, 11.75], "texture": "#0"},
				"down": {"uv": [12, 11.5, 16, 12], "texture": "#0"}
			}
		},
		{
			"name": "hexadecagon",
			"from": [11.98773, -0.80093, 7.21481],
			"to": [12.25023, -0.42593, 8.88566],
			"rotation": {"angle": 22.5, "axis": "y", "origin": [8.05023, 11.19907, 8.05023]},
			"faces": {
				"north": {"uv": [12, 11.5, 16, 12], "texture": "#0"},
				"east": {"uv": [12, 11.5, 16, 12], "texture": "#0"},
				"south": {"uv": [12, 11.5, 16, 12], "texture": "#0"},
				"west": {"uv": [12, 11.5, 16, 12], "texture": "#0"},
				"up": {"uv": [12, 11.5, 16, 11.75], "texture": "#0"},
				"down": {"uv": [12, 11.5, 16, 12], "texture": "#0"}
			}
		},
		{
			"name": "hexadecagon",
			"from": [7.21481, -1.17593, 3.85023],
			"to": [8.88566, -0.80093, 12.25023],
			"rotation": {"angle": -45, "axis": "y", "origin": [8.05023, 10.82407, 8.05023]},
			"faces": {
				"north": {"uv": [12, 12, 16, 16], "texture": "#0"},
				"east": {"uv": [12, 12, 16, 16], "texture": "#0"},
				"south": {"uv": [12, 12, 16, 16], "texture": "#0"},
				"west": {"uv": [12, 12, 16, 16], "texture": "#0"},
				"up": {"uv": [12, 12, 16, 16], "texture": "#0"},
				"down": {"uv": [12, 12, 16, 16], "texture": "#0"}
			}
		},
		{
			"name": "hexadecagon",
			"from": [7.21481, -1.17593, 3.85023],
			"to": [8.88566, -0.80093, 12.25023],
			"rotation": {"angle": -22.5, "axis": "y", "origin": [8.05023, 10.82407, 8.05023]},
			"faces": {
				"north": {"uv": [12, 12, 16, 16], "texture": "#0"},
				"east": {"uv": [12, 12, 16, 16], "texture": "#0"},
				"south": {"uv": [12, 12, 16, 16], "texture": "#0"},
				"west": {"uv": [12, 12, 16, 16], "texture": "#0"},
				"up": {"uv": [12, 12, 16, 16], "texture": "#0"},
				"down": {"uv": [12, 12, 16, 16], "texture": "#0"}
			}
		},
		{
			"name": "hexadecagon",
			"from": [7.21481, -1.17593, 3.85023],
			"to": [8.88566, -0.80093, 12.25023],
			"rotation": {"angle": 0, "axis": "y", "origin": [8.05023, 10.82407, 8.05023]},
			"faces": {
				"north": {"uv": [12, 12, 16, 16], "texture": "#0"},
				"east": {"uv": [12, 12, 16, 16], "texture": "#0"},
				"south": {"uv": [12, 12, 16, 16], "texture": "#0"},
				"west": {"uv": [12, 12, 16, 16], "texture": "#0"},
				"up": {"uv": [12, 12, 16, 16], "texture": "#0"},
				"down": {"uv": [12, 12, 16, 16], "texture": "#0"}
			}
		},
		{
			"name": "hexadecagon",
			"from": [7.21481, -1.17593, 3.85023],
			"to": [8.88566, -0.80093, 12.25023],
			"rotation": {"angle": 22.5, "axis": "y", "origin": [8.05023, 10.82407, 8.05023]},
			"faces": {
				"north": {"uv": [12, 12, 16, 16], "texture": "#0"},
				"east": {"uv": [12, 12, 16, 16], "texture": "#0"},
				"south": {"uv": [12, 12, 16, 16], "texture": "#0"},
				"west": {"uv": [12, 12, 16, 16], "texture": "#0"},
				"up": {"uv": [12, 12, 16, 16], "texture": "#0"},
				"down": {"uv": [12, 12, 16, 16], "texture": "#0"}
			}
		},
		{
			"name": "hexadecagon",
			"from": [7.21481, -1.17593, 3.85023],
			"to": [8.88566, -0.80093, 12.25023],
			"rotation": {"angle": 45, "axis": "y", "origin": [8.05023, 10.82407, 8.05023]},
			"faces": {
				"north": {"uv": [12, 12, 16, 16], "texture": "#0"},
				"east": {"uv": [12, 12, 16, 16], "texture": "#0"},
				"south": {"uv": [12, 12, 16, 16], "texture": "#0"},
				"west": {"uv": [12, 12, 16, 16], "texture": "#0"},
				"up": {"uv": [12, 12, 16, 16], "texture": "#0"},
				"down": {"uv": [12, 12, 16, 16], "texture": "#0"}
			}
		},
		{
			"name": "hexadecagon",
			"from": [3.85023, -1.17593, 7.21481],
			"to": [12.25023, -0.80093, 8.88566],
			"rotation": {"angle": -22.5, "axis": "y", "origin": [8.05023, 10.82407, 8.05023]},
			"faces": {
				"north": {"uv": [12, 12, 16, 16], "texture": "#0"},
				"east": {"uv": [12, 12, 16, 16], "texture": "#0"},
				"south": {"uv": [12, 12, 16, 16], "texture": "#0"},
				"west": {"uv": [12, 12, 16, 16], "texture": "#0"},
				"up": {"uv": [12, 12, 16, 16], "texture": "#0"},
				"down": {"uv": [12, 12, 16, 16], "texture": "#0"}
			}
		},
		{
			"name": "hexadecagon",
			"from": [3.85023, -1.17593, 7.21481],
			"to": [12.25023, -0.80093, 8.88566],
			"rotation": {"angle": 0, "axis": "y", "origin": [8.05023, 10.82407, 8.05023]},
			"faces": {
				"north": {"uv": [12, 12, 16, 16], "texture": "#0"},
				"east": {"uv": [12, 12, 16, 16], "texture": "#0"},
				"south": {"uv": [12, 12, 16, 16], "texture": "#0"},
				"west": {"uv": [12, 12, 16, 16], "texture": "#0"},
				"up": {"uv": [12, 12, 16, 16], "texture": "#0"},
				"down": {"uv": [12, 12, 16, 16], "texture": "#0"}
			}
		},
		{
			"name": "hexadecagon",
			"from": [3.85023, -1.17593, 7.21481],
			"to": [12.25023, -0.80093, 8.88566],
			"rotation": {"angle": 22.5, "axis": "y", "origin": [8.05023, 10.82407, 8.05023]},
			"faces": {
				"north": {"uv": [12, 12, 16, 16], "texture": "#0"},
				"east": {"uv": [12, 12, 16, 16], "texture": "#0"},
				"south": {"uv": [12, 12, 16, 16], "texture": "#0"},
				"west": {"uv": [12, 12, 16, 16], "texture": "#0"},
				"up": {"uv": [12, 12, 16, 16], "texture": "#0"},
				"down": {"uv": [12, 12, 16, 16], "texture": "#0"}
			}
		}
	],
	"display": {
		"thirdperson_righthand": {
			"translation": [0, 4.75, 0]
		},
		"thirdperson_lefthand": {
			"translation": [0, 4.75, 0]
		},
		"firstperson_righthand": {
			"rotation": [2, 0, 0],
			"translation": [-0.25, 2, 1.25],
			"scale": [0.5, 0.5, 0.5]
		},
		"firstperson_lefthand": {
			"rotation": [2, 0, 0],
			"translation": [-0.25, 2, 1.25],
			"scale": [0.5, 0.5, 0.5]
		},
		"ground": {
			"translation": [0, 0.75, 0],
			"scale": [0.5, 0.5, 0.5]
		},
		"gui": {
			"rotation": [28, 23, 0],
			"translation": [0, -0.25, 0],
			"scale": [0.5, 0.5, 0.5]
		},
		"fixed": {
			"rotation": [-90, 0, 0],
			"translation": [0, 0, -34.5],
			"scale": [4, 4, 4]
		}
	},
	"groups": [
		{
			"name": "bass",
			"origin": [8, 8, 8],
			"children": [
				{
					"name": "leaves",
					"origin": [8, 8, 8],
					"children": [0, 1, 2, 3, 4, 5, 6, 7, 8, 9, 10, 11, 12, 13, 14, 15, 16, 17, 18, 19, 20, 21, 22, 23, 24]
				},
				{
					"name": "tree bass",
					"origin": [8, 8, 8],
					"children": [25, 26, 27, 28, 29, 30, 31, 32, 33, 34, 35, 36, 37, 38, 39, 40, 41, 42, 43, 44, 45, 46, 47, 48]
				},
				{
					"name": "mid",
					"origin": [8, 8, 8],
					"children": [49, 50, 51, 52, 53, 54, 55, 56,
						{
							"name": "bottom top",
							"origin": [8, 8, 8],
							"children": [57, 58, 59, 60, 61, 62, 63, 64, 65, 66, 67, 68, 69, 70, 71, 72,
								{
									"name": "bottom",
									"origin": [8, 8, 8],
									"children": [73, 74, 75, 76, 77, 78, 79, 80]
								}
							]
						}
					]
				}
			]
		}
	]
}