{
	"credit": "Made with Blockbench",
	"textures": {
		"0": "custom/christmas/christmas_present_blue_t",
		"1": "custom/christmas/christmas_present_red_t",
		"2": "custom/christmas/christmas_present_green_t",
		"particle": "custom/christmas/christmas_present_blue_t"
	},
	"elements": [
		{
			"name": "bass_4",
			"from": [11.85752, 4.61729, 13.90304],
			"to": [13.87352, 4.61729, 15.91904],
			"rotation": {"angle": 22.5, "axis": "z", "origin": [12.86552, 4.61729, 14.91104]},
			"faces": {
				"north": {"uv": [0, 0, 4, 4], "texture": "#0"},
				"east": {"uv": [0, 0, 4, 4], "texture": "#0"},
				"south": {"uv": [0, 0, 4, 4], "texture": "#0"},
				"west": {"uv": [0, 0, 4, 4], "texture": "#0"},
				"up": {"uv": [0, 0, 4, 4], "rotation": 90, "texture": "#0"},
				"down": {"uv": [0, 0, 4, 4], "rotation": 270, "texture": "#0"}
			}
		},
		{
			"name": "bass_5",
			"from": [11.85752, 4.61729, 13.90304],
			"to": [13.87352, 4.61729, 15.91904],
			"rotation": {"angle": -22.5, "axis": "z", "origin": [12.86552, 4.61729, 14.91104]},
			"faces": {
				"north": {"uv": [0, 0, 4, 4], "texture": "#0"},
				"east": {"uv": [0, 0, 4, 4], "texture": "#0"},
				"south": {"uv": [0, 0, 4, 4], "texture": "#0"},
				"west": {"uv": [0, 0, 4, 4], "texture": "#0"},
				"up": {"uv": [0, 0, 4, 4], "rotation": 90, "texture": "#0"},
				"down": {"uv": [0, 0, 4, 4], "rotation": 270, "texture": "#0"}
			}
		},
		{
			"name": "bass_6",
			"from": [11.85752, 4.61729, 13.90304],
			"to": [13.87352, 4.61729, 15.91904],
			"rotation": {"angle": 22.5, "axis": "x", "origin": [12.86552, 4.61729, 14.91104]},
			"faces": {
				"north": {"uv": [0, 0, 4, 4], "texture": "#0"},
				"east": {"uv": [0, 0, 4, 4], "texture": "#0"},
				"south": {"uv": [0, 0, 4, 4], "texture": "#0"},
				"west": {"uv": [0, 0, 4, 4], "texture": "#0"},
				"up": {"uv": [0, 0, 4, 4], "rotation": 90, "texture": "#0"},
				"down": {"uv": [0, 0, 4, 4], "rotation": 270, "texture": "#0"}
			}
		},
		{
			"name": "bass_7",
			"from": [11.85752, 4.61729, 13.90304],
			"to": [13.87352, 4.61729, 15.91904],
			"rotation": {"angle": -22.5, "axis": "x", "origin": [12.86552, 4.61729, 14.91104]},
			"faces": {
				"north": {"uv": [0, 0, 4, 4], "texture": "#0"},
				"east": {"uv": [0, 0, 4, 4], "texture": "#0"},
				"south": {"uv": [0, 0, 4, 4], "texture": "#0"},
				"west": {"uv": [0, 0, 4, 4], "texture": "#0"},
				"up": {"uv": [0, 0, 4, 4], "rotation": 90, "texture": "#0"},
				"down": {"uv": [0, 0, 4, 4], "rotation": 270, "texture": "#0"}
			}
		},
		{
			"name": "bass 4",
			"from": [9.50552, 0.03156, 9.53504],
			"to": [16.22552, 4.06356, 20.28704],
			"rotation": {"angle": 45, "axis": "y", "origin": [12.86552, 2.83506, 14.91104]},
			"faces": {
				"north": {"uv": [8, 0, 16, 8], "texture": "#0"},
				"east": {"uv": [8, 0, 16, 8], "texture": "#0"},
				"south": {"uv": [8, 0, 16, 8], "texture": "#0"},
				"west": {"uv": [8, 0, 16, 8], "texture": "#0"},
				"up": {"uv": [8, 0, 16, 8], "rotation": 90, "texture": "#0"},
				"down": {"uv": [8, 0, 16, 8], "rotation": 270, "texture": "#0"}
			}
		},
		{
			"name": "bass 10",
			"from": [12.52952, 4.06356, 15.24704],
			"to": [13.20152, 4.23156, 20.45504],
			"rotation": {"angle": 45, "axis": "y", "origin": [12.86552, 2.83506, 14.91104]},
			"faces": {
				"north": {"uv": [0, 14, 16, 16], "texture": "#0"},
				"east": {"uv": [0, 14, 16, 14.5], "texture": "#0"},
				"south": {"uv": [0, 14, 16, 16], "rotation": 90, "texture": "#0"},
				"west": {"uv": [0, 14, 16, 14.5], "texture": "#0"},
				"up": {"uv": [0, 14, 16, 16], "rotation": 90, "texture": "#0"},
				"down": {"uv": [0, 14, 16, 16], "rotation": 270, "texture": "#0"}
			}
		},
		{
			"name": "bass 5",
			"from": [12.52952, 0.03156, 20.28704],
			"to": [13.20152, 4.06356, 20.45504],
			"rotation": {"angle": 45, "axis": "y", "origin": [12.86552, 2.83506, 14.91104]},
			"faces": {
				"north": {"uv": [0, 14, 16, 16], "texture": "#0"},
				"east": {"uv": [0, 14, 16, 14.5], "texture": "#0"},
				"south": {"uv": [0, 14, 16, 16], "rotation": 90, "texture": "#0"},
				"west": {"uv": [0, 14, 16, 14.5], "texture": "#0"},
				"up": {"uv": [0, 14, 16, 16], "rotation": 90, "texture": "#0"},
				"down": {"uv": [0, 14, 16, 16], "rotation": 270, "texture": "#0"}
			}
		},
		{
			"name": "bass 9",
			"from": [9.33752, 4.06356, 14.57504],
			"to": [16.39352, 4.23156, 15.24704],
			"rotation": {"angle": 45, "axis": "y", "origin": [12.86552, 2.83506, 14.91104]},
			"faces": {
				"north": {"uv": [0, 14, 16, 14.5], "texture": "#0"},
				"east": {"uv": [0, 14, 16, 16], "rotation": 90, "texture": "#0"},
				"south": {"uv": [0, 14, 16, 14.5], "texture": "#0"},
				"west": {"uv": [0, 14, 16, 16], "rotation": 90, "texture": "#0"},
				"up": {"uv": [0, 14, 16, 16], "rotation": 180, "texture": "#0"},
				"down": {"uv": [0, 14, 16, 16], "rotation": 270, "texture": "#0"}
			}
		},
		{
			"name": "bass 7",
			"from": [16.22552, 0.03156, 14.57504],
			"to": [16.39352, 4.06356, 15.24704],
			"rotation": {"angle": 45, "axis": "y", "origin": [12.86552, 2.83506, 14.91104]},
			"faces": {
				"north": {"uv": [0, 14, 16, 14.5], "texture": "#0"},
				"east": {"uv": [0, 14, 16, 16], "rotation": 90, "texture": "#0"},
				"south": {"uv": [0, 14, 16, 14.5], "texture": "#0"},
				"west": {"uv": [0, 14, 16, 16], "texture": "#0"},
				"up": {"uv": [0, 14, 16, 16], "rotation": 90, "texture": "#0"},
				"down": {"uv": [0, 14, 16, 16], "rotation": 270, "texture": "#0"}
			}
		},
		{
			"name": "bass 11",
			"from": [12.52952, 4.06356, 9.36704],
			"to": [13.20152, 4.23156, 14.57504],
			"rotation": {"angle": 45, "axis": "y", "origin": [12.86552, 2.83506, 14.91104]},
			"faces": {
				"north": {"uv": [0, 14, 16, 16], "rotation": 90, "texture": "#0"},
				"east": {"uv": [0, 14, 16, 14.5], "texture": "#0"},
				"south": {"uv": [0, 14, 16, 16], "texture": "#0"},
				"west": {"uv": [0, 14, 16, 16], "texture": "#0"},
				"up": {"uv": [0, 14, 16, 16], "rotation": 90, "texture": "#0"},
				"down": {"uv": [0, 14, 16, 16], "rotation": 270, "texture": "#0"}
			}
		},
		{
			"name": "bass 6",
			"from": [12.52952, 0.03156, 9.36704],
			"to": [13.20152, 4.06356, 9.53504],
			"rotation": {"angle": 45, "axis": "y", "origin": [12.86552, 2.83506, 14.91104]},
			"faces": {
				"north": {"uv": [0, 14, 16, 16], "rotation": 90, "texture": "#0"},
				"east": {"uv": [0, 14, 16, 14.5], "texture": "#0"},
				"south": {"uv": [0, 14, 16, 16], "texture": "#0"},
				"west": {"uv": [0, 14, 16, 16], "texture": "#0"},
				"up": {"uv": [0, 14, 16, 16], "rotation": 90, "texture": "#0"},
				"down": {"uv": [0, 14, 16, 16], "rotation": 270, "texture": "#0"}
			}
		},
		{
			"name": "bass 8",
			"from": [9.33752, 0.03156, 14.57504],
			"to": [9.50552, 4.06356, 15.24704],
			"rotation": {"angle": 45, "axis": "y", "origin": [12.86552, 2.83506, 14.91104]},
			"faces": {
				"north": {"uv": [0, 14, 16, 14.5], "texture": "#0"},
				"east": {"uv": [0, 14, 16, 16], "texture": "#0"},
				"south": {"uv": [0, 14, 16, 14.5], "texture": "#0"},
				"west": {"uv": [0, 14, 16, 16], "rotation": 90, "texture": "#0"},
				"up": {"uv": [0, 14, 16, 16], "rotation": 90, "texture": "#0"},
				"down": {"uv": [0, 14, 16, 16], "rotation": 270, "texture": "#0"}
			}
		},
		{
			"name": "bass_2",
			"from": [1.04467, 5.50868, 7.78933],
			"to": [3.44467, 5.50868, 10.18933],
			"rotation": {"angle": 22.5, "axis": "z", "origin": [2.24467, 5.50868, 8.98933]},
			"faces": {
				"north": {"uv": [0, 0, 4, 4], "texture": "#1"},
				"east": {"uv": [0, 0, 4, 4], "texture": "#1"},
				"south": {"uv": [0, 0, 4, 4], "texture": "#1"},
				"west": {"uv": [0, 0, 4, 4], "texture": "#1"},
				"up": {"uv": [0, 0, 4, 4], "rotation": 90, "texture": "#1"},
				"down": {"uv": [0, 0, 4, 4], "rotation": 270, "texture": "#1"}
			}
		},
		{
			"name": "bass_3",
			"from": [1.04467, 5.50868, 7.78933],
			"to": [3.44467, 5.50868, 10.18933],
			"rotation": {"angle": -22.5, "axis": "z", "origin": [2.24467, 5.50868, 8.98933]},
			"faces": {
				"north": {"uv": [0, 0, 4, 4], "texture": "#1"},
				"east": {"uv": [0, 0, 4, 4], "texture": "#1"},
				"south": {"uv": [0, 0, 4, 4], "texture": "#1"},
				"west": {"uv": [0, 0, 4, 4], "texture": "#1"},
				"up": {"uv": [0, 0, 4, 4], "rotation": 90, "texture": "#1"},
				"down": {"uv": [0, 0, 4, 4], "rotation": 270, "texture": "#1"}
			}
		},
		{
			"name": "bass_4",
			"from": [1.04467, 5.50868, 7.78933],
			"to": [3.44467, 5.50868, 10.18933],
			"rotation": {"angle": 22.5, "axis": "x", "origin": [2.24467, 5.50868, 8.98933]},
			"faces": {
				"north": {"uv": [0, 0, 4, 4], "texture": "#1"},
				"east": {"uv": [0, 0, 4, 4], "texture": "#1"},
				"south": {"uv": [0, 0, 4, 4], "texture": "#1"},
				"west": {"uv": [0, 0, 4, 4], "texture": "#1"},
				"up": {"uv": [0, 0, 4, 4], "rotation": 90, "texture": "#1"},
				"down": {"uv": [0, 0, 4, 4], "rotation": 270, "texture": "#1"}
			}
		},
		{
			"name": "bass_5",
			"from": [1.04467, 5.50868, 7.78933],
			"to": [3.44467, 5.50868, 10.18933],
			"rotation": {"angle": -22.5, "axis": "x", "origin": [2.24467, 5.50868, 8.98933]},
			"faces": {
				"north": {"uv": [0, 0, 4, 4], "texture": "#1"},
				"east": {"uv": [0, 0, 4, 4], "texture": "#1"},
				"south": {"uv": [0, 0, 4, 4], "texture": "#1"},
				"west": {"uv": [0, 0, 4, 4], "texture": "#1"},
				"up": {"uv": [0, 0, 4, 4], "rotation": 90, "texture": "#1"},
				"down": {"uv": [0, 0, 4, 4], "rotation": 270, "texture": "#1"}
			}
		},
		{
			"name": "bass 2",
			"from": [-1.75533, 0.04948, 2.58933],
			"to": [6.24467, 4.84948, 15.38933],
			"rotation": {"angle": 0, "axis": "y", "origin": [2.24467, 6.44948, 11.38933]},
			"faces": {
				"north": {"uv": [8, 0, 16, 8], "texture": "#1"},
				"east": {"uv": [8, 0, 16, 8], "texture": "#1"},
				"south": {"uv": [8, 0, 16, 8], "texture": "#1"},
				"west": {"uv": [8, 0, 16, 8], "texture": "#1"},
				"up": {"uv": [8, 0, 16, 8], "rotation": 90, "texture": "#1"},
				"down": {"uv": [8, 0, 16, 8], "rotation": 270, "texture": "#1"}
			}
		},
		{
			"name": "bass 8",
			"from": [1.84467, 4.84948, 9.38933],
			"to": [2.64467, 5.04948, 15.58933],
			"rotation": {"angle": 0, "axis": "y", "origin": [1.84467, 8.04948, 7.38933]},
			"faces": {
				"north": {"uv": [0, 14, 16, 16], "texture": "#1"},
				"east": {"uv": [0, 14, 16, 14.5], "texture": "#1"},
				"south": {"uv": [0, 14, 16, 16], "rotation": 90, "texture": "#1"},
				"west": {"uv": [0, 14, 16, 14.5], "texture": "#1"},
				"up": {"uv": [0, 14, 16, 16], "rotation": 90, "texture": "#1"},
				"down": {"uv": [0, 14, 16, 16], "rotation": 270, "texture": "#1"}
			}
		},
		{
			"name": "bass 3",
			"from": [1.84467, 0.04948, 15.38933],
			"to": [2.64467, 4.84948, 15.58933],
			"rotation": {"angle": 0, "axis": "y", "origin": [1.84467, 8.84948, 6.98933]},
			"faces": {
				"north": {"uv": [0, 14, 16, 16], "texture": "#1"},
				"east": {"uv": [0, 14, 16, 14.5], "texture": "#1"},
				"south": {"uv": [0, 14, 16, 16], "rotation": 90, "texture": "#1"},
				"west": {"uv": [0, 14, 16, 14.5], "texture": "#1"},
				"up": {"uv": [0, 14, 16, 16], "rotation": 90, "texture": "#1"},
				"down": {"uv": [0, 14, 16, 16], "rotation": 270, "texture": "#1"}
			}
		},
		{
			"name": "bass 7",
			"from": [-1.95533, 4.84948, 8.58933],
			"to": [6.44467, 5.04948, 9.38933],
			"rotation": {"angle": 0, "axis": "y", "origin": [1.84467, 8.04948, 4.98933]},
			"faces": {
				"north": {"uv": [0, 14, 16, 14.5], "texture": "#1"},
				"east": {"uv": [0, 14, 16, 16], "rotation": 90, "texture": "#1"},
				"south": {"uv": [0, 14, 16, 14.5], "texture": "#1"},
				"west": {"uv": [0, 14, 16, 16], "rotation": 90, "texture": "#1"},
				"up": {"uv": [0, 14, 16, 16], "rotation": 180, "texture": "#1"},
				"down": {"uv": [0, 14, 16, 16], "rotation": 270, "texture": "#1"}
			}
		},
		{
			"name": "bass 5",
			"from": [6.24467, 0.04948, 8.58933],
			"to": [6.44467, 4.84948, 9.38933],
			"rotation": {"angle": 0, "axis": "y", "origin": [1.84467, 11.24948, 4.98933]},
			"faces": {
				"north": {"uv": [0, 14, 16, 14.5], "texture": "#1"},
				"east": {"uv": [0, 14, 16, 16], "rotation": 90, "texture": "#1"},
				"south": {"uv": [0, 14, 16, 14.5], "texture": "#1"},
				"west": {"uv": [0, 14, 16, 16], "texture": "#1"},
				"up": {"uv": [0, 14, 16, 16], "rotation": 90, "texture": "#1"},
				"down": {"uv": [0, 14, 16, 16], "rotation": 270, "texture": "#1"}
			}
		},
		{
			"name": "bass 9",
			"from": [1.84467, 4.84948, 2.38933],
			"to": [2.64467, 5.04948, 8.58933],
			"rotation": {"angle": 0, "axis": "y", "origin": [1.84467, 8.04948, 7.38933]},
			"faces": {
				"north": {"uv": [0, 14, 16, 16], "rotation": 90, "texture": "#1"},
				"east": {"uv": [0, 14, 16, 14.5], "texture": "#1"},
				"south": {"uv": [0, 14, 16, 16], "texture": "#1"},
				"west": {"uv": [0, 14, 16, 16], "texture": "#1"},
				"up": {"uv": [0, 14, 16, 16], "rotation": 90, "texture": "#1"},
				"down": {"uv": [0, 14, 16, 16], "rotation": 270, "texture": "#1"}
			}
		},
		{
			"name": "bass 4",
			"from": [1.84467, 0.04948, 2.38933],
			"to": [2.64467, 4.84948, 2.58933],
			"rotation": {"angle": 0, "axis": "y", "origin": [1.84467, 8.84948, 6.98933]},
			"faces": {
				"north": {"uv": [0, 14, 16, 16], "rotation": 90, "texture": "#1"},
				"east": {"uv": [0, 14, 16, 14.5], "texture": "#1"},
				"south": {"uv": [0, 14, 16, 16], "texture": "#1"},
				"west": {"uv": [0, 14, 16, 16], "texture": "#1"},
				"up": {"uv": [0, 14, 16, 16], "rotation": 90, "texture": "#1"},
				"down": {"uv": [0, 14, 16, 16], "rotation": 270, "texture": "#1"}
			}
		},
		{
			"name": "bass 6",
			"from": [-1.95533, 0.04948, 8.58933],
			"to": [-1.75533, 4.84948, 9.38933],
			"rotation": {"angle": 0, "axis": "y", "origin": [1.84467, 11.24948, 4.98933]},
			"faces": {
				"north": {"uv": [0, 14, 16, 14.5], "texture": "#1"},
				"east": {"uv": [0, 14, 16, 16], "texture": "#1"},
				"south": {"uv": [0, 14, 16, 14.5], "texture": "#1"},
				"west": {"uv": [0, 14, 16, 16], "rotation": 90, "texture": "#1"},
				"up": {"uv": [0, 14, 16, 16], "rotation": 90, "texture": "#1"},
				"down": {"uv": [0, 14, 16, 16], "rotation": 270, "texture": "#1"}
			}
		},
		{
			"name": "bass_3",
			"from": [12.9036, 6.56042, 2.6472],
			"to": [15.7836, 6.56042, 5.5272],
			"rotation": {"angle": -22.5, "axis": "x", "origin": [14.3436, 6.56042, 4.0872]},
			"faces": {
				"north": {"uv": [0, 0, 4, 4], "texture": "#2"},
				"east": {"uv": [0, 0, 4, 4], "texture": "#2"},
				"south": {"uv": [0, 0, 4, 4], "texture": "#2"},
				"west": {"uv": [0, 0, 4, 4], "texture": "#2"},
				"up": {"uv": [0, 0, 4, 4], "rotation": 180, "texture": "#2"},
				"down": {"uv": [0, 0, 4, 4], "rotation": 180, "texture": "#2"}
			}
		},
		{
			"name": "bass_4",
			"from": [12.9036, 6.56042, 2.6472],
			"to": [15.7836, 6.56042, 5.5272],
			"rotation": {"angle": 22.5, "axis": "x", "origin": [14.3436, 6.56042, 4.0872]},
			"faces": {
				"north": {"uv": [0, 0, 4, 4], "texture": "#2"},
				"east": {"uv": [0, 0, 4, 4], "texture": "#2"},
				"south": {"uv": [0, 0, 4, 4], "texture": "#2"},
				"west": {"uv": [0, 0, 4, 4], "texture": "#2"},
				"up": {"uv": [0, 0, 4, 4], "rotation": 180, "texture": "#2"},
				"down": {"uv": [0, 0, 4, 4], "rotation": 180, "texture": "#2"}
			}
		},
		{
			"name": "bass_5",
			"from": [12.9036, 6.56042, 2.6472],
			"to": [15.7836, 6.56042, 5.5272],
			"rotation": {"angle": 22.5, "axis": "z", "origin": [14.3436, 6.56042, 4.0872]},
			"faces": {
				"north": {"uv": [0, 0, 4, 4], "texture": "#2"},
				"east": {"uv": [0, 0, 4, 4], "texture": "#2"},
				"south": {"uv": [0, 0, 4, 4], "texture": "#2"},
				"west": {"uv": [0, 0, 4, 4], "texture": "#2"},
				"up": {"uv": [0, 0, 4, 4], "rotation": 180, "texture": "#2"},
				"down": {"uv": [0, 0, 4, 4], "rotation": 180, "texture": "#2"}
			}
		},
		{
			"name": "bass_6",
			"from": [12.9036, 6.56042, 2.6472],
			"to": [15.7836, 6.56042, 5.5272],
			"rotation": {"angle": -22.5, "axis": "z", "origin": [14.3436, 6.56042, 4.0872]},
			"faces": {
				"north": {"uv": [0, 0, 4, 4], "texture": "#2"},
				"east": {"uv": [0, 0, 4, 4], "texture": "#2"},
				"south": {"uv": [0, 0, 4, 4], "texture": "#2"},
				"west": {"uv": [0, 0, 4, 4], "texture": "#2"},
				"up": {"uv": [0, 0, 4, 4], "rotation": 180, "texture": "#2"},
				"down": {"uv": [0, 0, 4, 4], "rotation": 180, "texture": "#2"}
			}
		},
		{
			"name": "bass 3",
			"from": [6.6636, 0.00938, -0.7128],
			"to": [22.0236, 5.76938, 8.8872],
			"rotation": {"angle": 0, "axis": "y", "origin": [11.4636, 7.68938, 4.0872]},
			"faces": {
				"north": {"uv": [8, 0, 16, 8], "texture": "#2"},
				"east": {"uv": [8, 0, 16, 8], "texture": "#2"},
				"south": {"uv": [8, 0, 16, 8], "texture": "#2"},
				"west": {"uv": [8, 0, 16, 8], "texture": "#2"},
				"up": {"uv": [8, 0, 16, 8], "rotation": 180, "texture": "#2"},
				"down": {"uv": [8, 0, 16, 8], "rotation": 180, "texture": "#2"}
			}
		},
		{
			"name": "bass 9",
			"from": [6.4236, 5.76938, 3.6072],
			"to": [13.8636, 6.00938, 4.5672],
			"rotation": {"angle": 0, "axis": "y", "origin": [16.2636, 9.60938, 3.6072]},
			"faces": {
				"north": {"uv": [0, 14, 16, 14.5], "texture": "#2"},
				"east": {"uv": [0, 14, 16, 16], "texture": "#2"},
				"south": {"uv": [0, 14, 16, 14.5], "texture": "#2"},
				"west": {"uv": [0, 14, 16, 16], "rotation": 90, "texture": "#2"},
				"up": {"uv": [0, 14, 16, 16], "rotation": 180, "texture": "#2"},
				"down": {"uv": [0, 14, 16, 16], "rotation": 180, "texture": "#2"}
			}
		},
		{
			"name": "bass 4",
			"from": [6.4236, 0.00938, 3.6072],
			"to": [6.6636, 5.76938, 4.5672],
			"rotation": {"angle": 0, "axis": "y", "origin": [16.7436, 10.56938, 3.6072]},
			"faces": {
				"north": {"uv": [0, 14, 16, 14.5], "texture": "#2"},
				"east": {"uv": [0, 14, 16, 16], "texture": "#2"},
				"south": {"uv": [0, 14, 16, 14.5], "texture": "#2"},
				"west": {"uv": [0, 14, 16, 16], "rotation": 90, "texture": "#2"},
				"up": {"uv": [0, 14, 16, 16], "rotation": 180, "texture": "#2"},
				"down": {"uv": [0, 14, 16, 16], "rotation": 180, "texture": "#2"}
			}
		},
		{
			"name": "bass 8",
			"from": [13.8636, 5.76938, -0.9528],
			"to": [14.8236, 6.00938, 9.1272],
			"rotation": {"angle": 0, "axis": "y", "origin": [19.1436, 9.60938, 3.6072]},
			"faces": {
				"north": {"uv": [0, 14, 16, 16], "rotation": 90, "texture": "#2"},
				"east": {"uv": [0, 14, 16, 14.5], "texture": "#2"},
				"south": {"uv": [0, 14, 16, 16], "rotation": 90, "texture": "#2"},
				"west": {"uv": [0, 14, 16, 14.5], "texture": "#2"},
				"up": {"uv": [0, 14, 16, 16], "rotation": 270, "texture": "#2"},
				"down": {"uv": [0, 14, 16, 16], "rotation": 180, "texture": "#2"}
			}
		},
		{
			"name": "bass 6",
			"from": [13.8636, 0.00938, 8.8872],
			"to": [14.8236, 5.76938, 9.1272],
			"rotation": {"angle": 0, "axis": "y", "origin": [19.1436, 13.44938, 3.6072]},
			"faces": {
				"north": {"uv": [0, 14, 16, 16], "texture": "#2"},
				"east": {"uv": [0, 14, 16, 14.5], "texture": "#2"},
				"south": {"uv": [0, 14, 16, 16], "rotation": 90, "texture": "#2"},
				"west": {"uv": [0, 14, 16, 14.5], "texture": "#2"},
				"up": {"uv": [0, 14, 16, 16], "rotation": 180, "texture": "#2"},
				"down": {"uv": [0, 14, 16, 16], "rotation": 180, "texture": "#2"}
			}
		},
		{
			"name": "bass 10",
			"from": [14.8236, 5.76938, 3.6072],
			"to": [22.2636, 6.00938, 4.5672],
			"rotation": {"angle": 0, "axis": "y", "origin": [16.2636, 9.60938, 3.6072]},
			"faces": {
				"north": {"uv": [0, 14, 16, 16], "texture": "#2"},
				"east": {"uv": [0, 14, 16, 16], "rotation": 90, "texture": "#2"},
				"south": {"uv": [0, 14, 16, 14.5], "texture": "#2"},
				"west": {"uv": [0, 14, 16, 16], "texture": "#2"},
				"up": {"uv": [0, 14, 16, 16], "rotation": 180, "texture": "#2"},
				"down": {"uv": [0, 14, 16, 16], "rotation": 180, "texture": "#2"}
			}
		},
		{
			"name": "bass 5",
			"from": [22.0236, 0.00938, 3.6072],
			"to": [22.2636, 5.76938, 4.5672],
			"rotation": {"angle": 0, "axis": "y", "origin": [16.7436, 10.56938, 3.6072]},
			"faces": {
				"north": {"uv": [0, 14, 16, 16], "texture": "#2"},
				"east": {"uv": [0, 14, 16, 16], "rotation": 90, "texture": "#2"},
				"south": {"uv": [0, 14, 16, 14.5], "texture": "#2"},
				"west": {"uv": [0, 14, 16, 16], "texture": "#2"},
				"up": {"uv": [0, 14, 16, 16], "rotation": 180, "texture": "#2"},
				"down": {"uv": [0, 14, 16, 16], "rotation": 180, "texture": "#2"}
			}
		},
		{
			"name": "bass 7",
			"from": [13.8636, 0.00938, -0.9528],
			"to": [14.8236, 5.76938, -0.7128],
			"rotation": {"angle": 0, "axis": "y", "origin": [19.1436, 13.44938, 3.6072]},
			"faces": {
				"north": {"uv": [0, 14, 16, 16], "rotation": 90, "texture": "#2"},
				"east": {"uv": [0, 14, 16, 14.5], "texture": "#2"},
				"south": {"uv": [0, 14, 16, 16], "texture": "#2"},
				"west": {"uv": [0, 14, 16, 14.5], "texture": "#2"},
				"up": {"uv": [0, 14, 16, 16], "rotation": 180, "texture": "#2"},
				"down": {"uv": [0, 14, 16, 16], "rotation": 180, "texture": "#2"}
			}
		}
	],
	"display": {
		"thirdperson_righthand": {
			"rotation": [26, 0, 0],
			"translation": [0, 0.25, 0],
			"scale": [0.5, 0.5, 0.5]
		},
		"thirdperson_lefthand": {
			"rotation": [26, 0, 0],
			"translation": [0, 0.25, 0],
			"scale": [0.5, 0.5, 0.5]
		},
		"ground": {
			"translation": [0, 0.25, 0],
			"scale": [0.5, 0.5, 0.5]
		},
		"gui": {
			"rotation": [28, 30, 0],
			"translation": [0, 1, 0],
			"scale": [0.5, 0.5, 0.51]
		},
		"fixed": {
			"rotation": [-90, 0, 0],
			"translation": [0, 0, -9.75],
			"scale": [1.5, 1.5, 1.5]
		}
	},
	"groups": [
		{
			"name": "bass",
			"origin": [8, 8, 8],
			"children": [
				{
					"name": "bass blue",
					"origin": [3, 14, 8.5],
					"children": [
						{
							"name": "deco",
							"origin": [8, 8, 8],
							"children": [0, 1, 2, 3]
						}, 4,
						{
							"name": "side",
							"origin": [3, 14, 8.5],
							"children": [5, 6, 7, 8, 9, 10, 11]
						}
					]
				},
				{
					"name": "bass red",
					"origin": [3, 14, 8.5],
					"children": [
						{
							"name": "deco",
							"origin": [8, 8, 8],
							"children": [12, 13, 14, 15]
						}, 16,
						{
							"name": "side",
							"origin": [3, 14, 8.5],
							"children": [17, 18, 19, 20, 21, 22, 23]
						}
					]
				},
				{
					"name": "bass green",
					"origin": [3, 14, 8.5],
					"children": [
						{
							"name": "deco",
							"origin": [8, 8, 8],
							"children": [24, 25, 26, 27]
						}, 28,
						{
							"name": "side",
							"origin": [3, 14, 8.5],
							"children": [29, 30, 31, 32, 33, 34, 35]
						}
					]
				}
			]
		}
	]
}