{
	"credit": "Made with Blockbench",
	"textures": {
		"0": "block/furnace_top",
		"1": "custom/wind/b/1b",
		"2": "custom/wind/b/2b",
		"3": "custom/wind/b/3b",
		"4": "custom/wind/b/4b",
		"particle": "block/furnace_top"
	},
	"elements": [
		{
			"name": "bass 1",
			"from": [0, -16, 0],
			"to": [16, -15, 16],
			"rotation": {"angle": 0, "axis": "y", "origin": [8, -8, 8]},
			"faces": {
				"north": {"uv": [1, 1, 15, 15], "texture": "#0"},
				"east": {"uv": [1, 1, 15, 15], "texture": "#0"},
				"south": {"uv": [1, 1, 15, 15], "texture": "#0"},
				"west": {"uv": [1, 1, 15, 15], "texture": "#0"},
				"up": {"uv": [0, 0, 16, 16], "texture": "#0"},
				"down": {"uv": [1, 1, 15, 15], "texture": "#0"}
			}
		},
		{
			"name": "bass 2",
			"from": [3, -15, 3],
			"to": [13, -11, 13],
			"rotation": {"angle": 0, "axis": "y", "origin": [8, -8, 8]},
			"faces": {
				"north": {"uv": [1, 1, 15, 15], "texture": "#0"},
				"east": {"uv": [1, 1, 15, 15], "texture": "#0"},
				"south": {"uv": [1, 1, 15, 15], "texture": "#0"},
				"west": {"uv": [1, 1, 15, 15], "texture": "#0"},
				"up": {"uv": [1, 1, 15, 15], "texture": "#0"},
				"down": {"uv": [1, 1, 15, 15], "texture": "#0"}
			}
		},
		{
			"name": "bass 1",
			"from": [7, -11, 7],
			"to": [9, 26, 9],
			"faces": {
				"north": {"uv": [0, 0, 5, 16], "texture": "#1"},
				"east": {"uv": [0, 0, 5, 16], "texture": "#1"},
				"south": {"uv": [0, 0, 5, 16], "texture": "#1"},
				"west": {"uv": [0, 0, 5, 16], "texture": "#1"},
				"up": {"uv": [0, 0, 5, 5], "texture": "#1"},
				"down": {"uv": [0, 0, 5, 16], "texture": "#1"}
			}
		},
		{
			"name": "bass 2",
			"from": [9, 11, 7.5],
			"to": [15, 12, 8.5],
			"rotation": {"angle": 0, "axis": "y", "origin": [8, 8, 7.5]},
			"faces": {
				"north": {"uv": [5, 0, 16, 16], "rotation": 90, "texture": "#1"},
				"east": {"uv": [5, 0, 16, 16], "rotation": 90, "texture": "#1"},
				"south": {"uv": [5, 0, 16, 16], "rotation": 90, "texture": "#1"},
				"west": {"uv": [5, 0, 16, 16], "rotation": 90, "texture": "#1"},
				"up": {"uv": [5, 0, 16, 16], "rotation": 90, "texture": "#1"},
				"down": {"uv": [5, 0, 16, 16], "rotation": 90, "texture": "#1"}
			}
		},
		{
			"name": "bass 3",
			"from": [7.5, 11, 9],
			"to": [8.5, 12, 15],
			"rotation": {"angle": 0, "axis": "y", "origin": [8, 11.05556, 8]},
			"faces": {
				"north": {"uv": [5, 0, 16, 16], "texture": "#1"},
				"east": {"uv": [5, 0, 16, 16], "texture": "#1"},
				"south": {"uv": [5, 0, 16, 16], "texture": "#1"},
				"west": {"uv": [5, 0, 16, 16], "texture": "#1"},
				"up": {"uv": [5, 0, 16, 16], "texture": "#1"},
				"down": {"uv": [5, 0, 16, 16], "texture": "#1"}
			}
		},
		{
			"name": "bass 3",
			"from": [1, 11, 7.5],
			"to": [7, 12, 8.5],
			"rotation": {"angle": 0, "axis": "y", "origin": [8, 8, 7.5]},
			"faces": {
				"north": {"uv": [5, 0, 16, 16], "rotation": 90, "texture": "#1"},
				"east": {"uv": [5, 0, 16, 16], "rotation": 90, "texture": "#1"},
				"south": {"uv": [5, 0, 16, 16], "rotation": 90, "texture": "#1"},
				"west": {"uv": [5, 0, 16, 16], "rotation": 90, "texture": "#1"},
				"up": {"uv": [5, 0, 16, 16], "rotation": 90, "texture": "#1"},
				"down": {"uv": [5, 0, 16, 16], "rotation": 90, "texture": "#1"}
			}
		},
		{
			"name": "bass 4",
			"from": [7.5, 11, 1],
			"to": [8.5, 12, 7],
			"rotation": {"angle": 0, "axis": "y", "origin": [8, 11.05556, 8]},
			"faces": {
				"north": {"uv": [5, 0, 16, 16], "texture": "#1"},
				"east": {"uv": [5, 0, 16, 16], "texture": "#1"},
				"south": {"uv": [5, 0, 16, 16], "texture": "#1"},
				"west": {"uv": [5, 0, 16, 16], "texture": "#1"},
				"up": {"uv": [5, 0, 16, 16], "texture": "#1"},
				"down": {"uv": [5, 0, 16, 16], "texture": "#1"}
			}
		},
		{
			"name": "bass 4",
			"from": [0, -9, 7],
			"to": [1, 32, 9],
			"rotation": {"angle": 0, "axis": "y", "origin": [0.5, 11.5, 8]},
			"faces": {
				"north": {"uv": [5, 0, 16, 16], "texture": "#1"},
				"east": {"uv": [5, 0, 16, 16], "texture": "#1"},
				"south": {"uv": [5, 0, 16, 16], "texture": "#1"},
				"west": {"uv": [5, 0, 16, 16], "texture": "#1"},
				"up": {"uv": [5, 0, 16, 16], "texture": "#1"},
				"down": {"uv": [5, 0, 16, 16], "texture": "#1"}
			}
		},
		{
			"name": "bass 5",
			"from": [7, -9, 0],
			"to": [9, 32, 1],
			"rotation": {"angle": 0, "axis": "y", "origin": [8, 11.05556, 8]},
			"faces": {
				"north": {"uv": [5, 0, 16, 16], "texture": "#1"},
				"east": {"uv": [5, 0, 16, 16], "texture": "#1"},
				"south": {"uv": [5, 0, 16, 16], "texture": "#1"},
				"west": {"uv": [5, 0, 16, 16], "texture": "#1"},
				"up": {"uv": [5, 0, 16, 16], "texture": "#1"},
				"down": {"uv": [5, 0, 16, 16], "texture": "#1"}
			}
		},
		{
			"name": "bass 5",
			"from": [0, -8.75, 6.875],
			"to": [1, 31.75, 7],
			"rotation": {"angle": 0, "axis": "y", "origin": [0.5, 11.5, 8]},
			"faces": {
				"north": {"uv": [5, 0, 16, 16], "texture": "#1"},
				"east": {"uv": [5, 0, 16, 16], "texture": "#1"},
				"south": {"uv": [5, 0, 16, 16], "texture": "#1"},
				"west": {"uv": [5, 0, 16, 16], "texture": "#1"},
				"up": {"uv": [5, 0, 16, 16], "texture": "#1"},
				"down": {"uv": [5, 0, 16, 16], "texture": "#1"}
			}
		},
		{
			"name": "bass 6",
			"from": [9, -8.75, 0],
			"to": [9.125, 31.75, 1],
			"rotation": {"angle": 0, "axis": "y", "origin": [8, 11.05556, 8]},
			"faces": {
				"north": {"uv": [5, 0, 16, 16], "texture": "#1"},
				"east": {"uv": [5, 0, 16, 16], "texture": "#1"},
				"south": {"uv": [5, 0, 16, 16], "texture": "#1"},
				"west": {"uv": [5, 0, 16, 16], "texture": "#1"},
				"up": {"uv": [5, 0, 16, 16], "texture": "#1"},
				"down": {"uv": [5, 0, 16, 16], "texture": "#1"}
			}
		},
		{
			"name": "bass 6",
			"from": [0, -8.75, 9],
			"to": [1, 31.75, 9.125],
			"rotation": {"angle": 0, "axis": "y", "origin": [0.5, 11.5, 8]},
			"faces": {
				"north": {"uv": [5, 0, 16, 16], "texture": "#1"},
				"east": {"uv": [5, 0, 16, 16], "texture": "#1"},
				"south": {"uv": [5, 0, 16, 16], "texture": "#1"},
				"west": {"uv": [5, 0, 16, 16], "texture": "#1"},
				"up": {"uv": [5, 0, 16, 16], "texture": "#1"},
				"down": {"uv": [5, 0, 16, 16], "texture": "#1"}
			}
		},
		{
			"name": "bass 7",
			"from": [6.875, -8.75, 0],
			"to": [7, 31.75, 1],
			"rotation": {"angle": 0, "axis": "y", "origin": [8, 11.05556, 8]},
			"faces": {
				"north": {"uv": [5, 0, 16, 16], "texture": "#1"},
				"east": {"uv": [5, 0, 16, 16], "texture": "#1"},
				"south": {"uv": [5, 0, 16, 16], "texture": "#1"},
				"west": {"uv": [5, 0, 16, 16], "texture": "#1"},
				"up": {"uv": [5, 0, 16, 16], "texture": "#1"},
				"down": {"uv": [5, 0, 16, 16], "texture": "#1"}
			}
		},
		{
			"name": "bass 6",
			"from": [15, -8.75, 6.875],
			"to": [16, 31.75, 7],
			"rotation": {"angle": 0, "axis": "y", "origin": [26, 8, 8]},
			"faces": {
				"north": {"uv": [5, 0, 16, 16], "texture": "#1"},
				"east": {"uv": [5, 0, 16, 16], "texture": "#1"},
				"south": {"uv": [5, 0, 16, 16], "texture": "#1"},
				"west": {"uv": [5, 0, 16, 16], "texture": "#1"},
				"up": {"uv": [5, 0, 16, 16], "texture": "#1"},
				"down": {"uv": [5, 0, 16, 16], "texture": "#1"}
			}
		},
		{
			"name": "bass 7",
			"from": [9, -8.75, 15],
			"to": [9.125, 31.75, 16],
			"rotation": {"angle": 0, "axis": "y", "origin": [8, 11.05556, 8]},
			"faces": {
				"north": {"uv": [5, 0, 16, 16], "texture": "#1"},
				"east": {"uv": [5, 0, 16, 16], "texture": "#1"},
				"south": {"uv": [5, 0, 16, 16], "texture": "#1"},
				"west": {"uv": [5, 0, 16, 16], "texture": "#1"},
				"up": {"uv": [5, 0, 16, 16], "texture": "#1"},
				"down": {"uv": [5, 0, 16, 16], "texture": "#1"}
			}
		},
		{
			"name": "bass 5",
			"from": [15, -9, 7],
			"to": [16, 32, 9],
			"rotation": {"angle": 0, "axis": "y", "origin": [1.5, 11.5, 7.64583]},
			"faces": {
				"north": {"uv": [5, 0, 16, 16], "texture": "#1"},
				"east": {"uv": [5, 0, 16, 16], "texture": "#1"},
				"south": {"uv": [5, 0, 16, 16], "texture": "#1"},
				"west": {"uv": [5, 0, 16, 16], "texture": "#1"},
				"up": {"uv": [5, 0, 16, 16], "texture": "#1"},
				"down": {"uv": [5, 0, 16, 16], "texture": "#1"}
			}
		},
		{
			"name": "bass 6",
			"from": [7, -9, 15],
			"to": [9, 32, 16],
			"rotation": {"angle": 0, "axis": "y", "origin": [8, 11.05556, 8]},
			"faces": {
				"north": {"uv": [5, 0, 16, 16], "texture": "#1"},
				"east": {"uv": [5, 0, 16, 16], "texture": "#1"},
				"south": {"uv": [5, 0, 16, 16], "texture": "#1"},
				"west": {"uv": [5, 0, 16, 16], "texture": "#1"},
				"up": {"uv": [5, 0, 16, 16], "texture": "#1"},
				"down": {"uv": [5, 0, 16, 16], "texture": "#1"}
			}
		},
		{
			"name": "bass 7",
			"from": [15, -8.75, 9],
			"to": [16, 31.75, 9.125],
			"rotation": {"angle": 0, "axis": "y", "origin": [15.5, 11.5, 9.0625]},
			"faces": {
				"north": {"uv": [5, 0, 16, 16], "texture": "#1"},
				"east": {"uv": [5, 0, 16, 16], "texture": "#1"},
				"south": {"uv": [5, 0, 16, 16], "texture": "#1"},
				"west": {"uv": [5, 0, 16, 16], "texture": "#1"},
				"up": {"uv": [5, 0, 16, 16], "texture": "#1"},
				"down": {"uv": [5, 0, 16, 16], "texture": "#1"}
			}
		},
		{
			"name": "bass 8",
			"from": [6.875, -8.75, 15],
			"to": [7, 31.75, 16],
			"rotation": {"angle": 0, "axis": "y", "origin": [8, 11.05556, 8]},
			"faces": {
				"north": {"uv": [5, 0, 16, 16], "texture": "#1"},
				"east": {"uv": [5, 0, 16, 16], "texture": "#1"},
				"south": {"uv": [5, 0, 16, 16], "texture": "#1"},
				"west": {"uv": [5, 0, 16, 16], "texture": "#1"},
				"up": {"uv": [5, 0, 16, 16], "texture": "#1"},
				"down": {"uv": [5, 0, 16, 16], "texture": "#1"}
			}
		},
		{
			"name": "bass 3",
			"from": [7, -11, 7],
			"to": [9, 26, 9],
			"rotation": {"angle": -22.5, "axis": "y", "origin": [8, 11.05556, 8]},
			"faces": {
				"north": {"uv": [0, 0, 5, 16], "texture": "#2"},
				"east": {"uv": [0, 0, 5, 16], "texture": "#2"},
				"south": {"uv": [0, 0, 5, 16], "texture": "#2"},
				"west": {"uv": [0, 0, 5, 16], "texture": "#2"},
				"up": {"uv": [0, 0, 5, 5], "texture": "#2"},
				"down": {"uv": [0, 0, 5, 16], "texture": "#2"}
			}
		},
		{
			"name": "bass 3",
			"from": [9, 11, 7.5],
			"to": [15, 12, 8.5],
			"rotation": {"angle": -22.5, "axis": "y", "origin": [8, 11.05556, 8]},
			"faces": {
				"north": {"uv": [5, 0, 16, 16], "texture": "#2"},
				"east": {"uv": [5, 0, 16, 16], "texture": "#2"},
				"south": {"uv": [5, 0, 16, 16], "texture": "#2"},
				"west": {"uv": [5, 0, 16, 16], "texture": "#2"},
				"up": {"uv": [5, 0, 16, 16], "texture": "#2"},
				"down": {"uv": [5, 0, 16, 16], "texture": "#2"}
			}
		},
		{
			"name": "bass 4",
			"from": [7.5, 11, 9],
			"to": [8.5, 12, 15],
			"rotation": {"angle": -22.5, "axis": "y", "origin": [8, 11.05556, 8]},
			"faces": {
				"north": {"uv": [5, 0, 16, 16], "rotation": 90, "texture": "#2"},
				"east": {"uv": [5, 0, 16, 16], "rotation": 90, "texture": "#2"},
				"south": {"uv": [5, 0, 16, 16], "rotation": 90, "texture": "#2"},
				"west": {"uv": [5, 0, 16, 16], "rotation": 90, "texture": "#2"},
				"up": {"uv": [5, 0, 16, 16], "rotation": 90, "texture": "#2"},
				"down": {"uv": [5, 0, 16, 16], "rotation": 90, "texture": "#2"}
			}
		},
		{
			"name": "bass 4",
			"from": [1, 11, 7.5],
			"to": [7, 12, 8.5],
			"rotation": {"angle": -22.5, "axis": "y", "origin": [8, 11.05556, 8]},
			"faces": {
				"north": {"uv": [5, 0, 16, 16], "texture": "#2"},
				"east": {"uv": [5, 0, 16, 16], "texture": "#2"},
				"south": {"uv": [5, 0, 16, 16], "texture": "#2"},
				"west": {"uv": [5, 0, 16, 16], "texture": "#2"},
				"up": {"uv": [5, 0, 16, 16], "texture": "#2"},
				"down": {"uv": [5, 0, 16, 16], "texture": "#2"}
			}
		},
		{
			"name": "bass 5",
			"from": [7.5, 11, 1],
			"to": [8.5, 12, 7],
			"rotation": {"angle": -22.5, "axis": "y", "origin": [8, 11.05556, 8]},
			"faces": {
				"north": {"uv": [5, 0, 16, 16], "rotation": 90, "texture": "#2"},
				"east": {"uv": [5, 0, 16, 16], "rotation": 90, "texture": "#2"},
				"south": {"uv": [5, 0, 16, 16], "rotation": 90, "texture": "#2"},
				"west": {"uv": [5, 0, 16, 16], "rotation": 90, "texture": "#2"},
				"up": {"uv": [5, 0, 16, 16], "rotation": 90, "texture": "#2"},
				"down": {"uv": [5, 0, 16, 16], "rotation": 90, "texture": "#2"}
			}
		},
		{
			"name": "bass 5",
			"from": [0, -9, 7],
			"to": [1, 32, 9],
			"rotation": {"angle": -22.5, "axis": "y", "origin": [8, 11.05556, 8]},
			"faces": {
				"north": {"uv": [5, 0, 16, 16], "texture": "#2"},
				"east": {"uv": [5, 0, 16, 16], "texture": "#2"},
				"south": {"uv": [5, 0, 16, 16], "texture": "#2"},
				"west": {"uv": [5, 0, 16, 16], "texture": "#2"},
				"up": {"uv": [5, 0, 16, 16], "texture": "#2"},
				"down": {"uv": [5, 0, 16, 16], "texture": "#2"}
			}
		},
		{
			"name": "bass 6",
			"from": [7, -9, 0],
			"to": [9, 32, 1],
			"rotation": {"angle": -22.5, "axis": "y", "origin": [8, 11.05556, 8]},
			"faces": {
				"north": {"uv": [5, 0, 16, 16], "rotation": 90, "texture": "#2"},
				"east": {"uv": [5, 0, 16, 16], "rotation": 90, "texture": "#2"},
				"south": {"uv": [5, 0, 16, 16], "rotation": 90, "texture": "#2"},
				"west": {"uv": [5, 0, 16, 16], "rotation": 90, "texture": "#2"},
				"up": {"uv": [5, 0, 16, 16], "rotation": 90, "texture": "#2"},
				"down": {"uv": [5, 0, 16, 16], "rotation": 90, "texture": "#2"}
			}
		},
		{
			"name": "bass 6",
			"from": [0, -8.75, 6.875],
			"to": [1, 31.75, 7],
			"rotation": {"angle": -22.5, "axis": "y", "origin": [8, 11.05556, 8]},
			"faces": {
				"north": {"uv": [5, 0, 16, 16], "texture": "#2"},
				"east": {"uv": [5, 0, 16, 16], "texture": "#2"},
				"south": {"uv": [5, 0, 16, 16], "texture": "#2"},
				"west": {"uv": [5, 0, 16, 16], "texture": "#2"},
				"up": {"uv": [5, 0, 16, 16], "texture": "#2"},
				"down": {"uv": [5, 0, 16, 16], "texture": "#2"}
			}
		},
		{
			"name": "bass 7",
			"from": [9, -8.75, 0],
			"to": [9.125, 31.75, 1],
			"rotation": {"angle": -22.5, "axis": "y", "origin": [8, 11.05556, 8]},
			"faces": {
				"north": {"uv": [5, 0, 16, 16], "rotation": 90, "texture": "#2"},
				"east": {"uv": [5, 0, 16, 16], "rotation": 90, "texture": "#2"},
				"south": {"uv": [5, 0, 16, 16], "rotation": 90, "texture": "#2"},
				"west": {"uv": [5, 0, 16, 16], "rotation": 90, "texture": "#2"},
				"up": {"uv": [5, 0, 16, 16], "rotation": 90, "texture": "#2"},
				"down": {"uv": [5, 0, 16, 16], "rotation": 90, "texture": "#2"}
			}
		},
		{
			"name": "bass 7",
			"from": [0, -8.75, 9],
			"to": [1, 31.75, 9.125],
			"rotation": {"angle": -22.5, "axis": "y", "origin": [8, 11.05556, 8]},
			"faces": {
				"north": {"uv": [5, 0, 16, 16], "texture": "#2"},
				"east": {"uv": [5, 0, 16, 16], "texture": "#2"},
				"south": {"uv": [5, 0, 16, 16], "texture": "#2"},
				"west": {"uv": [5, 0, 16, 16], "texture": "#2"},
				"up": {"uv": [5, 0, 16, 16], "texture": "#2"},
				"down": {"uv": [5, 0, 16, 16], "texture": "#2"}
			}
		},
		{
			"name": "bass 8",
			"from": [6.875, -8.75, 0],
			"to": [7, 31.75, 1],
			"rotation": {"angle": -22.5, "axis": "y", "origin": [8, 11.05556, 8]},
			"faces": {
				"north": {"uv": [5, 0, 16, 16], "rotation": 90, "texture": "#2"},
				"east": {"uv": [5, 0, 16, 16], "rotation": 90, "texture": "#2"},
				"south": {"uv": [5, 0, 16, 16], "rotation": 90, "texture": "#2"},
				"west": {"uv": [5, 0, 16, 16], "rotation": 90, "texture": "#2"},
				"up": {"uv": [5, 0, 16, 16], "rotation": 90, "texture": "#2"},
				"down": {"uv": [5, 0, 16, 16], "rotation": 90, "texture": "#2"}
			}
		},
		{
			"name": "bass 7",
			"from": [15, -8.75, 6.875],
			"to": [16, 31.75, 7],
			"rotation": {"angle": -22.5, "axis": "y", "origin": [8, 11.05556, 8]},
			"faces": {
				"north": {"uv": [5, 0, 16, 16], "texture": "#2"},
				"east": {"uv": [5, 0, 16, 16], "texture": "#2"},
				"south": {"uv": [5, 0, 16, 16], "texture": "#2"},
				"west": {"uv": [5, 0, 16, 16], "texture": "#2"},
				"up": {"uv": [5, 0, 16, 16], "texture": "#2"},
				"down": {"uv": [5, 0, 16, 16], "texture": "#2"}
			}
		},
		{
			"name": "bass 8",
			"from": [9, -8.75, 15],
			"to": [9.125, 31.75, 16],
			"rotation": {"angle": -22.5, "axis": "y", "origin": [8, 11.05556, 8]},
			"faces": {
				"north": {"uv": [5, 0, 16, 16], "rotation": 90, "texture": "#2"},
				"east": {"uv": [5, 0, 16, 16], "rotation": 90, "texture": "#2"},
				"south": {"uv": [5, 0, 16, 16], "rotation": 90, "texture": "#2"},
				"west": {"uv": [5, 0, 16, 16], "rotation": 90, "texture": "#2"},
				"up": {"uv": [5, 0, 16, 16], "rotation": 90, "texture": "#2"},
				"down": {"uv": [5, 0, 16, 16], "rotation": 90, "texture": "#2"}
			}
		},
		{
			"name": "bass 6",
			"from": [15, -9, 7],
			"to": [16, 32, 9],
			"rotation": {"angle": -22.5, "axis": "y", "origin": [8, 11.05556, 8]},
			"faces": {
				"north": {"uv": [5, 0, 16, 16], "texture": "#2"},
				"east": {"uv": [5, 0, 16, 16], "texture": "#2"},
				"south": {"uv": [5, 0, 16, 16], "texture": "#2"},
				"west": {"uv": [5, 0, 16, 16], "texture": "#2"},
				"up": {"uv": [5, 0, 16, 16], "texture": "#2"},
				"down": {"uv": [5, 0, 16, 16], "texture": "#2"}
			}
		},
		{
			"name": "bass 7",
			"from": [7, -9, 15],
			"to": [9, 32, 16],
			"rotation": {"angle": -22.5, "axis": "y", "origin": [8, 11.05556, 8]},
			"faces": {
				"north": {"uv": [5, 0, 16, 16], "rotation": 90, "texture": "#2"},
				"east": {"uv": [5, 0, 16, 16], "rotation": 90, "texture": "#2"},
				"south": {"uv": [5, 0, 16, 16], "rotation": 90, "texture": "#2"},
				"west": {"uv": [5, 0, 16, 16], "rotation": 90, "texture": "#2"},
				"up": {"uv": [5, 0, 16, 16], "rotation": 90, "texture": "#2"},
				"down": {"uv": [5, 0, 16, 16], "rotation": 90, "texture": "#2"}
			}
		},
		{
			"name": "bass 8",
			"from": [15, -8.75, 9],
			"to": [16, 31.75, 9.125],
			"rotation": {"angle": -22.5, "axis": "y", "origin": [8, 11.05556, 8]},
			"faces": {
				"north": {"uv": [5, 0, 16, 16], "texture": "#2"},
				"east": {"uv": [5, 0, 16, 16], "texture": "#2"},
				"south": {"uv": [5, 0, 16, 16], "texture": "#2"},
				"west": {"uv": [5, 0, 16, 16], "texture": "#2"},
				"up": {"uv": [5, 0, 16, 16], "texture": "#2"},
				"down": {"uv": [5, 0, 16, 16], "texture": "#2"}
			}
		},
		{
			"name": "bass 9",
			"from": [6.875, -8.75, 15],
			"to": [7, 31.75, 16],
			"rotation": {"angle": -22.5, "axis": "y", "origin": [8, 11.05556, 8]},
			"faces": {
				"north": {"uv": [5, 0, 16, 16], "rotation": 90, "texture": "#2"},
				"east": {"uv": [5, 0, 16, 16], "rotation": 90, "texture": "#2"},
				"south": {"uv": [5, 0, 16, 16], "rotation": 90, "texture": "#2"},
				"west": {"uv": [5, 0, 16, 16], "rotation": 90, "texture": "#2"},
				"up": {"uv": [5, 0, 16, 16], "rotation": 90, "texture": "#2"},
				"down": {"uv": [5, 0, 16, 16], "rotation": 90, "texture": "#2"}
			}
		},
		{
			"name": "bass 4",
			"from": [7, -11, 7],
			"to": [9, 26, 9],
			"rotation": {"angle": -45, "axis": "y", "origin": [8, 11.05556, 8]},
			"faces": {
				"north": {"uv": [0, 0, 5, 16], "texture": "#3"},
				"east": {"uv": [0, 0, 5, 16], "texture": "#3"},
				"south": {"uv": [0, 0, 5, 16], "texture": "#3"},
				"west": {"uv": [0, 0, 5, 16], "texture": "#3"},
				"up": {"uv": [0, 0, 5, 5], "texture": "#3"},
				"down": {"uv": [0, 0, 5, 16], "texture": "#3"}
			}
		},
		{
			"name": "bass 4",
			"from": [9, 11, 7.5],
			"to": [15, 12, 8.5],
			"rotation": {"angle": -45, "axis": "y", "origin": [8, 11.05556, 8]},
			"faces": {
				"north": {"uv": [5, 0, 16, 16], "texture": "#3"},
				"east": {"uv": [5, 0, 16, 16], "texture": "#3"},
				"south": {"uv": [5, 0, 16, 16], "texture": "#3"},
				"west": {"uv": [5, 0, 16, 16], "texture": "#3"},
				"up": {"uv": [5, 0, 16, 16], "texture": "#3"},
				"down": {"uv": [5, 0, 16, 16], "texture": "#3"}
			}
		},
		{
			"name": "bass 5",
			"from": [7.5, 11, 9],
			"to": [8.5, 12, 15],
			"rotation": {"angle": -45, "axis": "y", "origin": [8, 11.05556, 8]},
			"faces": {
				"north": {"uv": [5, 0, 16, 16], "rotation": 90, "texture": "#3"},
				"east": {"uv": [5, 0, 16, 16], "rotation": 90, "texture": "#3"},
				"south": {"uv": [5, 0, 16, 16], "rotation": 90, "texture": "#3"},
				"west": {"uv": [5, 0, 16, 16], "rotation": 90, "texture": "#3"},
				"up": {"uv": [5, 0, 16, 16], "rotation": 90, "texture": "#3"},
				"down": {"uv": [5, 0, 16, 16], "rotation": 90, "texture": "#3"}
			}
		},
		{
			"name": "bass 5",
			"from": [1, 11, 7.5],
			"to": [7, 12, 8.5],
			"rotation": {"angle": -45, "axis": "y", "origin": [8, 11.05556, 8]},
			"faces": {
				"north": {"uv": [5, 0, 16, 16], "texture": "#3"},
				"east": {"uv": [5, 0, 16, 16], "texture": "#3"},
				"south": {"uv": [5, 0, 16, 16], "texture": "#3"},
				"west": {"uv": [5, 0, 16, 16], "texture": "#3"},
				"up": {"uv": [5, 0, 16, 16], "texture": "#3"},
				"down": {"uv": [5, 0, 16, 16], "texture": "#3"}
			}
		},
		{
			"name": "bass 6",
			"from": [7.5, 11, 1],
			"to": [8.5, 12, 7],
			"rotation": {"angle": -45, "axis": "y", "origin": [8, 11.05556, 8]},
			"faces": {
				"north": {"uv": [5, 0, 16, 16], "rotation": 90, "texture": "#3"},
				"east": {"uv": [5, 0, 16, 16], "rotation": 90, "texture": "#3"},
				"south": {"uv": [5, 0, 16, 16], "rotation": 90, "texture": "#3"},
				"west": {"uv": [5, 0, 16, 16], "rotation": 90, "texture": "#3"},
				"up": {"uv": [5, 0, 16, 16], "rotation": 90, "texture": "#3"},
				"down": {"uv": [5, 0, 16, 16], "rotation": 90, "texture": "#3"}
			}
		},
		{
			"name": "bass 6",
			"from": [0, -9, 7],
			"to": [1, 32, 9],
			"rotation": {"angle": -45, "axis": "y", "origin": [8, 11.05556, 8]},
			"faces": {
				"north": {"uv": [5, 0, 16, 16], "texture": "#3"},
				"east": {"uv": [5, 0, 16, 16], "texture": "#3"},
				"south": {"uv": [5, 0, 16, 16], "texture": "#3"},
				"west": {"uv": [5, 0, 16, 16], "texture": "#3"},
				"up": {"uv": [5, 0, 16, 16], "texture": "#3"},
				"down": {"uv": [5, 0, 16, 16], "texture": "#3"}
			}
		},
		{
			"name": "bass 7",
			"from": [7, -9, 0],
			"to": [9, 32, 1],
			"rotation": {"angle": -45, "axis": "y", "origin": [8, 11.05556, 8]},
			"faces": {
				"north": {"uv": [5, 0, 16, 16], "rotation": 90, "texture": "#3"},
				"east": {"uv": [5, 0, 16, 16], "rotation": 90, "texture": "#3"},
				"south": {"uv": [5, 0, 16, 16], "rotation": 90, "texture": "#3"},
				"west": {"uv": [5, 0, 16, 16], "rotation": 90, "texture": "#3"},
				"up": {"uv": [5, 0, 16, 16], "rotation": 90, "texture": "#3"},
				"down": {"uv": [5, 0, 16, 16], "rotation": 90, "texture": "#3"}
			}
		},
		{
			"name": "bass 7",
			"from": [0, -8.75, 6.875],
			"to": [1, 31.75, 7],
			"rotation": {"angle": -45, "axis": "y", "origin": [8, 11.05556, 8]},
			"faces": {
				"north": {"uv": [5, 0, 16, 16], "texture": "#3"},
				"east": {"uv": [5, 0, 16, 16], "texture": "#3"},
				"south": {"uv": [5, 0, 16, 16], "texture": "#3"},
				"west": {"uv": [5, 0, 16, 16], "texture": "#3"},
				"up": {"uv": [5, 0, 16, 16], "texture": "#3"},
				"down": {"uv": [5, 0, 16, 16], "texture": "#3"}
			}
		},
		{
			"name": "bass 8",
			"from": [9, -8.75, 0],
			"to": [9.125, 31.75, 1],
			"rotation": {"angle": -45, "axis": "y", "origin": [8, 11.05556, 8]},
			"faces": {
				"north": {"uv": [5, 0, 16, 16], "rotation": 90, "texture": "#3"},
				"east": {"uv": [5, 0, 16, 16], "rotation": 90, "texture": "#3"},
				"south": {"uv": [5, 0, 16, 16], "rotation": 90, "texture": "#3"},
				"west": {"uv": [5, 0, 16, 16], "rotation": 90, "texture": "#3"},
				"up": {"uv": [5, 0, 16, 16], "rotation": 90, "texture": "#3"},
				"down": {"uv": [5, 0, 16, 16], "rotation": 90, "texture": "#3"}
			}
		},
		{
			"name": "bass 8",
			"from": [0, -8.75, 9],
			"to": [1, 31.75, 9.125],
			"rotation": {"angle": -45, "axis": "y", "origin": [8, 11.05556, 8]},
			"faces": {
				"north": {"uv": [5, 0, 16, 16], "texture": "#3"},
				"east": {"uv": [5, 0, 16, 16], "texture": "#3"},
				"south": {"uv": [5, 0, 16, 16], "texture": "#3"},
				"west": {"uv": [5, 0, 16, 16], "texture": "#3"},
				"up": {"uv": [5, 0, 16, 16], "texture": "#3"},
				"down": {"uv": [5, 0, 16, 16], "texture": "#3"}
			}
		},
		{
			"name": "bass 9",
			"from": [6.875, -8.75, 0],
			"to": [7, 31.75, 1],
			"rotation": {"angle": -45, "axis": "y", "origin": [8, 11.05556, 8]},
			"faces": {
				"north": {"uv": [5, 0, 16, 16], "rotation": 90, "texture": "#3"},
				"east": {"uv": [5, 0, 16, 16], "rotation": 90, "texture": "#3"},
				"south": {"uv": [5, 0, 16, 16], "rotation": 90, "texture": "#3"},
				"west": {"uv": [5, 0, 16, 16], "rotation": 90, "texture": "#3"},
				"up": {"uv": [5, 0, 16, 16], "rotation": 90, "texture": "#3"},
				"down": {"uv": [5, 0, 16, 16], "rotation": 90, "texture": "#3"}
			}
		},
		{
			"name": "bass 8",
			"from": [15, -8.75, 6.875],
			"to": [16, 31.75, 7],
			"rotation": {"angle": -45, "axis": "y", "origin": [8, 11.05556, 8]},
			"faces": {
				"north": {"uv": [5, 0, 16, 16], "texture": "#3"},
				"east": {"uv": [5, 0, 16, 16], "texture": "#3"},
				"south": {"uv": [5, 0, 16, 16], "texture": "#3"},
				"west": {"uv": [5, 0, 16, 16], "texture": "#3"},
				"up": {"uv": [5, 0, 16, 16], "texture": "#3"},
				"down": {"uv": [5, 0, 16, 16], "texture": "#3"}
			}
		},
		{
			"name": "bass 9",
			"from": [9, -8.75, 15],
			"to": [9.125, 31.75, 16],
			"rotation": {"angle": -45, "axis": "y", "origin": [8, 11.05556, 8]},
			"faces": {
				"north": {"uv": [5, 0, 16, 16], "rotation": 90, "texture": "#3"},
				"east": {"uv": [5, 0, 16, 16], "rotation": 90, "texture": "#3"},
				"south": {"uv": [5, 0, 16, 16], "rotation": 90, "texture": "#3"},
				"west": {"uv": [5, 0, 16, 16], "rotation": 90, "texture": "#3"},
				"up": {"uv": [5, 0, 16, 16], "rotation": 90, "texture": "#3"},
				"down": {"uv": [5, 0, 16, 16], "rotation": 90, "texture": "#3"}
			}
		},
		{
			"name": "bass 7",
			"from": [15, -9, 7],
			"to": [16, 32, 9],
			"rotation": {"angle": -45, "axis": "y", "origin": [8, 11.05556, 8]},
			"faces": {
				"north": {"uv": [5, 0, 16, 16], "texture": "#3"},
				"east": {"uv": [5, 0, 16, 16], "texture": "#3"},
				"south": {"uv": [5, 0, 16, 16], "texture": "#3"},
				"west": {"uv": [5, 0, 16, 16], "texture": "#3"},
				"up": {"uv": [5, 0, 16, 16], "texture": "#3"},
				"down": {"uv": [5, 0, 16, 16], "texture": "#3"}
			}
		},
		{
			"name": "bass 8",
			"from": [7, -9, 15],
			"to": [9, 32, 16],
			"rotation": {"angle": -45, "axis": "y", "origin": [8, 11.05556, 8]},
			"faces": {
				"north": {"uv": [5, 0, 16, 16], "rotation": 90, "texture": "#3"},
				"east": {"uv": [5, 0, 16, 16], "rotation": 90, "texture": "#3"},
				"south": {"uv": [5, 0, 16, 16], "rotation": 90, "texture": "#3"},
				"west": {"uv": [5, 0, 16, 16], "rotation": 90, "texture": "#3"},
				"up": {"uv": [5, 0, 16, 16], "rotation": 90, "texture": "#3"},
				"down": {"uv": [5, 0, 16, 16], "rotation": 90, "texture": "#3"}
			}
		},
		{
			"name": "bass 9",
			"from": [15, -8.75, 9],
			"to": [16, 31.75, 9.125],
			"rotation": {"angle": -45, "axis": "y", "origin": [8, 11.05556, 8]},
			"faces": {
				"north": {"uv": [5, 0, 16, 16], "texture": "#3"},
				"east": {"uv": [5, 0, 16, 16], "texture": "#3"},
				"south": {"uv": [5, 0, 16, 16], "texture": "#3"},
				"west": {"uv": [5, 0, 16, 16], "texture": "#3"},
				"up": {"uv": [5, 0, 16, 16], "texture": "#3"},
				"down": {"uv": [5, 0, 16, 16], "texture": "#3"}
			}
		},
		{
			"name": "bass 10",
			"from": [6.875, -8.75, 15],
			"to": [7, 31.75, 16],
			"rotation": {"angle": -45, "axis": "y", "origin": [8, 11.05556, 8]},
			"faces": {
				"north": {"uv": [5, 0, 16, 16], "rotation": 90, "texture": "#3"},
				"east": {"uv": [5, 0, 16, 16], "rotation": 90, "texture": "#3"},
				"south": {"uv": [5, 0, 16, 16], "rotation": 90, "texture": "#3"},
				"west": {"uv": [5, 0, 16, 16], "rotation": 90, "texture": "#3"},
				"up": {"uv": [5, 0, 16, 16], "rotation": 90, "texture": "#3"},
				"down": {"uv": [5, 0, 16, 16], "rotation": 90, "texture": "#3"}
			}
		},
		{
			"name": "bass 4",
			"from": [7, -11, 7],
			"to": [9, 26, 9],
			"rotation": {"angle": 22.5, "axis": "y", "origin": [8, 11.05556, 8]},
			"faces": {
				"north": {"uv": [0, 0, 5, 16], "texture": "#4"},
				"east": {"uv": [0, 0, 5, 16], "texture": "#4"},
				"south": {"uv": [0, 0, 5, 5], "texture": "#4"},
				"west": {"uv": [0, 0, 5, 16], "texture": "#4"},
				"up": {"uv": [0, 0, 5, 16], "texture": "#4"},
				"down": {"uv": [0, 0, 5, 16], "texture": "#4"}
			}
		},
		{
			"name": "bass 5",
			"from": [7.5, 11, 9],
			"to": [8.5, 12, 15],
			"rotation": {"angle": 22.5, "axis": "y", "origin": [8, 11.05556, 8]},
			"faces": {
				"north": {"uv": [5, 0, 16, 16], "rotation": 90, "texture": "#4"},
				"east": {"uv": [5, 0, 16, 16], "rotation": 90, "texture": "#4"},
				"south": {"uv": [5, 0, 16, 16], "rotation": 90, "texture": "#4"},
				"west": {"uv": [5, 0, 16, 16], "rotation": 90, "texture": "#4"},
				"up": {"uv": [5, 0, 16, 16], "rotation": 90, "texture": "#4"},
				"down": {"uv": [5, 0, 16, 16], "rotation": 90, "texture": "#4"}
			}
		},
		{
			"name": "bass 6",
			"from": [1, 11, 7.5],
			"to": [7, 12, 8.5],
			"rotation": {"angle": 22.5, "axis": "y", "origin": [8, 11.05556, 8]},
			"faces": {
				"north": {"uv": [5, 0, 16, 16], "rotation": 180, "texture": "#4"},
				"east": {"uv": [5, 0, 16, 16], "rotation": 180, "texture": "#4"},
				"south": {"uv": [5, 0, 16, 16], "rotation": 180, "texture": "#4"},
				"west": {"uv": [5, 0, 16, 16], "rotation": 180, "texture": "#4"},
				"up": {"uv": [5, 0, 16, 16], "rotation": 180, "texture": "#4"},
				"down": {"uv": [5, 0, 16, 16], "rotation": 180, "texture": "#4"}
			}
		},
		{
			"name": "bass 6",
			"from": [7.5, 11, 1],
			"to": [8.5, 12, 7],
			"rotation": {"angle": 22.5, "axis": "y", "origin": [8, 11.05556, 8]},
			"faces": {
				"north": {"uv": [5, 0, 16, 16], "rotation": 90, "texture": "#4"},
				"east": {"uv": [5, 0, 16, 16], "rotation": 90, "texture": "#4"},
				"south": {"uv": [5, 0, 16, 16], "rotation": 90, "texture": "#4"},
				"west": {"uv": [5, 0, 16, 16], "rotation": 90, "texture": "#4"},
				"up": {"uv": [5, 0, 16, 16], "rotation": 90, "texture": "#4"},
				"down": {"uv": [5, 0, 16, 16], "rotation": 90, "texture": "#4"}
			}
		},
		{
			"name": "bass 7",
			"from": [9, 11, 7.5],
			"to": [15, 12, 8.5],
			"rotation": {"angle": 22.5, "axis": "y", "origin": [8, 11.05556, 8]},
			"faces": {
				"north": {"uv": [5, 0, 16, 16], "rotation": 180, "texture": "#4"},
				"east": {"uv": [5, 0, 16, 16], "rotation": 180, "texture": "#4"},
				"south": {"uv": [5, 0, 16, 16], "rotation": 180, "texture": "#4"},
				"west": {"uv": [5, 0, 16, 16], "rotation": 180, "texture": "#4"},
				"up": {"uv": [5, 0, 16, 16], "rotation": 180, "texture": "#4"},
				"down": {"uv": [5, 0, 16, 16], "rotation": 180, "texture": "#4"}
			}
		},
		{
			"name": "bass 7",
			"from": [7, -9, 0],
			"to": [9, 32, 1],
			"rotation": {"angle": 22.5, "axis": "y", "origin": [8, 11.05556, 8]},
			"faces": {
				"north": {"uv": [5, 0, 16, 16], "rotation": 90, "texture": "#4"},
				"east": {"uv": [5, 0, 16, 16], "rotation": 90, "texture": "#4"},
				"south": {"uv": [5, 0, 16, 16], "rotation": 90, "texture": "#4"},
				"west": {"uv": [5, 0, 16, 16], "rotation": 90, "texture": "#4"},
				"up": {"uv": [5, 0, 16, 16], "rotation": 90, "texture": "#4"},
				"down": {"uv": [5, 0, 16, 16], "rotation": 90, "texture": "#4"}
			}
		},
		{
			"name": "bass 8",
			"from": [15, -9, 7],
			"to": [16, 32, 9],
			"rotation": {"angle": 22.5, "axis": "y", "origin": [8, 11.05556, 8]},
			"faces": {
				"north": {"uv": [5, 0, 16, 16], "rotation": 180, "texture": "#4"},
				"east": {"uv": [5, 0, 16, 16], "rotation": 180, "texture": "#4"},
				"south": {"uv": [5, 0, 16, 16], "rotation": 180, "texture": "#4"},
				"west": {"uv": [5, 0, 16, 16], "rotation": 180, "texture": "#4"},
				"up": {"uv": [5, 0, 16, 16], "rotation": 180, "texture": "#4"},
				"down": {"uv": [5, 0, 16, 16], "rotation": 180, "texture": "#4"}
			}
		},
		{
			"name": "bass 8",
			"from": [9, -8.75, 0],
			"to": [9.125, 31.75, 1],
			"rotation": {"angle": 22.5, "axis": "y", "origin": [8, 11.05556, 8]},
			"faces": {
				"north": {"uv": [5, 0, 16, 16], "rotation": 90, "texture": "#4"},
				"east": {"uv": [5, 0, 16, 16], "rotation": 90, "texture": "#4"},
				"south": {"uv": [5, 0, 16, 16], "rotation": 90, "texture": "#4"},
				"west": {"uv": [5, 0, 16, 16], "rotation": 90, "texture": "#4"},
				"up": {"uv": [5, 0, 16, 16], "rotation": 90, "texture": "#4"},
				"down": {"uv": [5, 0, 16, 16], "rotation": 90, "texture": "#4"}
			}
		},
		{
			"name": "bass 9",
			"from": [15, -8.75, 9],
			"to": [16, 31.75, 9.125],
			"rotation": {"angle": 22.5, "axis": "y", "origin": [8, 11.05556, 8]},
			"faces": {
				"north": {"uv": [5, 0, 16, 16], "rotation": 180, "texture": "#4"},
				"east": {"uv": [5, 0, 16, 16], "rotation": 180, "texture": "#4"},
				"south": {"uv": [5, 0, 16, 16], "rotation": 180, "texture": "#4"},
				"west": {"uv": [5, 0, 16, 16], "rotation": 180, "texture": "#4"},
				"up": {"uv": [5, 0, 16, 16], "rotation": 180, "texture": "#4"},
				"down": {"uv": [5, 0, 16, 16], "rotation": 180, "texture": "#4"}
			}
		},
		{
			"name": "bass 9",
			"from": [6.875, -8.75, 0],
			"to": [7, 31.75, 1],
			"rotation": {"angle": 22.5, "axis": "y", "origin": [8, 11.05556, 8]},
			"faces": {
				"north": {"uv": [5, 0, 16, 16], "rotation": 90, "texture": "#4"},
				"east": {"uv": [5, 0, 16, 16], "rotation": 90, "texture": "#4"},
				"south": {"uv": [5, 0, 16, 16], "rotation": 90, "texture": "#4"},
				"west": {"uv": [5, 0, 16, 16], "rotation": 90, "texture": "#4"},
				"up": {"uv": [5, 0, 16, 16], "rotation": 90, "texture": "#4"},
				"down": {"uv": [5, 0, 16, 16], "rotation": 90, "texture": "#4"}
			}
		},
		{
			"name": "bass 10",
			"from": [15, -8.75, 6.875],
			"to": [16, 31.75, 7],
			"rotation": {"angle": 22.5, "axis": "y", "origin": [8, 11.05556, 8]},
			"faces": {
				"north": {"uv": [5, 0, 16, 16], "rotation": 180, "texture": "#4"},
				"east": {"uv": [5, 0, 16, 16], "rotation": 180, "texture": "#4"},
				"south": {"uv": [5, 0, 16, 16], "rotation": 180, "texture": "#4"},
				"west": {"uv": [5, 0, 16, 16], "rotation": 180, "texture": "#4"},
				"up": {"uv": [5, 0, 16, 16], "rotation": 180, "texture": "#4"},
				"down": {"uv": [5, 0, 16, 16], "rotation": 180, "texture": "#4"}
			}
		},
		{
			"name": "bass 9",
			"from": [9, -8.75, 15],
			"to": [9.125, 31.75, 16],
			"rotation": {"angle": 22.5, "axis": "y", "origin": [8, 11.05556, 8]},
			"faces": {
				"north": {"uv": [5, 0, 16, 16], "rotation": 90, "texture": "#4"},
				"east": {"uv": [5, 0, 16, 16], "rotation": 90, "texture": "#4"},
				"south": {"uv": [5, 0, 16, 16], "rotation": 90, "texture": "#4"},
				"west": {"uv": [5, 0, 16, 16], "rotation": 90, "texture": "#4"},
				"up": {"uv": [5, 0, 16, 16], "rotation": 90, "texture": "#4"},
				"down": {"uv": [5, 0, 16, 16], "rotation": 90, "texture": "#4"}
			}
		},
		{
			"name": "bass 10",
			"from": [0, -8.75, 9],
			"to": [1, 31.75, 9.125],
			"rotation": {"angle": 22.5, "axis": "y", "origin": [8, 11.05556, 8]},
			"faces": {
				"north": {"uv": [5, 0, 16, 16], "rotation": 180, "texture": "#4"},
				"east": {"uv": [5, 0, 16, 16], "rotation": 180, "texture": "#4"},
				"south": {"uv": [5, 0, 16, 16], "rotation": 180, "texture": "#4"},
				"west": {"uv": [5, 0, 16, 16], "rotation": 180, "texture": "#4"},
				"up": {"uv": [5, 0, 16, 16], "rotation": 180, "texture": "#4"},
				"down": {"uv": [5, 0, 16, 16], "rotation": 180, "texture": "#4"}
			}
		},
		{
			"name": "bass 8",
			"from": [7, -9, 15],
			"to": [9, 32, 16],
			"rotation": {"angle": 22.5, "axis": "y", "origin": [8, 11.05556, 8]},
			"faces": {
				"north": {"uv": [5, 0, 16, 16], "rotation": 90, "texture": "#4"},
				"east": {"uv": [5, 0, 16, 16], "rotation": 90, "texture": "#4"},
				"south": {"uv": [5, 0, 16, 16], "rotation": 90, "texture": "#4"},
				"west": {"uv": [5, 0, 16, 16], "rotation": 90, "texture": "#4"},
				"up": {"uv": [5, 0, 16, 16], "rotation": 90, "texture": "#4"},
				"down": {"uv": [5, 0, 16, 16], "rotation": 90, "texture": "#4"}
			}
		},
		{
			"name": "bass 9",
			"from": [0, -9, 7],
			"to": [1, 32, 9],
			"rotation": {"angle": 22.5, "axis": "y", "origin": [8, 11.05556, 8]},
			"faces": {
				"north": {"uv": [5, 0, 16, 16], "rotation": 180, "texture": "#4"},
				"east": {"uv": [5, 0, 16, 16], "rotation": 180, "texture": "#4"},
				"south": {"uv": [5, 0, 16, 16], "rotation": 180, "texture": "#4"},
				"west": {"uv": [5, 0, 16, 16], "rotation": 180, "texture": "#4"},
				"up": {"uv": [5, 0, 16, 16], "rotation": 180, "texture": "#4"},
				"down": {"uv": [5, 0, 16, 16], "rotation": 180, "texture": "#4"}
			}
		},
		{
			"name": "bass 10",
			"from": [6.875, -8.75, 15],
			"to": [7, 31.75, 16],
			"rotation": {"angle": 22.5, "axis": "y", "origin": [8, 11.05556, 8]},
			"faces": {
				"north": {"uv": [5, 0, 16, 16], "rotation": 90, "texture": "#4"},
				"east": {"uv": [5, 0, 16, 16], "rotation": 90, "texture": "#4"},
				"south": {"uv": [5, 0, 16, 16], "rotation": 90, "texture": "#4"},
				"west": {"uv": [5, 0, 16, 16], "rotation": 90, "texture": "#4"},
				"up": {"uv": [5, 0, 16, 16], "rotation": 90, "texture": "#4"},
				"down": {"uv": [5, 0, 16, 16], "rotation": 90, "texture": "#4"}
			}
		},
		{
			"name": "bass 11",
			"from": [0, -8.75, 6.875],
			"to": [1, 31.75, 7],
			"rotation": {"angle": 22.5, "axis": "y", "origin": [8, 11.05556, 8]},
			"faces": {
				"north": {"uv": [5, 0, 16, 16], "rotation": 180, "texture": "#4"},
				"east": {"uv": [5, 0, 16, 16], "rotation": 180, "texture": "#4"},
				"south": {"uv": [5, 0, 16, 16], "rotation": 180, "texture": "#4"},
				"west": {"uv": [5, 0, 16, 16], "rotation": 180, "texture": "#4"},
				"up": {"uv": [5, 0, 16, 16], "rotation": 180, "texture": "#4"},
				"down": {"uv": [5, 0, 16, 16], "rotation": 180, "texture": "#4"}
			}
		}
	],
	"display": {
		"thirdperson_righthand": {
			"translation": [0, 2.25, 0],
			"scale": [0.5, 0.5, 0.5]
		},
		"thirdperson_lefthand": {
			"translation": [0, 2.25, 0],
			"scale": [0.5, 0.5, 0.5]
		},
		"firstperson_righthand": {
			"translation": [0, 4.5, 0],
			"scale": [0.25, 0.25, 0.25]
		},
		"firstperson_lefthand": {
			"translation": [0, 4.5, 0],
			"scale": [0.25, 0.25, 0.25]
		},
		"ground": {
			"translation": [0, 2.25, 0],
			"scale": [0.25, 0.25, 0.25]
		},
		"gui": {
			"translation": [0, -0.5, 0],
			"scale": [0.2, 0.2, 0.2]
		},
		"fixed": {
			"rotation": [-90, 0, 0],
			"translation": [0, 0, -58.25],
			"scale": [2.5, 2.5, 2.5]
		}
	},
	"groups": [
		{
			"name": "bass 1",
			"origin": [8, 8, 8],
			"children": [0, 1,
				{
					"name": "mid",
					"origin": [8, 8, 8],
					"children": [
						{
							"name": "1",
							"origin": [8, 8, 8],
							"children": [2, 3, 4, 5, 6, 7, 8, 9, 10, 11, 12, 13, 14, 15, 16, 17, 18]
						},
						{
							"name": "2",
							"origin": [8, 8, 8],
							"children": [19, 20, 21, 22, 23, 24, 25, 26, 27, 28, 29, 30, 31, 32, 33, 34, 35]
						},
						{
							"name": "3",
							"origin": [8, 8, 8],
							"children": [36, 37, 38, 39, 40, 41, 42, 43, 44, 45, 46, 47, 48, 49, 50, 51, 52]
						},
						{
							"name": "4",
							"origin": [8, 8, 8],
							"children": [53, 54, 55, 56, 57, 58, 59, 60, 61, 62, 63, 64, 65, 66, 67, 68, 69]
						}
					]
				}
			]
		}
	]
}