{
	"credit": "Made with Blockbench",
	"textures": {
		"0": "custom/baseball_bat_t",
		"particle": "custom/baseball_bat_t"
	},
	"elements": [
		{
			"name": "bass 1",
			"from": [7.375, 1.5, 7.375],
			"to": [8.625, 6.5, 8.625],
			"rotation": {"angle": 0, "axis": "y", "origin": [15.25, 14.5, 15.25]},
			"faces": {
				"north": {"uv": [4, 0, 8, 16], "texture": "#0"},
				"east": {"uv": [4, 0, 8, 16], "texture": "#0"},
				"south": {"uv": [4, 0, 8, 16], "texture": "#0"},
				"west": {"uv": [4, 0, 8, 16], "texture": "#0"},
				"up": {"uv": [4, 0, 8, 16], "texture": "#0"},
				"down": {"uv": [4, 0, 8, 16], "texture": "#0"}
			}
		},
		{
			"name": "bass 2",
			"from": [7.25, 6.5, 7.25],
			"to": [8.75, 9.5, 8.75],
			"rotation": {"angle": 0, "axis": "y", "origin": [15.25, 14.5, 15.25]},
			"faces": {
				"north": {"uv": [0, 0, 4, 16], "texture": "#0"},
				"east": {"uv": [0, 0, 4, 16], "texture": "#0"},
				"south": {"uv": [0, 0, 4, 16], "texture": "#0"},
				"west": {"uv": [0, 0, 4, 16], "texture": "#0"},
				"up": {"uv": [0, 0, 4, 16], "texture": "#0"},
				"down": {"uv": [0, 0, 4, 16], "texture": "#0"}
			}
		},
		{
			"name": "bass 2",
			"from": [7, 1, 7],
			"to": [9, 1.5, 9],
			"rotation": {"angle": 0, "axis": "y", "origin": [15.25, 14.5, 15.25]},
			"faces": {
				"north": {"uv": [0, 0, 4, 16], "texture": "#0"},
				"east": {"uv": [0, 0, 4, 16], "texture": "#0"},
				"south": {"uv": [0, 0, 4, 16], "texture": "#0"},
				"west": {"uv": [0, 0, 4, 16], "texture": "#0"},
				"up": {"uv": [0, 0, 4, 16], "texture": "#0"},
				"down": {"uv": [0, 0, 4, 16], "texture": "#0"}
			}
		},
		{
			"name": "bass 2",
			"from": [7.125, 9.5, 7.125],
			"to": [8.875, 12.5, 8.875],
			"rotation": {"angle": 0, "axis": "y", "origin": [15.25, 15.5, 15.25]},
			"faces": {
				"north": {"uv": [0, 0, 4, 16], "texture": "#0"},
				"east": {"uv": [0, 0, 4, 16], "texture": "#0"},
				"south": {"uv": [0, 0, 4, 16], "texture": "#0"},
				"west": {"uv": [0, 0, 4, 16], "texture": "#0"},
				"up": {"uv": [0, 0, 4, 16], "texture": "#0"},
				"down": {"uv": [0, 0, 4, 16], "texture": "#0"}
			}
		},
		{
			"name": "bass 3",
			"from": [7, 12.5, 7],
			"to": [9, 21.5, 9],
			"rotation": {"angle": 0, "axis": "y", "origin": [15.25, 15.5, 15.25]},
			"faces": {
				"north": {"uv": [0, 0, 4, 16], "texture": "#0"},
				"east": {"uv": [0, 0, 4, 16], "texture": "#0"},
				"south": {"uv": [0, 0, 4, 16], "texture": "#0"},
				"west": {"uv": [0, 0, 4, 16], "texture": "#0"},
				"up": {"uv": [0, 0, 4, 16], "texture": "#0"},
				"down": {"uv": [0, 0, 4, 16], "texture": "#0"}
			}
		},
		{
			"name": "bass_1",
			"from": [7.375, 15, 6.375],
			"to": [7.75, 15.375, 7],
			"rotation": {"angle": 0, "axis": "y", "origin": [15.375, 23, 15.125]},
			"faces": {
				"north": {"uv": [8, 14, 10, 16], "texture": "#0"},
				"east": {"uv": [8, 14, 10, 16], "texture": "#0"},
				"south": {"uv": [8, 14, 10, 16], "texture": "#0"},
				"west": {"uv": [8, 14, 10, 16], "texture": "#0"},
				"up": {"uv": [8, 14, 10, 16], "texture": "#0"},
				"down": {"uv": [8, 14, 10, 16], "texture": "#0"}
			}
		},
		{
			"name": "bass_2",
			"from": [8.93315, 15.875, 7.32365],
			"to": [9.55815, 16.25, 7.69865],
			"rotation": {"angle": 0, "axis": "y", "origin": [7.61725, 18.40867, 8.0659]},
			"faces": {
				"north": {"uv": [8, 14, 10, 16], "texture": "#0"},
				"east": {"uv": [8, 14, 10, 16], "texture": "#0"},
				"south": {"uv": [8, 14, 10, 16], "texture": "#0"},
				"west": {"uv": [8, 14, 10, 16], "texture": "#0"},
				"up": {"uv": [8, 14, 10, 16], "texture": "#0"},
				"down": {"uv": [8, 14, 10, 16], "texture": "#0"}
			}
		},
		{
			"name": "bass_3",
			"from": [7.9845, 15.747, 8.9908],
			"to": [8.3595, 16.122, 9.6158],
			"rotation": {"angle": 0, "axis": "y", "origin": [7.61725, 18.28067, 7.8729]},
			"faces": {
				"north": {"uv": [8, 14, 10, 16], "texture": "#0"},
				"east": {"uv": [8, 14, 10, 16], "texture": "#0"},
				"south": {"uv": [8, 14, 10, 16], "texture": "#0"},
				"west": {"uv": [8, 14, 10, 16], "texture": "#0"},
				"up": {"uv": [8, 14, 10, 16], "texture": "#0"},
				"down": {"uv": [8, 14, 10, 16], "texture": "#0"}
			}
		},
		{
			"name": "bass_4",
			"from": [6.44435, 15.155, 8.33615],
			"to": [7.06935, 15.53, 8.71115],
			"rotation": {"angle": 0, "axis": "y", "origin": [8.38525, 17.68867, 7.9689]},
			"faces": {
				"north": {"uv": [8, 14, 10, 16], "texture": "#0"},
				"east": {"uv": [8, 14, 10, 16], "texture": "#0"},
				"south": {"uv": [8, 14, 10, 16], "texture": "#0"},
				"west": {"uv": [8, 14, 10, 16], "texture": "#0"},
				"up": {"uv": [8, 14, 10, 16], "texture": "#0"},
				"down": {"uv": [8, 14, 10, 16], "texture": "#0"}
			}
		},
		{
			"name": "bass_2",
			"from": [8.25, 19.75, 6.109],
			"to": [8.625, 20.125, 7.016],
			"rotation": {"angle": -45, "axis": "z", "origin": [8.41827, 20.07651, 8.53909]},
			"faces": {
				"north": {"uv": [8, 14, 10, 16], "texture": "#0"},
				"east": {"uv": [8, 14, 10, 16], "texture": "#0"},
				"south": {"uv": [8, 14, 10, 16], "texture": "#0"},
				"west": {"uv": [8, 14, 10, 16], "texture": "#0"},
				"up": {"uv": [8, 14, 10, 16], "texture": "#0"},
				"down": {"uv": [8, 14, 10, 16], "texture": "#0"}
			}
		},
		{
			"name": "bass_3",
			"from": [8.91715, 20.09307, 6.31242],
			"to": [9.82415, 20.46807, 6.68742],
			"rotation": {"angle": 45, "axis": "x", "origin": [7.61725, 18.40867, 8.0659]},
			"faces": {
				"north": {"uv": [8, 14, 10, 16], "texture": "#0"},
				"east": {"uv": [8, 14, 10, 16], "texture": "#0"},
				"south": {"uv": [8, 14, 10, 16], "texture": "#0"},
				"west": {"uv": [8, 14, 10, 16], "texture": "#0"},
				"up": {"uv": [8, 14, 10, 16], "texture": "#0"},
				"down": {"uv": [8, 14, 10, 16], "texture": "#0"}
			}
		},
		{
			"name": "bass_4",
			"from": [8.99573, 20.09307, 8.7408],
			"to": [9.37073, 20.46807, 9.6478],
			"rotation": {"angle": 45, "axis": "z", "origin": [7.61725, 18.40867, 7.4409]},
			"faces": {
				"north": {"uv": [8, 14, 10, 16], "texture": "#0"},
				"east": {"uv": [8, 14, 10, 16], "texture": "#0"},
				"south": {"uv": [8, 14, 10, 16], "texture": "#0"},
				"west": {"uv": [8, 14, 10, 16], "texture": "#0"},
				"up": {"uv": [8, 14, 10, 16], "texture": "#0"},
				"down": {"uv": [8, 14, 10, 16], "texture": "#0"}
			}
		},
		{
			"name": "bass_5",
			"from": [6.17835, 19.37307, 9.34738],
			"to": [7.08535, 19.74807, 9.72238],
			"rotation": {"angle": -45, "axis": "x", "origin": [8.38525, 17.68867, 7.9689]},
			"faces": {
				"north": {"uv": [8, 14, 10, 16], "texture": "#0"},
				"east": {"uv": [8, 14, 10, 16], "texture": "#0"},
				"south": {"uv": [8, 14, 10, 16], "texture": "#0"},
				"west": {"uv": [8, 14, 10, 16], "texture": "#0"},
				"up": {"uv": [8, 14, 10, 16], "texture": "#0"},
				"down": {"uv": [8, 14, 10, 16], "texture": "#0"}
			}
		},
		{
			"name": "bass_2",
			"from": [8.191, 16.63556, 6.37147],
			"to": [8.566, 17.01056, 7.49647],
			"rotation": {"angle": -22.5, "axis": "x", "origin": [8.36275, 15.92438, 6.90914]},
			"faces": {
				"north": {"uv": [8, 14, 10, 16], "texture": "#0"},
				"east": {"uv": [8, 14, 10, 16], "texture": "#0"},
				"south": {"uv": [8, 14, 10, 16], "texture": "#0"},
				"west": {"uv": [8, 14, 10, 16], "texture": "#0"},
				"up": {"uv": [8, 14, 10, 16], "texture": "#0"},
				"down": {"uv": [8, 14, 10, 16], "texture": "#0"}
			}
		},
		{
			"name": "bass_3",
			"from": [8.94544, 18.1714, 8.13965],
			"to": [10.07044, 18.5464, 8.51465],
			"rotation": {"angle": -22.5, "axis": "z", "origin": [7.61725, 18.40867, 8.0659]},
			"faces": {
				"north": {"uv": [8, 14, 10, 16], "texture": "#0"},
				"east": {"uv": [8, 14, 10, 16], "texture": "#0"},
				"south": {"uv": [8, 14, 10, 16], "texture": "#0"},
				"west": {"uv": [8, 14, 10, 16], "texture": "#0"},
				"up": {"uv": [8, 14, 10, 16], "texture": "#0"},
				"down": {"uv": [8, 14, 10, 16], "texture": "#0"}
			}
		},
		{
			"name": "bass_4",
			"from": [7.1685, 18.1714, 8.7691],
			"to": [7.5435, 18.5464, 9.8941],
			"rotation": {"angle": 22.5, "axis": "x", "origin": [7.61725, 18.40867, 7.4409]},
			"faces": {
				"north": {"uv": [8, 14, 10, 16], "texture": "#0"},
				"east": {"uv": [8, 14, 10, 16], "texture": "#0"},
				"south": {"uv": [8, 14, 10, 16], "texture": "#0"},
				"west": {"uv": [8, 14, 10, 16], "texture": "#0"},
				"up": {"uv": [8, 14, 10, 16], "texture": "#0"},
				"down": {"uv": [8, 14, 10, 16], "texture": "#0"}
			}
		},
		{
			"name": "bass_5",
			"from": [5.93206, 17.4514, 7.52015],
			"to": [7.05706, 17.8264, 7.89515],
			"rotation": {"angle": 22.5, "axis": "z", "origin": [8.38525, 17.68867, 7.9689]},
			"faces": {
				"north": {"uv": [8, 14, 10, 16], "texture": "#0"},
				"east": {"uv": [8, 14, 10, 16], "texture": "#0"},
				"south": {"uv": [8, 14, 10, 16], "texture": "#0"},
				"west": {"uv": [8, 14, 10, 16], "texture": "#0"},
				"up": {"uv": [8, 14, 10, 16], "texture": "#0"},
				"down": {"uv": [8, 14, 10, 16], "texture": "#0"}
			}
		},
		{
			"name": "bass_2",
			"from": [8.125, 18, 5.927],
			"to": [8.5, 18.375, 6.927],
			"rotation": {"angle": 22.5, "axis": "y", "origin": [8.29633, 18.32629, 8.53624]},
			"faces": {
				"north": {"uv": [8, 14, 10, 16], "texture": "#0"},
				"east": {"uv": [8, 14, 10, 16], "texture": "#0"},
				"south": {"uv": [8, 14, 10, 16], "texture": "#0"},
				"west": {"uv": [8, 14, 10, 16], "texture": "#0"},
				"up": {"uv": [8, 14, 10, 16], "texture": "#0"},
				"down": {"uv": [8, 14, 10, 16], "texture": "#0"}
			}
		},
		{
			"name": "bass_3",
			"from": [8.9544, 18.875, 7.9757],
			"to": [9.9544, 19.25, 8.3507],
			"rotation": {"angle": 22.5, "axis": "y", "origin": [7.61725, 18.40867, 8.0659]},
			"faces": {
				"north": {"uv": [8, 14, 10, 16], "texture": "#0"},
				"east": {"uv": [8, 14, 10, 16], "texture": "#0"},
				"south": {"uv": [8, 14, 10, 16], "texture": "#0"},
				"west": {"uv": [8, 14, 10, 16], "texture": "#0"},
				"up": {"uv": [8, 14, 10, 16], "texture": "#0"},
				"down": {"uv": [8, 14, 10, 16], "texture": "#0"}
			}
		},
		{
			"name": "bass_4",
			"from": [7.95745, 19.125, 9.03405],
			"to": [8.33245, 19.5, 10.03405],
			"rotation": {"angle": 22.5, "axis": "y", "origin": [7.61725, 18.40867, 7.4409]},
			"faces": {
				"north": {"uv": [8, 14, 10, 16], "texture": "#0"},
				"east": {"uv": [8, 14, 10, 16], "texture": "#0"},
				"south": {"uv": [8, 14, 10, 16], "texture": "#0"},
				"west": {"uv": [8, 14, 10, 16], "texture": "#0"},
				"up": {"uv": [8, 14, 10, 16], "texture": "#0"},
				"down": {"uv": [8, 14, 10, 16], "texture": "#0"}
			}
		},
		{
			"name": "bass_5",
			"from": [6.04811, 18.155, 7.93411],
			"to": [7.04811, 18.53, 8.30911],
			"rotation": {"angle": 22.5, "axis": "y", "origin": [8.38525, 17.68867, 7.9689]},
			"faces": {
				"north": {"uv": [8, 14, 10, 16], "texture": "#0"},
				"east": {"uv": [8, 14, 10, 16], "texture": "#0"},
				"south": {"uv": [8, 14, 10, 16], "texture": "#0"},
				"west": {"uv": [8, 14, 10, 16], "texture": "#0"},
				"up": {"uv": [8, 14, 10, 16], "texture": "#0"},
				"down": {"uv": [8, 14, 10, 16], "texture": "#0"}
			}
		},
		{
			"name": "bass_3",
			"from": [7.37675, 15.20845, 8.93435],
			"to": [7.75175, 15.58345, 9.55935],
			"rotation": {"angle": 0, "axis": "x", "origin": [7.56514, 15.39507, 9.62183]},
			"faces": {
				"north": {"uv": [8, 14, 10, 16], "texture": "#0"},
				"east": {"uv": [8, 14, 10, 16], "texture": "#0"},
				"south": {"uv": [8, 14, 10, 16], "texture": "#0"},
				"west": {"uv": [8, 14, 10, 16], "texture": "#0"},
				"up": {"uv": [8, 14, 10, 16], "texture": "#0"},
				"down": {"uv": [8, 14, 10, 16], "texture": "#0"}
			}
		},
		{
			"name": "bass_4",
			"from": [6.3738, 16.08345, 7.3254],
			"to": [6.9988, 16.45845, 7.7004],
			"rotation": {"angle": 0, "axis": "x", "origin": [7.61725, 18.40867, 8.0659]},
			"faces": {
				"north": {"uv": [8, 14, 10, 16], "texture": "#0"},
				"east": {"uv": [8, 14, 10, 16], "texture": "#0"},
				"south": {"uv": [8, 14, 10, 16], "texture": "#0"},
				"west": {"uv": [8, 14, 10, 16], "texture": "#0"},
				"up": {"uv": [8, 14, 10, 16], "texture": "#0"},
				"down": {"uv": [8, 14, 10, 16], "texture": "#0"}
			}
		},
		{
			"name": "bass_5",
			"from": [7.98275, 15.95545, 6.82145],
			"to": [8.35775, 16.33045, 7.44645],
			"rotation": {"angle": 0, "axis": "x", "origin": [7.61725, 18.28067, 8.0649]},
			"faces": {
				"north": {"uv": [8, 14, 10, 16], "texture": "#0"},
				"east": {"uv": [8, 14, 10, 16], "texture": "#0"},
				"south": {"uv": [8, 14, 10, 16], "texture": "#0"},
				"west": {"uv": [8, 14, 10, 16], "texture": "#0"},
				"up": {"uv": [8, 14, 10, 16], "texture": "#0"},
				"down": {"uv": [8, 14, 10, 16], "texture": "#0"}
			}
		},
		{
			"name": "bass_6",
			"from": [9.0037, 15.36345, 8.3344],
			"to": [9.6287, 15.73845, 8.7094],
			"rotation": {"angle": 0, "axis": "x", "origin": [8.38525, 17.68867, 7.9689]},
			"faces": {
				"north": {"uv": [8, 14, 10, 16], "texture": "#0"},
				"east": {"uv": [8, 14, 10, 16], "texture": "#0"},
				"south": {"uv": [8, 14, 10, 16], "texture": "#0"},
				"west": {"uv": [8, 14, 10, 16], "texture": "#0"},
				"up": {"uv": [8, 14, 10, 16], "texture": "#0"},
				"down": {"uv": [8, 14, 10, 16], "texture": "#0"}
			}
		},
		{
			"name": "bass_4",
			"from": [8.25175, 19.95845, 8.68435],
			"to": [8.62675, 20.33345, 9.30935],
			"rotation": {"angle": -45, "axis": "z", "origin": [8.41827, 20.07651, 8.53909]},
			"faces": {
				"north": {"uv": [8, 14, 10, 16], "texture": "#0"},
				"east": {"uv": [8, 14, 10, 16], "texture": "#0"},
				"south": {"uv": [8, 14, 10, 16], "texture": "#0"},
				"west": {"uv": [8, 14, 10, 16], "texture": "#0"},
				"up": {"uv": [8, 14, 10, 16], "texture": "#0"},
				"down": {"uv": [8, 14, 10, 16], "texture": "#0"}
			}
		},
		{
			"name": "bass_5",
			"from": [6.6238, 20.30152, 6.31417],
			"to": [7.2488, 20.67652, 6.68917],
			"rotation": {"angle": 45, "axis": "x", "origin": [7.61725, 18.40867, 8.0659]},
			"faces": {
				"north": {"uv": [8, 14, 10, 16], "texture": "#0"},
				"east": {"uv": [8, 14, 10, 16], "texture": "#0"},
				"south": {"uv": [8, 14, 10, 16], "texture": "#0"},
				"west": {"uv": [8, 14, 10, 16], "texture": "#0"},
				"up": {"uv": [8, 14, 10, 16], "texture": "#0"},
				"down": {"uv": [8, 14, 10, 16], "texture": "#0"}
			}
		},
		{
			"name": "bass_6",
			"from": [8.99398, 20.30152, 6.44745],
			"to": [9.36898, 20.67652, 7.07245],
			"rotation": {"angle": 45, "axis": "z", "origin": [7.61725, 18.40867, 7.4409]},
			"faces": {
				"north": {"uv": [8, 14, 10, 16], "texture": "#0"},
				"east": {"uv": [8, 14, 10, 16], "texture": "#0"},
				"south": {"uv": [8, 14, 10, 16], "texture": "#0"},
				"west": {"uv": [8, 14, 10, 16], "texture": "#0"},
				"up": {"uv": [8, 14, 10, 16], "texture": "#0"},
				"down": {"uv": [8, 14, 10, 16], "texture": "#0"}
			}
		},
		{
			"name": "bass_7",
			"from": [8.7537, 19.58152, 9.34563],
			"to": [9.3787, 19.95652, 9.72063],
			"rotation": {"angle": -45, "axis": "x", "origin": [8.38525, 17.68867, 7.9689]},
			"faces": {
				"north": {"uv": [8, 14, 10, 16], "texture": "#0"},
				"east": {"uv": [8, 14, 10, 16], "texture": "#0"},
				"south": {"uv": [8, 14, 10, 16], "texture": "#0"},
				"west": {"uv": [8, 14, 10, 16], "texture": "#0"},
				"up": {"uv": [8, 14, 10, 16], "texture": "#0"},
				"down": {"uv": [8, 14, 10, 16], "texture": "#0"}
			}
		},
		{
			"name": "bass_4",
			"from": [8.19275, 16.63245, 8.53435],
			"to": [8.56775, 17.00745, 9.15935],
			"rotation": {"angle": 22.5, "axis": "x", "origin": [8.36508, 16.75041, 8.53337]},
			"faces": {
				"north": {"uv": [8, 14, 10, 16], "texture": "#0"},
				"east": {"uv": [8, 14, 10, 16], "texture": "#0"},
				"south": {"uv": [8, 14, 10, 16], "texture": "#0"},
				"west": {"uv": [8, 14, 10, 16], "texture": "#0"},
				"up": {"uv": [8, 14, 10, 16], "texture": "#0"},
				"down": {"uv": [8, 14, 10, 16], "texture": "#0"}
			}
		},
		{
			"name": "bass_5",
			"from": [6.49062, 17.65029, 8.1414],
			"to": [7.11562, 18.02529, 8.5164],
			"rotation": {"angle": 22.5, "axis": "z", "origin": [7.61725, 18.40867, 8.0659]},
			"faces": {
				"north": {"uv": [8, 14, 10, 16], "texture": "#0"},
				"east": {"uv": [8, 14, 10, 16], "texture": "#0"},
				"south": {"uv": [8, 14, 10, 16], "texture": "#0"},
				"west": {"uv": [8, 14, 10, 16], "texture": "#0"},
				"up": {"uv": [8, 14, 10, 16], "texture": "#0"},
				"down": {"uv": [8, 14, 10, 16], "texture": "#0"}
			}
		},
		{
			"name": "bass_6",
			"from": [7.16675, 17.65029, 6.31427],
			"to": [7.54175, 18.02529, 6.93927],
			"rotation": {"angle": -22.5, "axis": "x", "origin": [7.61725, 18.40867, 7.4409]},
			"faces": {
				"north": {"uv": [8, 14, 10, 16], "texture": "#0"},
				"east": {"uv": [8, 14, 10, 16], "texture": "#0"},
				"south": {"uv": [8, 14, 10, 16], "texture": "#0"},
				"west": {"uv": [8, 14, 10, 16], "texture": "#0"},
				"up": {"uv": [8, 14, 10, 16], "texture": "#0"},
				"down": {"uv": [8, 14, 10, 16], "texture": "#0"}
			}
		},
		{
			"name": "bass_7",
			"from": [8.88689, 16.93029, 7.5184],
			"to": [9.51189, 17.30529, 7.8934],
			"rotation": {"angle": -22.5, "axis": "z", "origin": [8.38525, 17.68867, 7.9689]},
			"faces": {
				"north": {"uv": [8, 14, 10, 16], "texture": "#0"},
				"east": {"uv": [8, 14, 10, 16], "texture": "#0"},
				"south": {"uv": [8, 14, 10, 16], "texture": "#0"},
				"west": {"uv": [8, 14, 10, 16], "texture": "#0"},
				"up": {"uv": [8, 14, 10, 16], "texture": "#0"},
				"down": {"uv": [8, 14, 10, 16], "texture": "#0"}
			}
		},
		{
			"name": "bass_4",
			"from": [8.12675, 17.83345, 8.48635],
			"to": [8.50175, 18.20845, 9.11135],
			"rotation": {"angle": 22.5, "axis": "y", "origin": [8.29633, 18.32629, 8.53624]},
			"faces": {
				"north": {"uv": [8, 14, 10, 16], "texture": "#0"},
				"east": {"uv": [8, 14, 10, 16], "texture": "#0"},
				"south": {"uv": [8, 14, 10, 16], "texture": "#0"},
				"west": {"uv": [8, 14, 10, 16], "texture": "#0"},
				"up": {"uv": [8, 14, 10, 16], "texture": "#0"},
				"down": {"uv": [8, 14, 10, 16], "texture": "#0"}
			}
		},
		{
			"name": "bass_5",
			"from": [6.77004, 18.70845, 7.97745],
			"to": [7.39504, 19.08345, 8.35245],
			"rotation": {"angle": 22.5, "axis": "y", "origin": [7.61725, 18.40867, 8.0659]},
			"faces": {
				"north": {"uv": [8, 14, 10, 16], "texture": "#0"},
				"east": {"uv": [8, 14, 10, 16], "texture": "#0"},
				"south": {"uv": [8, 14, 10, 16], "texture": "#0"},
				"west": {"uv": [8, 14, 10, 16], "texture": "#0"},
				"up": {"uv": [8, 14, 10, 16], "texture": "#0"},
				"down": {"uv": [8, 14, 10, 16], "texture": "#0"}
			}
		},
		{
			"name": "bass_6",
			"from": [7.95571, 18.95845, 6.84969],
			"to": [8.33071, 19.33345, 7.47469],
			"rotation": {"angle": 22.5, "axis": "y", "origin": [7.61725, 18.40867, 7.4409]},
			"faces": {
				"north": {"uv": [8, 14, 10, 16], "texture": "#0"},
				"east": {"uv": [8, 14, 10, 16], "texture": "#0"},
				"south": {"uv": [8, 14, 10, 16], "texture": "#0"},
				"west": {"uv": [8, 14, 10, 16], "texture": "#0"},
				"up": {"uv": [8, 14, 10, 16], "texture": "#0"},
				"down": {"uv": [8, 14, 10, 16], "texture": "#0"}
			}
		},
		{
			"name": "bass_7",
			"from": [8.60746, 17.98845, 7.93236],
			"to": [9.23246, 18.36345, 8.30736],
			"rotation": {"angle": 22.5, "axis": "y", "origin": [8.38525, 17.68867, 7.9689]},
			"faces": {
				"north": {"uv": [8, 14, 10, 16], "texture": "#0"},
				"east": {"uv": [8, 14, 10, 16], "texture": "#0"},
				"south": {"uv": [8, 14, 10, 16], "texture": "#0"},
				"west": {"uv": [8, 14, 10, 16], "texture": "#0"},
				"up": {"uv": [8, 14, 10, 16], "texture": "#0"},
				"down": {"uv": [8, 14, 10, 16], "texture": "#0"}
			}
		},
		{
			"name": "bass_4",
			"from": [7.25109, 15.0841, 9.55936],
			"to": [7.87609, 15.7091, 9.68436],
			"rotation": {"angle": 0, "axis": "x", "origin": [7.56449, 15.39573, 9.24683]},
			"faces": {
				"north": {"uv": [8, 14, 10, 16], "texture": "#0"},
				"east": {"uv": [8, 14, 10, 16], "texture": "#0"},
				"south": {"uv": [8, 14, 10, 16], "texture": "#0"},
				"west": {"uv": [8, 14, 10, 16], "texture": "#0"},
				"up": {"uv": [8, 14, 10, 16], "texture": "#0"},
				"down": {"uv": [8, 14, 10, 16], "texture": "#0"}
			}
		},
		{
			"name": "bass_5",
			"from": [6.24879, 15.9591, 7.19974],
			"to": [6.37379, 16.5841, 7.82474],
			"rotation": {"angle": 0, "axis": "x", "origin": [7.61725, 18.40867, 8.0659]},
			"faces": {
				"north": {"uv": [8, 14, 10, 16], "texture": "#0"},
				"east": {"uv": [8, 14, 10, 16], "texture": "#0"},
				"south": {"uv": [8, 14, 10, 16], "texture": "#0"},
				"west": {"uv": [8, 14, 10, 16], "texture": "#0"},
				"up": {"uv": [8, 14, 10, 16], "texture": "#0"},
				"down": {"uv": [8, 14, 10, 16], "texture": "#0"}
			}
		},
		{
			"name": "bass_6",
			"from": [7.85841, 15.8311, 6.69645],
			"to": [8.48341, 16.4561, 6.82145],
			"rotation": {"angle": 0, "axis": "x", "origin": [7.61725, 18.28067, 8.0649]},
			"faces": {
				"north": {"uv": [8, 14, 10, 16], "texture": "#0"},
				"east": {"uv": [8, 14, 10, 16], "texture": "#0"},
				"south": {"uv": [8, 14, 10, 16], "texture": "#0"},
				"west": {"uv": [8, 14, 10, 16], "texture": "#0"},
				"up": {"uv": [8, 14, 10, 16], "texture": "#0"},
				"down": {"uv": [8, 14, 10, 16], "texture": "#0"}
			}
		},
		{
			"name": "bass_7",
			"from": [9.62871, 15.2391, 8.21006],
			"to": [9.75371, 15.8641, 8.83506],
			"rotation": {"angle": 0, "axis": "x", "origin": [8.38525, 17.68867, 7.9689]},
			"faces": {
				"north": {"uv": [8, 14, 10, 16], "texture": "#0"},
				"east": {"uv": [8, 14, 10, 16], "texture": "#0"},
				"south": {"uv": [8, 14, 10, 16], "texture": "#0"},
				"west": {"uv": [8, 14, 10, 16], "texture": "#0"},
				"up": {"uv": [8, 14, 10, 16], "texture": "#0"},
				"down": {"uv": [8, 14, 10, 16], "texture": "#0"}
			}
		},
		{
			"name": "bass_5",
			"from": [8.12609, 19.8341, 9.30936],
			"to": [8.75109, 20.4591, 9.43436],
			"rotation": {"angle": -45, "axis": "z", "origin": [8.41827, 20.07651, 8.53909]},
			"faces": {
				"north": {"uv": [8, 14, 10, 16], "texture": "#0"},
				"east": {"uv": [8, 14, 10, 16], "texture": "#0"},
				"south": {"uv": [8, 14, 10, 16], "texture": "#0"},
				"west": {"uv": [8, 14, 10, 16], "texture": "#0"},
				"up": {"uv": [8, 14, 10, 16], "texture": "#0"},
				"down": {"uv": [8, 14, 10, 16], "texture": "#0"}
			}
		},
		{
			"name": "bass_6",
			"from": [6.49879, 20.17717, 6.18852],
			"to": [6.62379, 20.80217, 6.81352],
			"rotation": {"angle": 45, "axis": "x", "origin": [7.61725, 18.40867, 8.0659]},
			"faces": {
				"north": {"uv": [8, 14, 10, 16], "texture": "#0"},
				"east": {"uv": [8, 14, 10, 16], "texture": "#0"},
				"south": {"uv": [8, 14, 10, 16], "texture": "#0"},
				"west": {"uv": [8, 14, 10, 16], "texture": "#0"},
				"up": {"uv": [8, 14, 10, 16], "texture": "#0"},
				"down": {"uv": [8, 14, 10, 16], "texture": "#0"}
			}
		},
		{
			"name": "bass_7",
			"from": [8.86964, 20.17717, 6.32245],
			"to": [9.49464, 20.80217, 6.44745],
			"rotation": {"angle": 45, "axis": "z", "origin": [7.61725, 18.40867, 7.4409]},
			"faces": {
				"north": {"uv": [8, 14, 10, 16], "texture": "#0"},
				"east": {"uv": [8, 14, 10, 16], "texture": "#0"},
				"south": {"uv": [8, 14, 10, 16], "texture": "#0"},
				"west": {"uv": [8, 14, 10, 16], "texture": "#0"},
				"up": {"uv": [8, 14, 10, 16], "texture": "#0"},
				"down": {"uv": [8, 14, 10, 16], "texture": "#0"}
			}
		},
		{
			"name": "bass_8",
			"from": [9.37871, 19.45717, 9.22129],
			"to": [9.50371, 20.08217, 9.84629],
			"rotation": {"angle": -45, "axis": "x", "origin": [8.38525, 17.68867, 7.9689]},
			"faces": {
				"north": {"uv": [8, 14, 10, 16], "texture": "#0"},
				"east": {"uv": [8, 14, 10, 16], "texture": "#0"},
				"south": {"uv": [8, 14, 10, 16], "texture": "#0"},
				"west": {"uv": [8, 14, 10, 16], "texture": "#0"},
				"up": {"uv": [8, 14, 10, 16], "texture": "#0"},
				"down": {"uv": [8, 14, 10, 16], "texture": "#0"}
			}
		},
		{
			"name": "bass_5",
			"from": [8.06709, 16.5081, 9.15936],
			"to": [8.69209, 17.1331, 9.28436],
			"rotation": {"angle": 22.5, "axis": "x", "origin": [8.36508, 16.75041, 8.53337]},
			"faces": {
				"north": {"uv": [8, 14, 10, 16], "texture": "#0"},
				"east": {"uv": [8, 14, 10, 16], "texture": "#0"},
				"south": {"uv": [8, 14, 10, 16], "texture": "#0"},
				"west": {"uv": [8, 14, 10, 16], "texture": "#0"},
				"up": {"uv": [8, 14, 10, 16], "texture": "#0"},
				"down": {"uv": [8, 14, 10, 16], "texture": "#0"}
			}
		},
		{
			"name": "bass_6",
			"from": [6.36561, 17.52594, 8.01574],
			"to": [6.49061, 18.15094, 8.64074],
			"rotation": {"angle": 22.5, "axis": "z", "origin": [7.61725, 18.40867, 8.0659]},
			"faces": {
				"north": {"uv": [8, 14, 10, 16], "texture": "#0"},
				"east": {"uv": [8, 14, 10, 16], "texture": "#0"},
				"south": {"uv": [8, 14, 10, 16], "texture": "#0"},
				"west": {"uv": [8, 14, 10, 16], "texture": "#0"},
				"up": {"uv": [8, 14, 10, 16], "texture": "#0"},
				"down": {"uv": [8, 14, 10, 16], "texture": "#0"}
			}
		},
		{
			"name": "bass_7",
			"from": [7.04241, 17.52594, 6.18926],
			"to": [7.66741, 18.15094, 6.31426],
			"rotation": {"angle": -22.5, "axis": "x", "origin": [7.61725, 18.40867, 7.4409]},
			"faces": {
				"north": {"uv": [8, 14, 10, 16], "texture": "#0"},
				"east": {"uv": [8, 14, 10, 16], "texture": "#0"},
				"south": {"uv": [8, 14, 10, 16], "texture": "#0"},
				"west": {"uv": [8, 14, 10, 16], "texture": "#0"},
				"up": {"uv": [8, 14, 10, 16], "texture": "#0"},
				"down": {"uv": [8, 14, 10, 16], "texture": "#0"}
			}
		},
		{
			"name": "bass_8",
			"from": [9.51189, 16.80594, 7.39406],
			"to": [9.63689, 17.43094, 8.01906],
			"rotation": {"angle": -22.5, "axis": "z", "origin": [8.38525, 17.68867, 7.9689]},
			"faces": {
				"north": {"uv": [8, 14, 10, 16], "texture": "#0"},
				"east": {"uv": [8, 14, 10, 16], "texture": "#0"},
				"south": {"uv": [8, 14, 10, 16], "texture": "#0"},
				"west": {"uv": [8, 14, 10, 16], "texture": "#0"},
				"up": {"uv": [8, 14, 10, 16], "texture": "#0"},
				"down": {"uv": [8, 14, 10, 16], "texture": "#0"}
			}
		},
		{
			"name": "bass_5",
			"from": [8.00109, 17.7091, 9.11136],
			"to": [8.62609, 18.3341, 9.23636],
			"rotation": {"angle": 22.5, "axis": "y", "origin": [8.29633, 18.32629, 8.53624]},
			"faces": {
				"north": {"uv": [8, 14, 10, 16], "texture": "#0"},
				"east": {"uv": [8, 14, 10, 16], "texture": "#0"},
				"south": {"uv": [8, 14, 10, 16], "texture": "#0"},
				"west": {"uv": [8, 14, 10, 16], "texture": "#0"},
				"up": {"uv": [8, 14, 10, 16], "texture": "#0"},
				"down": {"uv": [8, 14, 10, 16], "texture": "#0"}
			}
		},
		{
			"name": "bass_6",
			"from": [6.64504, 18.5841, 7.85179],
			"to": [6.77004, 19.2091, 8.47679],
			"rotation": {"angle": 22.5, "axis": "y", "origin": [7.61725, 18.40867, 8.0659]},
			"faces": {
				"north": {"uv": [8, 14, 10, 16], "texture": "#0"},
				"east": {"uv": [8, 14, 10, 16], "texture": "#0"},
				"south": {"uv": [8, 14, 10, 16], "texture": "#0"},
				"west": {"uv": [8, 14, 10, 16], "texture": "#0"},
				"up": {"uv": [8, 14, 10, 16], "texture": "#0"},
				"down": {"uv": [8, 14, 10, 16], "texture": "#0"}
			}
		},
		{
			"name": "bass_7",
			"from": [7.83136, 18.8341, 6.72469],
			"to": [8.45636, 19.4591, 6.84969],
			"rotation": {"angle": 22.5, "axis": "y", "origin": [7.61725, 18.40867, 7.4409]},
			"faces": {
				"north": {"uv": [8, 14, 10, 16], "texture": "#0"},
				"east": {"uv": [8, 14, 10, 16], "texture": "#0"},
				"south": {"uv": [8, 14, 10, 16], "texture": "#0"},
				"west": {"uv": [8, 14, 10, 16], "texture": "#0"},
				"up": {"uv": [8, 14, 10, 16], "texture": "#0"},
				"down": {"uv": [8, 14, 10, 16], "texture": "#0"}
			}
		},
		{
			"name": "bass_8",
			"from": [9.23246, 17.8641, 7.80801],
			"to": [9.35746, 18.4891, 8.43301],
			"rotation": {"angle": 22.5, "axis": "y", "origin": [8.38525, 17.68867, 7.9689]},
			"faces": {
				"north": {"uv": [8, 14, 10, 16], "texture": "#0"},
				"east": {"uv": [8, 14, 10, 16], "texture": "#0"},
				"south": {"uv": [8, 14, 10, 16], "texture": "#0"},
				"west": {"uv": [8, 14, 10, 16], "texture": "#0"},
				"up": {"uv": [8, 14, 10, 16], "texture": "#0"},
				"down": {"uv": [8, 14, 10, 16], "texture": "#0"}
			}
		}
	],
	"display": {
		"thirdperson_righthand": {
			"translation": [0, 2, 0]
		},
		"thirdperson_lefthand": {
			"rotation": [-25, -43, 86],
			"translation": [-4.5, -5.25, 9.5]
		},
		"firstperson_righthand": {
			"rotation": [-4, 0, 0],
			"translation": [0.25, 2.75, 1]
		},
		"firstperson_lefthand": {
			"rotation": [157, 0, 0],
			"translation": [0, -3, 1]
		},
		"ground": {
			"rotation": [90, 0, 0],
			"translation": [0, -2.25, -3]
		},
		"gui": {
			"rotation": [0, 0, -41],
			"translation": [-1.25, -2.25, 0],
			"scale": [0.9, 0.9, 0.9]
		},
		"fixed": {
			"translation": [0, -6.75, 0],
			"scale": [2, 2, 2]
		}
	},
	"groups": [
		{
			"name": "bass",
			"origin": [8, 8, 8],
			"children": [0, 1, 2, 3, 4,
				{
					"name": "nails",
					"origin": [8, 8, 8],
					"children": [5, 6, 7, 8, 9, 10, 11, 12, 13, 14, 15, 16, 17, 18, 19, 20, 21, 22, 23, 24, 25, 26, 27, 28, 29, 30, 31, 32, 33, 34, 35, 36, 37, 38, 39, 40, 41, 42, 43, 44, 45, 46, 47, 48, 49, 50, 51, 52]
				}
			]
		}
	]
}