{
	"credit": "Made with Blockbench",
	"textures": {
		"0": "custom/baseball_bat_t",
		"particle": "custom/baseball_bat_t"
	},
	"elements": [
		{
			"name": "bass 1",
			"from": [7.375, 1.5, 7.375],
			"to": [8.625, 6.5, 8.625],
			"rotation": {"angle": 0, "axis": "y", "origin": [15.25, 14.5, 15.25]},
			"faces": {
				"north": {"uv": [4, 0, 8, 16], "texture": "#0"},
				"east": {"uv": [4, 0, 8, 16], "texture": "#0"},
				"south": {"uv": [4, 0, 8, 16], "texture": "#0"},
				"west": {"uv": [4, 0, 8, 16], "texture": "#0"},
				"up": {"uv": [4, 0, 8, 16], "texture": "#0"},
				"down": {"uv": [4, 0, 8, 16], "texture": "#0"}
			}
		},
		{
			"name": "bass 2",
			"from": [7.25, 6.5, 7.25],
			"to": [8.75, 9.5, 8.75],
			"rotation": {"angle": 0, "axis": "y", "origin": [15.25, 14.5, 15.25]},
			"faces": {
				"north": {"uv": [0, 0, 4, 16], "texture": "#0"},
				"east": {"uv": [0, 0, 4, 16], "texture": "#0"},
				"south": {"uv": [0, 0, 4, 16], "texture": "#0"},
				"west": {"uv": [0, 0, 4, 16], "texture": "#0"},
				"up": {"uv": [0, 0, 4, 16], "texture": "#0"},
				"down": {"uv": [0, 0, 4, 16], "texture": "#0"}
			}
		},
		{
			"name": "bass 2",
			"from": [7, 1, 7],
			"to": [9, 1.5, 9],
			"rotation": {"angle": 0, "axis": "y", "origin": [15.25, 14.5, 15.25]},
			"faces": {
				"north": {"uv": [0, 0, 4, 16], "texture": "#0"},
				"east": {"uv": [0, 0, 4, 16], "texture": "#0"},
				"south": {"uv": [0, 0, 4, 16], "texture": "#0"},
				"west": {"uv": [0, 0, 4, 16], "texture": "#0"},
				"up": {"uv": [0, 0, 4, 16], "texture": "#0"},
				"down": {"uv": [0, 0, 4, 16], "texture": "#0"}
			}
		},
		{
			"name": "bass 2",
			"from": [7.125, 9.5, 7.125],
			"to": [8.875, 12.5, 8.875],
			"rotation": {"angle": 0, "axis": "y", "origin": [15.25, 15.5, 15.25]},
			"faces": {
				"north": {"uv": [0, 0, 4, 16], "texture": "#0"},
				"east": {"uv": [0, 0, 4, 16], "texture": "#0"},
				"south": {"uv": [0, 0, 4, 16], "texture": "#0"},
				"west": {"uv": [0, 0, 4, 16], "texture": "#0"},
				"up": {"uv": [0, 0, 4, 16], "texture": "#0"},
				"down": {"uv": [0, 0, 4, 16], "texture": "#0"}
			}
		},
		{
			"name": "bass 3",
			"from": [7, 12.5, 7],
			"to": [9, 21.5, 9],
			"rotation": {"angle": 0, "axis": "y", "origin": [15.25, 15.5, 15.25]},
			"faces": {
				"north": {"uv": [0, 0, 4, 16], "texture": "#0"},
				"east": {"uv": [0, 0, 4, 16], "texture": "#0"},
				"south": {"uv": [0, 0, 4, 16], "texture": "#0"},
				"west": {"uv": [0, 0, 4, 16], "texture": "#0"},
				"up": {"uv": [0, 0, 4, 16], "texture": "#0"},
				"down": {"uv": [0, 0, 4, 16], "texture": "#0"}
			}
		},
		{
			"name": "bass_1",
			"from": [6.75, 18.71697, 7.39597],
			"to": [7, 21.14977, 8.59597],
			"rotation": {"angle": 0, "axis": "y", "origin": [14.375, 25.94977, 16.99597]},
			"faces": {
				"north": {"uv": [8, 10, 10, 12], "texture": "#0"},
				"east": {"uv": [8, 10, 10, 12], "texture": "#0"},
				"south": {"uv": [8, 10, 10, 12], "texture": "#0"},
				"west": {"uv": [8, 10, 10, 12], "texture": "#0"},
				"up": {"uv": [8, 10, 10, 12], "texture": "#0"},
				"down": {"uv": [8, 10, 10, 12], "texture": "#0"}
			}
		},
		{
			"name": "bass_2",
			"from": [6.75, 15.11697, 7.39597],
			"to": [7, 17.54977, 8.59597],
			"rotation": {"angle": 0, "axis": "y", "origin": [14.375, 25.94977, 16.99597]},
			"faces": {
				"north": {"uv": [8, 10, 10, 12], "texture": "#0"},
				"east": {"uv": [8, 10, 10, 12], "texture": "#0"},
				"south": {"uv": [8, 10, 10, 12], "texture": "#0"},
				"west": {"uv": [8, 10, 10, 12], "texture": "#0"},
				"up": {"uv": [8, 10, 10, 12], "texture": "#0"},
				"down": {"uv": [8, 10, 10, 12], "texture": "#0"}
			}
		},
		{
			"name": "bass_2",
			"from": [6.75, 18.53303, 8.32069],
			"to": [7, 20.96583, 9.52069],
			"rotation": {"angle": 22.5, "axis": "x", "origin": [6.875, 20.36583, 8.92069]},
			"faces": {
				"north": {"uv": [8, 10, 10, 12], "texture": "#0"},
				"east": {"uv": [8, 10, 10, 12], "texture": "#0"},
				"south": {"uv": [8, 10, 10, 12], "texture": "#0"},
				"west": {"uv": [8, 10, 10, 12], "texture": "#0"},
				"up": {"uv": [8, 10, 10, 12], "texture": "#0"},
				"down": {"uv": [8, 10, 10, 12], "texture": "#0"}
			}
		},
		{
			"name": "bass_3",
			"from": [6.75, 14.93303, 8.32069],
			"to": [7, 17.36583, 9.52069],
			"rotation": {"angle": 22.5, "axis": "x", "origin": [6.875, 20.36583, 8.92069]},
			"faces": {
				"north": {"uv": [8, 10, 10, 12], "texture": "#0"},
				"east": {"uv": [8, 10, 10, 12], "texture": "#0"},
				"south": {"uv": [8, 10, 10, 12], "texture": "#0"},
				"west": {"uv": [8, 10, 10, 12], "texture": "#0"},
				"up": {"uv": [8, 10, 10, 12], "texture": "#0"},
				"down": {"uv": [8, 10, 10, 12], "texture": "#0"}
			}
		},
		{
			"name": "bass_3",
			"from": [6.75, 18.00922, 9.10463],
			"to": [7, 20.44202, 10.30463],
			"rotation": {"angle": 45, "axis": "x", "origin": [6.875, 19.84202, 9.70463]},
			"faces": {
				"north": {"uv": [8, 10, 10, 12], "texture": "#0"},
				"east": {"uv": [8, 10, 10, 12], "texture": "#0"},
				"south": {"uv": [8, 10, 10, 12], "texture": "#0"},
				"west": {"uv": [8, 10, 10, 12], "texture": "#0"},
				"up": {"uv": [8, 10, 10, 12], "texture": "#0"},
				"down": {"uv": [8, 10, 10, 12], "texture": "#0"}
			}
		},
		{
			"name": "bass_4",
			"from": [6.75, 14.40922, 9.10463],
			"to": [7, 16.84202, 10.30463],
			"rotation": {"angle": 45, "axis": "x", "origin": [6.875, 19.84202, 9.70463]},
			"faces": {
				"north": {"uv": [8, 10, 10, 12], "texture": "#0"},
				"east": {"uv": [8, 10, 10, 12], "texture": "#0"},
				"south": {"uv": [8, 10, 10, 12], "texture": "#0"},
				"west": {"uv": [8, 10, 10, 12], "texture": "#0"},
				"up": {"uv": [8, 10, 10, 12], "texture": "#0"},
				"down": {"uv": [8, 10, 10, 12], "texture": "#0"}
			}
		},
		{
			"name": "bass_4",
			"from": [6.75, 17.53337, 8.57957],
			"to": [7, 18.73337, 11.01238],
			"rotation": {"angle": 0, "axis": "x", "origin": [6.875, 17.67101, 10.50435]},
			"faces": {
				"north": {"uv": [8, 10, 10, 12], "rotation": 90, "texture": "#0"},
				"east": {"uv": [8, 10, 10, 12], "rotation": 90, "texture": "#0"},
				"south": {"uv": [8, 10, 10, 12], "rotation": 90, "texture": "#0"},
				"west": {"uv": [8, 10, 10, 12], "rotation": 90, "texture": "#0"},
				"up": {"uv": [8, 10, 10, 12], "rotation": 90, "texture": "#0"},
				"down": {"uv": [8, 10, 10, 12], "rotation": 90, "texture": "#0"}
			}
		},
		{
			"name": "bass_5",
			"from": [6.75, 17.53337, 4.97957],
			"to": [7, 18.73337, 7.41238],
			"rotation": {"angle": 0, "axis": "x", "origin": [6.875, 17.67101, 10.50435]},
			"faces": {
				"north": {"uv": [8, 10, 10, 12], "rotation": 90, "texture": "#0"},
				"east": {"uv": [8, 10, 10, 12], "rotation": 90, "texture": "#0"},
				"south": {"uv": [8, 10, 10, 12], "rotation": 90, "texture": "#0"},
				"west": {"uv": [8, 10, 10, 12], "rotation": 90, "texture": "#0"},
				"up": {"uv": [8, 10, 10, 12], "rotation": 90, "texture": "#0"},
				"down": {"uv": [8, 10, 10, 12], "rotation": 90, "texture": "#0"}
			}
		},
		{
			"name": "bass_4",
			"from": [6.75, 18.45809, 8.39563],
			"to": [7, 19.65809, 10.82844],
			"rotation": {"angle": -22.5, "axis": "x", "origin": [6.875, 19.05809, 10.22844]},
			"faces": {
				"north": {"uv": [8, 10, 10, 12], "rotation": 90, "texture": "#0"},
				"east": {"uv": [8, 10, 10, 12], "rotation": 90, "texture": "#0"},
				"south": {"uv": [8, 10, 10, 12], "rotation": 90, "texture": "#0"},
				"west": {"uv": [8, 10, 10, 12], "rotation": 90, "texture": "#0"},
				"up": {"uv": [8, 10, 10, 12], "rotation": 90, "texture": "#0"},
				"down": {"uv": [8, 10, 10, 12], "rotation": 90, "texture": "#0"}
			}
		},
		{
			"name": "bass_5",
			"from": [6.75, 18.45809, 4.79563],
			"to": [7, 19.65809, 7.22844],
			"rotation": {"angle": -22.5, "axis": "x", "origin": [6.875, 19.05809, 10.22844]},
			"faces": {
				"north": {"uv": [8, 10, 10, 12], "rotation": 90, "texture": "#0"},
				"east": {"uv": [8, 10, 10, 12], "rotation": 90, "texture": "#0"},
				"south": {"uv": [8, 10, 10, 12], "rotation": 90, "texture": "#0"},
				"west": {"uv": [8, 10, 10, 12], "rotation": 90, "texture": "#0"},
				"up": {"uv": [8, 10, 10, 12], "rotation": 90, "texture": "#0"},
				"down": {"uv": [8, 10, 10, 12], "rotation": 90, "texture": "#0"}
			}
		},
		{
			"name": "bass_5",
			"from": [6.75, 16.67904, 8.56557],
			"to": [7, 17.87904, 10.99837],
			"rotation": {"angle": 22.5, "axis": "x", "origin": [6.875, 17.67101, 10.13647]},
			"faces": {
				"north": {"uv": [8, 10, 10, 12], "rotation": 90, "texture": "#0"},
				"east": {"uv": [8, 10, 10, 12], "rotation": 90, "texture": "#0"},
				"south": {"uv": [8, 10, 10, 12], "rotation": 90, "texture": "#0"},
				"west": {"uv": [8, 10, 10, 12], "rotation": 90, "texture": "#0"},
				"up": {"uv": [8, 10, 10, 12], "rotation": 90, "texture": "#0"},
				"down": {"uv": [8, 10, 10, 12], "rotation": 90, "texture": "#0"}
			}
		},
		{
			"name": "bass_6",
			"from": [6.75, 16.67904, 4.96557],
			"to": [7, 17.87904, 7.39837],
			"rotation": {"angle": 22.5, "axis": "x", "origin": [6.875, 17.67101, 10.13647]},
			"faces": {
				"north": {"uv": [8, 10, 10, 12], "rotation": 90, "texture": "#0"},
				"east": {"uv": [8, 10, 10, 12], "rotation": 90, "texture": "#0"},
				"south": {"uv": [8, 10, 10, 12], "rotation": 90, "texture": "#0"},
				"west": {"uv": [8, 10, 10, 12], "rotation": 90, "texture": "#0"},
				"up": {"uv": [8, 10, 10, 12], "rotation": 90, "texture": "#0"},
				"down": {"uv": [8, 10, 10, 12], "rotation": 90, "texture": "#0"}
			}
		},
		{
			"name": "bass_6",
			"from": [6.75, 15.8951, 8.22569],
			"to": [7, 17.0951, 10.6585],
			"rotation": {"angle": 45, "axis": "x", "origin": [6.875, 16.88707, 9.7966]},
			"faces": {
				"north": {"uv": [8, 10, 10, 12], "rotation": 90, "texture": "#0"},
				"east": {"uv": [8, 10, 10, 12], "rotation": 90, "texture": "#0"},
				"south": {"uv": [8, 10, 10, 12], "rotation": 90, "texture": "#0"},
				"west": {"uv": [8, 10, 10, 12], "rotation": 90, "texture": "#0"},
				"up": {"uv": [8, 10, 10, 12], "rotation": 90, "texture": "#0"},
				"down": {"uv": [8, 10, 10, 12], "rotation": 90, "texture": "#0"}
			}
		},
		{
			"name": "bass_7",
			"from": [6.75, 15.8951, 4.62569],
			"to": [7, 17.0951, 7.0585],
			"rotation": {"angle": 45, "axis": "x", "origin": [6.875, 16.88707, 9.7966]},
			"faces": {
				"north": {"uv": [8, 10, 10, 12], "rotation": 90, "texture": "#0"},
				"east": {"uv": [8, 10, 10, 12], "rotation": 90, "texture": "#0"},
				"south": {"uv": [8, 10, 10, 12], "rotation": 90, "texture": "#0"},
				"west": {"uv": [8, 10, 10, 12], "rotation": 90, "texture": "#0"},
				"up": {"uv": [8, 10, 10, 12], "rotation": 90, "texture": "#0"},
				"down": {"uv": [8, 10, 10, 12], "rotation": 90, "texture": "#0"}
			}
		},
		{
			"name": "bass_7",
			"from": [6.75, 15.43097, 8.19063],
			"to": [7, 17.86377, 9.39063],
			"rotation": {"angle": -22.5, "axis": "x", "origin": [6.875, 16.29287, 9.1826]},
			"faces": {
				"north": {"uv": [8, 10, 10, 12], "rotation": 180, "texture": "#0"},
				"east": {"uv": [8, 10, 10, 12], "rotation": 180, "texture": "#0"},
				"south": {"uv": [8, 10, 10, 12], "rotation": 180, "texture": "#0"},
				"west": {"uv": [8, 10, 10, 12], "rotation": 180, "texture": "#0"},
				"up": {"uv": [8, 10, 10, 12], "rotation": 180, "texture": "#0"},
				"down": {"uv": [8, 10, 10, 12], "rotation": 180, "texture": "#0"}
			}
		},
		{
			"name": "bass_8",
			"from": [6.75, 19.03097, 8.19063],
			"to": [7, 21.46377, 9.39063],
			"rotation": {"angle": -22.5, "axis": "x", "origin": [6.875, 16.29287, 9.1826]},
			"faces": {
				"north": {"uv": [8, 10, 10, 12], "rotation": 180, "texture": "#0"},
				"east": {"uv": [8, 10, 10, 12], "rotation": 180, "texture": "#0"},
				"south": {"uv": [8, 10, 10, 12], "rotation": 180, "texture": "#0"},
				"west": {"uv": [8, 10, 10, 12], "rotation": 180, "texture": "#0"},
				"up": {"uv": [8, 10, 10, 12], "rotation": 180, "texture": "#0"},
				"down": {"uv": [8, 10, 10, 12], "rotation": 180, "texture": "#0"}
			}
		},
		{
			"name": "bass_8",
			"from": [6.75, 21.47269, 9.13547],
			"to": [7, 21.6555, 9.43547],
			"rotation": {"angle": -22.5, "axis": "x", "origin": [6.875, 16.1846, 9.22744]},
			"faces": {
				"north": {"uv": [8, 10, 10, 12], "rotation": 180, "texture": "#0"},
				"east": {"uv": [8, 10, 10, 12], "rotation": 180, "texture": "#0"},
				"south": {"uv": [8, 10, 10, 12], "rotation": 180, "texture": "#0"},
				"west": {"uv": [8, 10, 10, 12], "rotation": 180, "texture": "#0"},
				"up": {"uv": [8, 10, 10, 12], "rotation": 180, "texture": "#0"},
				"down": {"uv": [8, 10, 10, 12], "rotation": 180, "texture": "#0"}
			}
		},
		{
			"name": "bass_9",
			"from": [6.75, 14.16699, 7.59516],
			"to": [7, 14.3498, 7.89516],
			"rotation": {"angle": -22.5, "axis": "x", "origin": [6.875, 17.24909, 6.16716]},
			"faces": {
				"north": {"uv": [8, 10, 10, 12], "texture": "#0"},
				"east": {"uv": [8, 10, 10, 12], "texture": "#0"},
				"south": {"uv": [8, 10, 10, 12], "texture": "#0"},
				"west": {"uv": [8, 10, 10, 12], "texture": "#0"},
				"up": {"uv": [8, 10, 10, 12], "texture": "#0"},
				"down": {"uv": [8, 10, 10, 12], "texture": "#0"}
			}
		},
		{
			"name": "bass_9",
			"from": [6.75, 19.31153, 9.68396],
			"to": [7, 19.49434, 9.98396],
			"rotation": {"angle": 45, "axis": "x", "origin": [6.875, 18.88969, 10.90892]},
			"faces": {
				"north": {"uv": [8, 10, 10, 12], "rotation": 180, "texture": "#0"},
				"east": {"uv": [8, 10, 10, 12], "rotation": 180, "texture": "#0"},
				"south": {"uv": [8, 10, 10, 12], "rotation": 180, "texture": "#0"},
				"west": {"uv": [8, 10, 10, 12], "rotation": 180, "texture": "#0"},
				"up": {"uv": [8, 10, 10, 12], "rotation": 180, "texture": "#0"},
				"down": {"uv": [8, 10, 10, 12], "rotation": 180, "texture": "#0"}
			}
		},
		{
			"name": "bass_10",
			"from": [6.75, 15.96832, 6.23505],
			"to": [7, 16.15113, 6.53505],
			"rotation": {"angle": 45, "axis": "x", "origin": [6.875, 17.24909, 6.16716]},
			"faces": {
				"north": {"uv": [8, 10, 10, 12], "texture": "#0"},
				"east": {"uv": [8, 10, 10, 12], "texture": "#0"},
				"south": {"uv": [8, 10, 10, 12], "texture": "#0"},
				"west": {"uv": [8, 10, 10, 12], "texture": "#0"},
				"up": {"uv": [8, 10, 10, 12], "texture": "#0"},
				"down": {"uv": [8, 10, 10, 12], "texture": "#0"}
			}
		},
		{
			"name": "bass_9",
			"from": [6.75, 21.14977, 8.29597],
			"to": [7, 21.33258, 8.59597],
			"rotation": {"angle": 0, "axis": "x", "origin": [6.875, 21.27336, 8.43419]},
			"faces": {
				"north": {"uv": [8, 10, 10, 12], "rotation": 180, "texture": "#0"},
				"east": {"uv": [8, 10, 10, 12], "rotation": 180, "texture": "#0"},
				"south": {"uv": [8, 10, 10, 12], "rotation": 180, "texture": "#0"},
				"west": {"uv": [8, 10, 10, 12], "rotation": 180, "texture": "#0"},
				"up": {"uv": [8, 10, 10, 12], "rotation": 180, "texture": "#0"},
				"down": {"uv": [8, 10, 10, 12], "rotation": 180, "texture": "#0"}
			}
		},
		{
			"name": "bass_10",
			"from": [6.75, 14.93416, 7.39597],
			"to": [7, 15.11697, 7.69597],
			"rotation": {"angle": 0, "axis": "x", "origin": [6.875, 17.24909, 6.16716]},
			"faces": {
				"north": {"uv": [8, 10, 10, 12], "texture": "#0"},
				"east": {"uv": [8, 10, 10, 12], "texture": "#0"},
				"south": {"uv": [8, 10, 10, 12], "texture": "#0"},
				"west": {"uv": [8, 10, 10, 12], "texture": "#0"},
				"up": {"uv": [8, 10, 10, 12], "texture": "#0"},
				"down": {"uv": [8, 10, 10, 12], "texture": "#0"}
			}
		},
		{
			"name": "bass_10",
			"from": [6.75, 18.70568, 10.94468],
			"to": [7, 19.00568, 11.12748],
			"rotation": {"angle": -22.5, "axis": "x", "origin": [6.875, 18.88969, 10.90892]},
			"faces": {
				"north": {"uv": [8, 10, 10, 12], "rotation": 270, "texture": "#0"},
				"east": {"uv": [8, 10, 10, 12], "rotation": 270, "texture": "#0"},
				"south": {"uv": [8, 10, 10, 12], "rotation": 270, "texture": "#0"},
				"west": {"uv": [8, 10, 10, 12], "rotation": 270, "texture": "#0"},
				"up": {"uv": [8, 10, 10, 12], "rotation": 270, "texture": "#0"},
				"down": {"uv": [8, 10, 10, 12], "rotation": 270, "texture": "#0"}
			}
		},
		{
			"name": "bass_11",
			"from": [6.75, 17.6662, 4.99595],
			"to": [7, 17.9662, 5.17876],
			"rotation": {"angle": -22.5, "axis": "x", "origin": [6.875, 17.24909, 6.16716]},
			"faces": {
				"north": {"uv": [8, 10, 10, 12], "rotation": 90, "texture": "#0"},
				"east": {"uv": [8, 10, 10, 12], "rotation": 90, "texture": "#0"},
				"south": {"uv": [8, 10, 10, 12], "rotation": 90, "texture": "#0"},
				"west": {"uv": [8, 10, 10, 12], "rotation": 90, "texture": "#0"},
				"up": {"uv": [8, 10, 10, 12], "rotation": 90, "texture": "#0"},
				"down": {"uv": [8, 10, 10, 12], "rotation": 90, "texture": "#0"}
			}
		},
		{
			"name": "bass_11",
			"from": [6.75, 16.48739, 10.3976],
			"to": [7, 16.78739, 10.58041],
			"rotation": {"angle": 22.5, "axis": "x", "origin": [6.875, 16.06504, 10.31783]},
			"faces": {
				"north": {"uv": [8, 10, 10, 12], "rotation": 270, "texture": "#0"},
				"east": {"uv": [8, 10, 10, 12], "rotation": 270, "texture": "#0"},
				"south": {"uv": [8, 10, 10, 12], "rotation": 270, "texture": "#0"},
				"west": {"uv": [8, 10, 10, 12], "rotation": 270, "texture": "#0"},
				"up": {"uv": [8, 10, 10, 12], "rotation": 270, "texture": "#0"},
				"down": {"uv": [8, 10, 10, 12], "rotation": 270, "texture": "#0"}
			}
		},
		{
			"name": "bass_12",
			"from": [6.75, 19.06591, 4.31915],
			"to": [7, 19.36591, 4.50196],
			"rotation": {"angle": 22.5, "axis": "x", "origin": [6.875, 17.24909, 6.16716]},
			"faces": {
				"north": {"uv": [8, 10, 10, 12], "rotation": 90, "texture": "#0"},
				"east": {"uv": [8, 10, 10, 12], "rotation": 90, "texture": "#0"},
				"south": {"uv": [8, 10, 10, 12], "rotation": 90, "texture": "#0"},
				"west": {"uv": [8, 10, 10, 12], "rotation": 90, "texture": "#0"},
				"up": {"uv": [8, 10, 10, 12], "rotation": 90, "texture": "#0"},
				"down": {"uv": [8, 10, 10, 12], "rotation": 90, "texture": "#0"}
			}
		},
		{
			"name": "bass_10",
			"from": [6.75, 20.74306, 9.46424],
			"to": [7, 20.92586, 9.76424],
			"rotation": {"angle": 22.5, "axis": "x", "origin": [6.875, 20.86664, 9.60246]},
			"faces": {
				"north": {"uv": [8, 10, 10, 12], "rotation": 180, "texture": "#0"},
				"east": {"uv": [8, 10, 10, 12], "rotation": 180, "texture": "#0"},
				"south": {"uv": [8, 10, 10, 12], "rotation": 180, "texture": "#0"},
				"west": {"uv": [8, 10, 10, 12], "rotation": 180, "texture": "#0"},
				"up": {"uv": [8, 10, 10, 12], "rotation": 180, "texture": "#0"},
				"down": {"uv": [8, 10, 10, 12], "rotation": 180, "texture": "#0"}
			}
		},
		{
			"name": "bass_11",
			"from": [6.75, 15.5667, 6.91836],
			"to": [7, 15.74951, 7.21836],
			"rotation": {"angle": 22.5, "axis": "x", "origin": [6.875, 17.24909, 6.16716]},
			"faces": {
				"north": {"uv": [8, 10, 10, 12], "texture": "#0"},
				"east": {"uv": [8, 10, 10, 12], "texture": "#0"},
				"south": {"uv": [8, 10, 10, 12], "texture": "#0"},
				"west": {"uv": [8, 10, 10, 12], "texture": "#0"},
				"up": {"uv": [8, 10, 10, 12], "texture": "#0"},
				"down": {"uv": [8, 10, 10, 12], "texture": "#0"}
			}
		},
		{
			"name": "bass_11",
			"from": [6.75, 17.53337, 11.01238],
			"to": [7, 17.83337, 11.19518],
			"rotation": {"angle": 0, "axis": "x", "origin": [6.875, 18.88969, 10.90892]},
			"faces": {
				"north": {"uv": [8, 10, 10, 12], "rotation": 270, "texture": "#0"},
				"east": {"uv": [8, 10, 10, 12], "rotation": 270, "texture": "#0"},
				"south": {"uv": [8, 10, 10, 12], "rotation": 270, "texture": "#0"},
				"west": {"uv": [8, 10, 10, 12], "rotation": 270, "texture": "#0"},
				"up": {"uv": [8, 10, 10, 12], "rotation": 270, "texture": "#0"},
				"down": {"uv": [8, 10, 10, 12], "rotation": 270, "texture": "#0"}
			}
		},
		{
			"name": "bass_12",
			"from": [6.75, 18.43337, 4.79676],
			"to": [7, 18.73337, 4.97957],
			"rotation": {"angle": 0, "axis": "x", "origin": [6.875, 17.24909, 6.16716]},
			"faces": {
				"north": {"uv": [8, 10, 10, 12], "rotation": 90, "texture": "#0"},
				"east": {"uv": [8, 10, 10, 12], "rotation": 90, "texture": "#0"},
				"south": {"uv": [8, 10, 10, 12], "rotation": 90, "texture": "#0"},
				"west": {"uv": [8, 10, 10, 12], "rotation": 90, "texture": "#0"},
				"up": {"uv": [8, 10, 10, 12], "rotation": 90, "texture": "#0"},
				"down": {"uv": [8, 10, 10, 12], "rotation": 90, "texture": "#0"}
			}
		},
		{
			"name": "bass_12",
			"from": [6.75, 15.28577, 10.2299],
			"to": [7, 15.58577, 10.41271],
			"rotation": {"angle": 45, "axis": "x", "origin": [6.875, 16.06504, 10.31783]},
			"faces": {
				"north": {"uv": [8, 10, 10, 12], "rotation": 270, "texture": "#0"},
				"east": {"uv": [8, 10, 10, 12], "rotation": 270, "texture": "#0"},
				"south": {"uv": [8, 10, 10, 12], "rotation": 270, "texture": "#0"},
				"west": {"uv": [8, 10, 10, 12], "rotation": 270, "texture": "#0"},
				"up": {"uv": [8, 10, 10, 12], "rotation": 270, "texture": "#0"},
				"down": {"uv": [8, 10, 10, 12], "rotation": 270, "texture": "#0"}
			}
		},
		{
			"name": "bass_13",
			"from": [6.75, 19.46753, 3.63583],
			"to": [7, 19.76753, 3.81864],
			"rotation": {"angle": 45, "axis": "x", "origin": [6.875, 17.24909, 6.16716]},
			"faces": {
				"north": {"uv": [8, 10, 10, 12], "rotation": 90, "texture": "#0"},
				"east": {"uv": [8, 10, 10, 12], "rotation": 90, "texture": "#0"},
				"south": {"uv": [8, 10, 10, 12], "rotation": 90, "texture": "#0"},
				"west": {"uv": [8, 10, 10, 12], "rotation": 90, "texture": "#0"},
				"up": {"uv": [8, 10, 10, 12], "rotation": 90, "texture": "#0"},
				"down": {"uv": [8, 10, 10, 12], "rotation": 90, "texture": "#0"}
			}
		},
		{
			"name": "bass_9",
			"from": [6.75, 21.13586, 7.02602],
			"to": [7, 21.31866, 7.32602],
			"rotation": {"angle": 0, "axis": "x", "origin": [6.875, 21.22726, 7.17602]},
			"faces": {
				"north": {"uv": [8, 10, 10, 12], "rotation": 180, "texture": "#0"},
				"east": {"uv": [8, 10, 10, 12], "rotation": 180, "texture": "#0"},
				"south": {"uv": [8, 10, 10, 12], "rotation": 180, "texture": "#0"},
				"west": {"uv": [8, 10, 10, 12], "rotation": 180, "texture": "#0"},
				"up": {"uv": [8, 10, 10, 12], "rotation": 180, "texture": "#0"},
				"down": {"uv": [8, 10, 10, 12], "rotation": 180, "texture": "#0"}
			}
		},
		{
			"name": "bass_10",
			"from": [6.75, 14.94807, 8.66593],
			"to": [7, 15.13088, 8.96593],
			"rotation": {"angle": 0, "axis": "x", "origin": [6.875, 17.24909, 6.16716]},
			"faces": {
				"north": {"uv": [8, 10, 10, 12], "texture": "#0"},
				"east": {"uv": [8, 10, 10, 12], "texture": "#0"},
				"south": {"uv": [8, 10, 10, 12], "texture": "#0"},
				"west": {"uv": [8, 10, 10, 12], "texture": "#0"},
				"up": {"uv": [8, 10, 10, 12], "texture": "#0"},
				"down": {"uv": [8, 10, 10, 12], "texture": "#0"}
			}
		},
		{
			"name": "bass_10",
			"from": [6.75, 19.97563, 10.93076],
			"to": [7, 20.27563, 11.11357],
			"rotation": {"angle": -22.5, "axis": "x", "origin": [6.875, 18.88969, 10.90892]},
			"faces": {
				"north": {"uv": [8, 10, 10, 12], "rotation": 270, "texture": "#0"},
				"east": {"uv": [8, 10, 10, 12], "rotation": 270, "texture": "#0"},
				"south": {"uv": [8, 10, 10, 12], "rotation": 270, "texture": "#0"},
				"west": {"uv": [8, 10, 10, 12], "rotation": 270, "texture": "#0"},
				"up": {"uv": [8, 10, 10, 12], "rotation": 270, "texture": "#0"},
				"down": {"uv": [8, 10, 10, 12], "rotation": 270, "texture": "#0"}
			}
		},
		{
			"name": "bass_11",
			"from": [6.75, 16.39624, 5.00987],
			"to": [7, 16.69624, 5.19267],
			"rotation": {"angle": -22.5, "axis": "x", "origin": [6.875, 17.24909, 6.16716]},
			"faces": {
				"north": {"uv": [8, 10, 10, 12], "rotation": 90, "texture": "#0"},
				"east": {"uv": [8, 10, 10, 12], "rotation": 90, "texture": "#0"},
				"south": {"uv": [8, 10, 10, 12], "rotation": 90, "texture": "#0"},
				"west": {"uv": [8, 10, 10, 12], "rotation": 90, "texture": "#0"},
				"up": {"uv": [8, 10, 10, 12], "rotation": 90, "texture": "#0"},
				"down": {"uv": [8, 10, 10, 12], "rotation": 90, "texture": "#0"}
			}
		},
		{
			"name": "bass_10",
			"from": [6.75, 21.20718, 8.26099],
			"to": [7, 21.38998, 8.56099],
			"rotation": {"angle": 22.5, "axis": "x", "origin": [6.875, 21.27336, 8.43419]},
			"faces": {
				"north": {"uv": [8, 10, 10, 12], "rotation": 180, "texture": "#0"},
				"east": {"uv": [8, 10, 10, 12], "rotation": 180, "texture": "#0"},
				"south": {"uv": [8, 10, 10, 12], "rotation": 180, "texture": "#0"},
				"west": {"uv": [8, 10, 10, 12], "rotation": 180, "texture": "#0"},
				"up": {"uv": [8, 10, 10, 12], "rotation": 180, "texture": "#0"},
				"down": {"uv": [8, 10, 10, 12], "rotation": 180, "texture": "#0"}
			}
		},
		{
			"name": "bass_11",
			"from": [6.75, 15.58062, 8.18832],
			"to": [7, 15.76342, 8.48832],
			"rotation": {"angle": 22.5, "axis": "x", "origin": [6.875, 17.24909, 6.16716]},
			"faces": {
				"north": {"uv": [8, 10, 10, 12], "texture": "#0"},
				"east": {"uv": [8, 10, 10, 12], "texture": "#0"},
				"south": {"uv": [8, 10, 10, 12], "texture": "#0"},
				"west": {"uv": [8, 10, 10, 12], "texture": "#0"},
				"up": {"uv": [8, 10, 10, 12], "texture": "#0"},
				"down": {"uv": [8, 10, 10, 12], "texture": "#0"}
			}
		},
		{
			"name": "bass_11",
			"from": [6.75, 18.80333, 10.99846],
			"to": [7, 19.10333, 11.18127],
			"rotation": {"angle": 0, "axis": "x", "origin": [6.875, 18.88969, 10.90892]},
			"faces": {
				"north": {"uv": [8, 10, 10, 12], "rotation": 270, "texture": "#0"},
				"east": {"uv": [8, 10, 10, 12], "rotation": 270, "texture": "#0"},
				"south": {"uv": [8, 10, 10, 12], "rotation": 270, "texture": "#0"},
				"west": {"uv": [8, 10, 10, 12], "rotation": 270, "texture": "#0"},
				"up": {"uv": [8, 10, 10, 12], "rotation": 270, "texture": "#0"},
				"down": {"uv": [8, 10, 10, 12], "rotation": 270, "texture": "#0"}
			}
		},
		{
			"name": "bass_12",
			"from": [6.75, 17.16341, 4.81068],
			"to": [7, 17.46341, 4.99348],
			"rotation": {"angle": 0, "axis": "x", "origin": [6.875, 17.24909, 6.16716]},
			"faces": {
				"north": {"uv": [8, 10, 10, 12], "rotation": 90, "texture": "#0"},
				"east": {"uv": [8, 10, 10, 12], "rotation": 90, "texture": "#0"},
				"south": {"uv": [8, 10, 10, 12], "rotation": 90, "texture": "#0"},
				"west": {"uv": [8, 10, 10, 12], "rotation": 90, "texture": "#0"},
				"up": {"uv": [8, 10, 10, 12], "rotation": 90, "texture": "#0"},
				"down": {"uv": [8, 10, 10, 12], "rotation": 90, "texture": "#0"}
			}
		},
		{
			"name": "bass_12",
			"from": [6.75, 16.55573, 10.21599],
			"to": [7, 16.85573, 10.39879],
			"rotation": {"angle": 45, "axis": "x", "origin": [6.875, 16.06504, 10.31783]},
			"faces": {
				"north": {"uv": [8, 10, 10, 12], "rotation": 270, "texture": "#0"},
				"east": {"uv": [8, 10, 10, 12], "rotation": 270, "texture": "#0"},
				"south": {"uv": [8, 10, 10, 12], "rotation": 270, "texture": "#0"},
				"west": {"uv": [8, 10, 10, 12], "rotation": 270, "texture": "#0"},
				"up": {"uv": [8, 10, 10, 12], "rotation": 270, "texture": "#0"},
				"down": {"uv": [8, 10, 10, 12], "rotation": 270, "texture": "#0"}
			}
		},
		{
			"name": "bass_13",
			"from": [6.75, 18.19758, 3.64975],
			"to": [7, 18.49758, 3.83256],
			"rotation": {"angle": 45, "axis": "x", "origin": [6.875, 17.24909, 6.16716]},
			"faces": {
				"north": {"uv": [8, 10, 10, 12], "rotation": 90, "texture": "#0"},
				"east": {"uv": [8, 10, 10, 12], "rotation": 90, "texture": "#0"},
				"south": {"uv": [8, 10, 10, 12], "rotation": 90, "texture": "#0"},
				"west": {"uv": [8, 10, 10, 12], "rotation": 90, "texture": "#0"},
				"up": {"uv": [8, 10, 10, 12], "rotation": 90, "texture": "#0"},
				"down": {"uv": [8, 10, 10, 12], "rotation": 90, "texture": "#0"}
			}
		},
		{
			"name": "bass_11",
			"from": [6.75, 20.80046, 9.42926],
			"to": [7, 20.98327, 9.72926],
			"rotation": {"angle": 45, "axis": "x", "origin": [6.875, 20.86664, 9.60246]},
			"faces": {
				"north": {"uv": [8, 10, 10, 12], "rotation": 180, "texture": "#0"},
				"east": {"uv": [8, 10, 10, 12], "rotation": 180, "texture": "#0"},
				"south": {"uv": [8, 10, 10, 12], "rotation": 180, "texture": "#0"},
				"west": {"uv": [8, 10, 10, 12], "rotation": 180, "texture": "#0"},
				"up": {"uv": [8, 10, 10, 12], "rotation": 180, "texture": "#0"},
				"down": {"uv": [8, 10, 10, 12], "rotation": 180, "texture": "#0"}
			}
		},
		{
			"name": "bass_12",
			"from": [6.75, 15.98224, 7.505],
			"to": [7, 16.16504, 7.805],
			"rotation": {"angle": 45, "axis": "x", "origin": [6.875, 17.24909, 6.16716]},
			"faces": {
				"north": {"uv": [8, 10, 10, 12], "texture": "#0"},
				"east": {"uv": [8, 10, 10, 12], "texture": "#0"},
				"south": {"uv": [8, 10, 10, 12], "texture": "#0"},
				"west": {"uv": [8, 10, 10, 12], "texture": "#0"},
				"up": {"uv": [8, 10, 10, 12], "texture": "#0"},
				"down": {"uv": [8, 10, 10, 12], "texture": "#0"}
			}
		},
		{
			"name": "bass_12",
			"from": [6.75, 17.74616, 11.50963],
			"to": [7, 18.04616, 11.69244],
			"rotation": {"angle": 22.5, "axis": "x", "origin": [6.875, 18.88969, 10.90892]},
			"faces": {
				"north": {"uv": [8, 10, 10, 12], "rotation": 270, "texture": "#0"},
				"east": {"uv": [8, 10, 10, 12], "rotation": 270, "texture": "#0"},
				"south": {"uv": [8, 10, 10, 12], "rotation": 270, "texture": "#0"},
				"west": {"uv": [8, 10, 10, 12], "rotation": 270, "texture": "#0"},
				"up": {"uv": [8, 10, 10, 12], "rotation": 270, "texture": "#0"},
				"down": {"uv": [8, 10, 10, 12], "rotation": 270, "texture": "#0"}
			}
		},
		{
			"name": "bass_13",
			"from": [6.75, 17.79596, 4.33307],
			"to": [7, 18.09596, 4.51587],
			"rotation": {"angle": 22.5, "axis": "x", "origin": [6.875, 17.24909, 6.16716]},
			"faces": {
				"north": {"uv": [8, 10, 10, 12], "rotation": 90, "texture": "#0"},
				"east": {"uv": [8, 10, 10, 12], "rotation": 90, "texture": "#0"},
				"south": {"uv": [8, 10, 10, 12], "rotation": 90, "texture": "#0"},
				"west": {"uv": [8, 10, 10, 12], "rotation": 90, "texture": "#0"},
				"up": {"uv": [8, 10, 10, 12], "rotation": 90, "texture": "#0"},
				"down": {"uv": [8, 10, 10, 12], "rotation": 90, "texture": "#0"}
			}
		},
		{
			"name": "bass_13",
			"from": [6.75, 15.67917, 9.63419],
			"to": [7, 15.86197, 9.93419],
			"rotation": {"angle": -22.5, "axis": "x", "origin": [6.875, 16.06504, 10.31783]},
			"faces": {
				"north": {"uv": [8, 10, 10, 12], "texture": "#0"},
				"east": {"uv": [8, 10, 10, 12], "texture": "#0"},
				"south": {"uv": [8, 10, 10, 12], "texture": "#0"},
				"west": {"uv": [8, 10, 10, 12], "texture": "#0"},
				"up": {"uv": [8, 10, 10, 12], "texture": "#0"},
				"down": {"uv": [8, 10, 10, 12], "texture": "#0"}
			}
		},
		{
			"name": "bass_14",
			"from": [6.75, 20.36869, 7.22521],
			"to": [7, 20.5515, 7.52521],
			"rotation": {"angle": -22.5, "axis": "x", "origin": [6.875, 17.24909, 6.16716]},
			"faces": {
				"north": {"uv": [8, 10, 10, 12], "rotation": 180, "texture": "#0"},
				"east": {"uv": [8, 10, 10, 12], "rotation": 180, "texture": "#0"},
				"south": {"uv": [8, 10, 10, 12], "rotation": 180, "texture": "#0"},
				"west": {"uv": [8, 10, 10, 12], "rotation": 180, "texture": "#0"},
				"up": {"uv": [8, 10, 10, 12], "rotation": 180, "texture": "#0"},
				"down": {"uv": [8, 10, 10, 12], "rotation": 180, "texture": "#0"}
			}
		},
		{
			"name": "bass_2",
			"from": [9, 18.71697, 7.39597],
			"to": [9.25, 21.14977, 8.59597],
			"rotation": {"angle": 0, "axis": "y", "origin": [16.625, 25.94977, 16.99597]},
			"faces": {
				"north": {"uv": [8, 10, 10, 12], "texture": "#0"},
				"east": {"uv": [8, 10, 10, 12], "texture": "#0"},
				"south": {"uv": [8, 10, 10, 12], "texture": "#0"},
				"west": {"uv": [8, 10, 10, 12], "texture": "#0"},
				"up": {"uv": [8, 10, 10, 12], "texture": "#0"},
				"down": {"uv": [8, 10, 10, 12], "texture": "#0"}
			}
		},
		{
			"name": "bass_3",
			"from": [9, 15.11697, 7.39597],
			"to": [9.25, 17.54977, 8.59597],
			"rotation": {"angle": 0, "axis": "y", "origin": [16.625, 25.94977, 16.99597]},
			"faces": {
				"north": {"uv": [8, 10, 10, 12], "texture": "#0"},
				"east": {"uv": [8, 10, 10, 12], "texture": "#0"},
				"south": {"uv": [8, 10, 10, 12], "texture": "#0"},
				"west": {"uv": [8, 10, 10, 12], "texture": "#0"},
				"up": {"uv": [8, 10, 10, 12], "texture": "#0"},
				"down": {"uv": [8, 10, 10, 12], "texture": "#0"}
			}
		},
		{
			"name": "bass_3",
			"from": [9, 18.53303, 8.32069],
			"to": [9.25, 20.96583, 9.52069],
			"rotation": {"angle": 22.5, "axis": "x", "origin": [9.125, 20.36583, 8.92069]},
			"faces": {
				"north": {"uv": [8, 10, 10, 12], "texture": "#0"},
				"east": {"uv": [8, 10, 10, 12], "texture": "#0"},
				"south": {"uv": [8, 10, 10, 12], "texture": "#0"},
				"west": {"uv": [8, 10, 10, 12], "texture": "#0"},
				"up": {"uv": [8, 10, 10, 12], "texture": "#0"},
				"down": {"uv": [8, 10, 10, 12], "texture": "#0"}
			}
		},
		{
			"name": "bass_4",
			"from": [9, 14.93303, 8.32069],
			"to": [9.25, 17.36583, 9.52069],
			"rotation": {"angle": 22.5, "axis": "x", "origin": [9.125, 20.36583, 8.92069]},
			"faces": {
				"north": {"uv": [8, 10, 10, 12], "texture": "#0"},
				"east": {"uv": [8, 10, 10, 12], "texture": "#0"},
				"south": {"uv": [8, 10, 10, 12], "texture": "#0"},
				"west": {"uv": [8, 10, 10, 12], "texture": "#0"},
				"up": {"uv": [8, 10, 10, 12], "texture": "#0"},
				"down": {"uv": [8, 10, 10, 12], "texture": "#0"}
			}
		},
		{
			"name": "bass_4",
			"from": [9, 18.00922, 9.10463],
			"to": [9.25, 20.44202, 10.30463],
			"rotation": {"angle": 45, "axis": "x", "origin": [9.125, 19.84202, 9.70463]},
			"faces": {
				"north": {"uv": [8, 10, 10, 12], "texture": "#0"},
				"east": {"uv": [8, 10, 10, 12], "texture": "#0"},
				"south": {"uv": [8, 10, 10, 12], "texture": "#0"},
				"west": {"uv": [8, 10, 10, 12], "texture": "#0"},
				"up": {"uv": [8, 10, 10, 12], "texture": "#0"},
				"down": {"uv": [8, 10, 10, 12], "texture": "#0"}
			}
		},
		{
			"name": "bass_5",
			"from": [9, 14.40922, 9.10463],
			"to": [9.25, 16.84202, 10.30463],
			"rotation": {"angle": 45, "axis": "x", "origin": [9.125, 19.84202, 9.70463]},
			"faces": {
				"north": {"uv": [8, 10, 10, 12], "texture": "#0"},
				"east": {"uv": [8, 10, 10, 12], "texture": "#0"},
				"south": {"uv": [8, 10, 10, 12], "texture": "#0"},
				"west": {"uv": [8, 10, 10, 12], "texture": "#0"},
				"up": {"uv": [8, 10, 10, 12], "texture": "#0"},
				"down": {"uv": [8, 10, 10, 12], "texture": "#0"}
			}
		},
		{
			"name": "bass_5",
			"from": [9, 17.53337, 8.57957],
			"to": [9.25, 18.73337, 11.01238],
			"rotation": {"angle": 0, "axis": "x", "origin": [9.125, 17.67101, 10.50435]},
			"faces": {
				"north": {"uv": [8, 10, 10, 12], "rotation": 90, "texture": "#0"},
				"east": {"uv": [8, 10, 10, 12], "rotation": 90, "texture": "#0"},
				"south": {"uv": [8, 10, 10, 12], "rotation": 90, "texture": "#0"},
				"west": {"uv": [8, 10, 10, 12], "rotation": 90, "texture": "#0"},
				"up": {"uv": [8, 10, 10, 12], "rotation": 90, "texture": "#0"},
				"down": {"uv": [8, 10, 10, 12], "rotation": 90, "texture": "#0"}
			}
		},
		{
			"name": "bass_6",
			"from": [9, 17.53337, 4.97957],
			"to": [9.25, 18.73337, 7.41238],
			"rotation": {"angle": 0, "axis": "x", "origin": [9.125, 17.67101, 10.50435]},
			"faces": {
				"north": {"uv": [8, 10, 10, 12], "rotation": 90, "texture": "#0"},
				"east": {"uv": [8, 10, 10, 12], "rotation": 90, "texture": "#0"},
				"south": {"uv": [8, 10, 10, 12], "rotation": 90, "texture": "#0"},
				"west": {"uv": [8, 10, 10, 12], "rotation": 90, "texture": "#0"},
				"up": {"uv": [8, 10, 10, 12], "rotation": 90, "texture": "#0"},
				"down": {"uv": [8, 10, 10, 12], "rotation": 90, "texture": "#0"}
			}
		},
		{
			"name": "bass_5",
			"from": [9, 18.45809, 8.39563],
			"to": [9.25, 19.65809, 10.82844],
			"rotation": {"angle": -22.5, "axis": "x", "origin": [9.125, 19.05809, 10.22844]},
			"faces": {
				"north": {"uv": [8, 10, 10, 12], "rotation": 90, "texture": "#0"},
				"east": {"uv": [8, 10, 10, 12], "rotation": 90, "texture": "#0"},
				"south": {"uv": [8, 10, 10, 12], "rotation": 90, "texture": "#0"},
				"west": {"uv": [8, 10, 10, 12], "rotation": 90, "texture": "#0"},
				"up": {"uv": [8, 10, 10, 12], "rotation": 90, "texture": "#0"},
				"down": {"uv": [8, 10, 10, 12], "rotation": 90, "texture": "#0"}
			}
		},
		{
			"name": "bass_6",
			"from": [9, 18.45809, 4.79563],
			"to": [9.25, 19.65809, 7.22844],
			"rotation": {"angle": -22.5, "axis": "x", "origin": [9.125, 19.05809, 10.22844]},
			"faces": {
				"north": {"uv": [8, 10, 10, 12], "rotation": 90, "texture": "#0"},
				"east": {"uv": [8, 10, 10, 12], "rotation": 90, "texture": "#0"},
				"south": {"uv": [8, 10, 10, 12], "rotation": 90, "texture": "#0"},
				"west": {"uv": [8, 10, 10, 12], "rotation": 90, "texture": "#0"},
				"up": {"uv": [8, 10, 10, 12], "rotation": 90, "texture": "#0"},
				"down": {"uv": [8, 10, 10, 12], "rotation": 90, "texture": "#0"}
			}
		},
		{
			"name": "bass_6",
			"from": [9, 16.67904, 8.56557],
			"to": [9.25, 17.87904, 10.99837],
			"rotation": {"angle": 22.5, "axis": "x", "origin": [9.125, 17.67101, 10.13647]},
			"faces": {
				"north": {"uv": [8, 10, 10, 12], "rotation": 90, "texture": "#0"},
				"east": {"uv": [8, 10, 10, 12], "rotation": 90, "texture": "#0"},
				"south": {"uv": [8, 10, 10, 12], "rotation": 90, "texture": "#0"},
				"west": {"uv": [8, 10, 10, 12], "rotation": 90, "texture": "#0"},
				"up": {"uv": [8, 10, 10, 12], "rotation": 90, "texture": "#0"},
				"down": {"uv": [8, 10, 10, 12], "rotation": 90, "texture": "#0"}
			}
		},
		{
			"name": "bass_7",
			"from": [9, 16.67904, 4.96557],
			"to": [9.25, 17.87904, 7.39837],
			"rotation": {"angle": 22.5, "axis": "x", "origin": [9.125, 17.67101, 10.13647]},
			"faces": {
				"north": {"uv": [8, 10, 10, 12], "rotation": 90, "texture": "#0"},
				"east": {"uv": [8, 10, 10, 12], "rotation": 90, "texture": "#0"},
				"south": {"uv": [8, 10, 10, 12], "rotation": 90, "texture": "#0"},
				"west": {"uv": [8, 10, 10, 12], "rotation": 90, "texture": "#0"},
				"up": {"uv": [8, 10, 10, 12], "rotation": 90, "texture": "#0"},
				"down": {"uv": [8, 10, 10, 12], "rotation": 90, "texture": "#0"}
			}
		},
		{
			"name": "bass_7",
			"from": [9, 15.8951, 8.22569],
			"to": [9.25, 17.0951, 10.6585],
			"rotation": {"angle": 45, "axis": "x", "origin": [9.125, 16.88707, 9.7966]},
			"faces": {
				"north": {"uv": [8, 10, 10, 12], "rotation": 90, "texture": "#0"},
				"east": {"uv": [8, 10, 10, 12], "rotation": 90, "texture": "#0"},
				"south": {"uv": [8, 10, 10, 12], "rotation": 90, "texture": "#0"},
				"west": {"uv": [8, 10, 10, 12], "rotation": 90, "texture": "#0"},
				"up": {"uv": [8, 10, 10, 12], "rotation": 90, "texture": "#0"},
				"down": {"uv": [8, 10, 10, 12], "rotation": 90, "texture": "#0"}
			}
		},
		{
			"name": "bass_8",
			"from": [9, 15.8951, 4.62569],
			"to": [9.25, 17.0951, 7.0585],
			"rotation": {"angle": 45, "axis": "x", "origin": [9.125, 16.88707, 9.7966]},
			"faces": {
				"north": {"uv": [8, 10, 10, 12], "rotation": 90, "texture": "#0"},
				"east": {"uv": [8, 10, 10, 12], "rotation": 90, "texture": "#0"},
				"south": {"uv": [8, 10, 10, 12], "rotation": 90, "texture": "#0"},
				"west": {"uv": [8, 10, 10, 12], "rotation": 90, "texture": "#0"},
				"up": {"uv": [8, 10, 10, 12], "rotation": 90, "texture": "#0"},
				"down": {"uv": [8, 10, 10, 12], "rotation": 90, "texture": "#0"}
			}
		},
		{
			"name": "bass_8",
			"from": [9, 15.43097, 8.19063],
			"to": [9.25, 17.86377, 9.39063],
			"rotation": {"angle": -22.5, "axis": "x", "origin": [9.125, 16.29287, 9.1826]},
			"faces": {
				"north": {"uv": [8, 10, 10, 12], "rotation": 180, "texture": "#0"},
				"east": {"uv": [8, 10, 10, 12], "rotation": 180, "texture": "#0"},
				"south": {"uv": [8, 10, 10, 12], "rotation": 180, "texture": "#0"},
				"west": {"uv": [8, 10, 10, 12], "rotation": 180, "texture": "#0"},
				"up": {"uv": [8, 10, 10, 12], "rotation": 180, "texture": "#0"},
				"down": {"uv": [8, 10, 10, 12], "rotation": 180, "texture": "#0"}
			}
		},
		{
			"name": "bass_9",
			"from": [9, 19.03097, 8.19063],
			"to": [9.25, 21.46377, 9.39063],
			"rotation": {"angle": -22.5, "axis": "x", "origin": [9.125, 16.29287, 9.1826]},
			"faces": {
				"north": {"uv": [8, 10, 10, 12], "rotation": 180, "texture": "#0"},
				"east": {"uv": [8, 10, 10, 12], "rotation": 180, "texture": "#0"},
				"south": {"uv": [8, 10, 10, 12], "rotation": 180, "texture": "#0"},
				"west": {"uv": [8, 10, 10, 12], "rotation": 180, "texture": "#0"},
				"up": {"uv": [8, 10, 10, 12], "rotation": 180, "texture": "#0"},
				"down": {"uv": [8, 10, 10, 12], "rotation": 180, "texture": "#0"}
			}
		},
		{
			"name": "bass_9",
			"from": [9, 21.47269, 9.13547],
			"to": [9.25, 21.6555, 9.43547],
			"rotation": {"angle": -22.5, "axis": "x", "origin": [9.125, 16.1846, 9.22744]},
			"faces": {
				"north": {"uv": [8, 10, 10, 12], "rotation": 180, "texture": "#0"},
				"east": {"uv": [8, 10, 10, 12], "rotation": 180, "texture": "#0"},
				"south": {"uv": [8, 10, 10, 12], "rotation": 180, "texture": "#0"},
				"west": {"uv": [8, 10, 10, 12], "rotation": 180, "texture": "#0"},
				"up": {"uv": [8, 10, 10, 12], "rotation": 180, "texture": "#0"},
				"down": {"uv": [8, 10, 10, 12], "rotation": 180, "texture": "#0"}
			}
		},
		{
			"name": "bass_10",
			"from": [9, 14.16699, 7.59516],
			"to": [9.25, 14.3498, 7.89516],
			"rotation": {"angle": -22.5, "axis": "x", "origin": [9.125, 17.24909, 6.16716]},
			"faces": {
				"north": {"uv": [8, 10, 10, 12], "texture": "#0"},
				"east": {"uv": [8, 10, 10, 12], "texture": "#0"},
				"south": {"uv": [8, 10, 10, 12], "texture": "#0"},
				"west": {"uv": [8, 10, 10, 12], "texture": "#0"},
				"up": {"uv": [8, 10, 10, 12], "texture": "#0"},
				"down": {"uv": [8, 10, 10, 12], "texture": "#0"}
			}
		},
		{
			"name": "bass_10",
			"from": [9, 19.31153, 9.68396],
			"to": [9.25, 19.49434, 9.98396],
			"rotation": {"angle": 45, "axis": "x", "origin": [9.125, 18.88969, 10.90892]},
			"faces": {
				"north": {"uv": [8, 10, 10, 12], "rotation": 180, "texture": "#0"},
				"east": {"uv": [8, 10, 10, 12], "rotation": 180, "texture": "#0"},
				"south": {"uv": [8, 10, 10, 12], "rotation": 180, "texture": "#0"},
				"west": {"uv": [8, 10, 10, 12], "rotation": 180, "texture": "#0"},
				"up": {"uv": [8, 10, 10, 12], "rotation": 180, "texture": "#0"},
				"down": {"uv": [8, 10, 10, 12], "rotation": 180, "texture": "#0"}
			}
		},
		{
			"name": "bass_11",
			"from": [9, 15.96832, 6.23505],
			"to": [9.25, 16.15113, 6.53505],
			"rotation": {"angle": 45, "axis": "x", "origin": [9.125, 17.24909, 6.16716]},
			"faces": {
				"north": {"uv": [8, 10, 10, 12], "texture": "#0"},
				"east": {"uv": [8, 10, 10, 12], "texture": "#0"},
				"south": {"uv": [8, 10, 10, 12], "texture": "#0"},
				"west": {"uv": [8, 10, 10, 12], "texture": "#0"},
				"up": {"uv": [8, 10, 10, 12], "texture": "#0"},
				"down": {"uv": [8, 10, 10, 12], "texture": "#0"}
			}
		},
		{
			"name": "bass_10",
			"from": [9, 21.14977, 8.29597],
			"to": [9.25, 21.33258, 8.59597],
			"rotation": {"angle": 0, "axis": "x", "origin": [9.125, 21.27336, 8.43419]},
			"faces": {
				"north": {"uv": [8, 10, 10, 12], "rotation": 180, "texture": "#0"},
				"east": {"uv": [8, 10, 10, 12], "rotation": 180, "texture": "#0"},
				"south": {"uv": [8, 10, 10, 12], "rotation": 180, "texture": "#0"},
				"west": {"uv": [8, 10, 10, 12], "rotation": 180, "texture": "#0"},
				"up": {"uv": [8, 10, 10, 12], "rotation": 180, "texture": "#0"},
				"down": {"uv": [8, 10, 10, 12], "rotation": 180, "texture": "#0"}
			}
		},
		{
			"name": "bass_11",
			"from": [9, 14.93416, 7.39597],
			"to": [9.25, 15.11697, 7.69597],
			"rotation": {"angle": 0, "axis": "x", "origin": [9.125, 17.24909, 6.16716]},
			"faces": {
				"north": {"uv": [8, 10, 10, 12], "texture": "#0"},
				"east": {"uv": [8, 10, 10, 12], "texture": "#0"},
				"south": {"uv": [8, 10, 10, 12], "texture": "#0"},
				"west": {"uv": [8, 10, 10, 12], "texture": "#0"},
				"up": {"uv": [8, 10, 10, 12], "texture": "#0"},
				"down": {"uv": [8, 10, 10, 12], "texture": "#0"}
			}
		},
		{
			"name": "bass_11",
			"from": [9, 18.70568, 10.94468],
			"to": [9.25, 19.00568, 11.12748],
			"rotation": {"angle": -22.5, "axis": "x", "origin": [9.125, 18.88969, 10.90892]},
			"faces": {
				"north": {"uv": [8, 10, 10, 12], "rotation": 270, "texture": "#0"},
				"east": {"uv": [8, 10, 10, 12], "rotation": 270, "texture": "#0"},
				"south": {"uv": [8, 10, 10, 12], "rotation": 270, "texture": "#0"},
				"west": {"uv": [8, 10, 10, 12], "rotation": 270, "texture": "#0"},
				"up": {"uv": [8, 10, 10, 12], "rotation": 270, "texture": "#0"},
				"down": {"uv": [8, 10, 10, 12], "rotation": 270, "texture": "#0"}
			}
		},
		{
			"name": "bass_12",
			"from": [9, 17.6662, 4.99595],
			"to": [9.25, 17.9662, 5.17876],
			"rotation": {"angle": -22.5, "axis": "x", "origin": [9.125, 17.24909, 6.16716]},
			"faces": {
				"north": {"uv": [8, 10, 10, 12], "rotation": 90, "texture": "#0"},
				"east": {"uv": [8, 10, 10, 12], "rotation": 90, "texture": "#0"},
				"south": {"uv": [8, 10, 10, 12], "rotation": 90, "texture": "#0"},
				"west": {"uv": [8, 10, 10, 12], "rotation": 90, "texture": "#0"},
				"up": {"uv": [8, 10, 10, 12], "rotation": 90, "texture": "#0"},
				"down": {"uv": [8, 10, 10, 12], "rotation": 90, "texture": "#0"}
			}
		},
		{
			"name": "bass_12",
			"from": [9, 16.48739, 10.3976],
			"to": [9.25, 16.78739, 10.58041],
			"rotation": {"angle": 22.5, "axis": "x", "origin": [9.125, 16.06504, 10.31783]},
			"faces": {
				"north": {"uv": [8, 10, 10, 12], "rotation": 270, "texture": "#0"},
				"east": {"uv": [8, 10, 10, 12], "rotation": 270, "texture": "#0"},
				"south": {"uv": [8, 10, 10, 12], "rotation": 270, "texture": "#0"},
				"west": {"uv": [8, 10, 10, 12], "rotation": 270, "texture": "#0"},
				"up": {"uv": [8, 10, 10, 12], "rotation": 270, "texture": "#0"},
				"down": {"uv": [8, 10, 10, 12], "rotation": 270, "texture": "#0"}
			}
		},
		{
			"name": "bass_13",
			"from": [9, 19.06591, 4.31915],
			"to": [9.25, 19.36591, 4.50196],
			"rotation": {"angle": 22.5, "axis": "x", "origin": [9.125, 17.24909, 6.16716]},
			"faces": {
				"north": {"uv": [8, 10, 10, 12], "rotation": 90, "texture": "#0"},
				"east": {"uv": [8, 10, 10, 12], "rotation": 90, "texture": "#0"},
				"south": {"uv": [8, 10, 10, 12], "rotation": 90, "texture": "#0"},
				"west": {"uv": [8, 10, 10, 12], "rotation": 90, "texture": "#0"},
				"up": {"uv": [8, 10, 10, 12], "rotation": 90, "texture": "#0"},
				"down": {"uv": [8, 10, 10, 12], "rotation": 90, "texture": "#0"}
			}
		},
		{
			"name": "bass_11",
			"from": [9, 20.74306, 9.46424],
			"to": [9.25, 20.92586, 9.76424],
			"rotation": {"angle": 22.5, "axis": "x", "origin": [9.125, 20.86664, 9.60246]},
			"faces": {
				"north": {"uv": [8, 10, 10, 12], "rotation": 180, "texture": "#0"},
				"east": {"uv": [8, 10, 10, 12], "rotation": 180, "texture": "#0"},
				"south": {"uv": [8, 10, 10, 12], "rotation": 180, "texture": "#0"},
				"west": {"uv": [8, 10, 10, 12], "rotation": 180, "texture": "#0"},
				"up": {"uv": [8, 10, 10, 12], "rotation": 180, "texture": "#0"},
				"down": {"uv": [8, 10, 10, 12], "rotation": 180, "texture": "#0"}
			}
		},
		{
			"name": "bass_12",
			"from": [9, 15.5667, 6.91836],
			"to": [9.25, 15.74951, 7.21836],
			"rotation": {"angle": 22.5, "axis": "x", "origin": [9.125, 17.24909, 6.16716]},
			"faces": {
				"north": {"uv": [8, 10, 10, 12], "texture": "#0"},
				"east": {"uv": [8, 10, 10, 12], "texture": "#0"},
				"south": {"uv": [8, 10, 10, 12], "texture": "#0"},
				"west": {"uv": [8, 10, 10, 12], "texture": "#0"},
				"up": {"uv": [8, 10, 10, 12], "texture": "#0"},
				"down": {"uv": [8, 10, 10, 12], "texture": "#0"}
			}
		},
		{
			"name": "bass_12",
			"from": [9, 17.53337, 11.01238],
			"to": [9.25, 17.83337, 11.19518],
			"rotation": {"angle": 0, "axis": "x", "origin": [9.125, 18.88969, 10.90892]},
			"faces": {
				"north": {"uv": [8, 10, 10, 12], "rotation": 270, "texture": "#0"},
				"east": {"uv": [8, 10, 10, 12], "rotation": 270, "texture": "#0"},
				"south": {"uv": [8, 10, 10, 12], "rotation": 270, "texture": "#0"},
				"west": {"uv": [8, 10, 10, 12], "rotation": 270, "texture": "#0"},
				"up": {"uv": [8, 10, 10, 12], "rotation": 270, "texture": "#0"},
				"down": {"uv": [8, 10, 10, 12], "rotation": 270, "texture": "#0"}
			}
		},
		{
			"name": "bass_13",
			"from": [9, 18.43337, 4.79676],
			"to": [9.25, 18.73337, 4.97957],
			"rotation": {"angle": 0, "axis": "x", "origin": [9.125, 17.24909, 6.16716]},
			"faces": {
				"north": {"uv": [8, 10, 10, 12], "rotation": 90, "texture": "#0"},
				"east": {"uv": [8, 10, 10, 12], "rotation": 90, "texture": "#0"},
				"south": {"uv": [8, 10, 10, 12], "rotation": 90, "texture": "#0"},
				"west": {"uv": [8, 10, 10, 12], "rotation": 90, "texture": "#0"},
				"up": {"uv": [8, 10, 10, 12], "rotation": 90, "texture": "#0"},
				"down": {"uv": [8, 10, 10, 12], "rotation": 90, "texture": "#0"}
			}
		},
		{
			"name": "bass_13",
			"from": [9, 15.28577, 10.2299],
			"to": [9.25, 15.58577, 10.41271],
			"rotation": {"angle": 45, "axis": "x", "origin": [9.125, 16.06504, 10.31783]},
			"faces": {
				"north": {"uv": [8, 10, 10, 12], "rotation": 270, "texture": "#0"},
				"east": {"uv": [8, 10, 10, 12], "rotation": 270, "texture": "#0"},
				"south": {"uv": [8, 10, 10, 12], "rotation": 270, "texture": "#0"},
				"west": {"uv": [8, 10, 10, 12], "rotation": 270, "texture": "#0"},
				"up": {"uv": [8, 10, 10, 12], "rotation": 270, "texture": "#0"},
				"down": {"uv": [8, 10, 10, 12], "rotation": 270, "texture": "#0"}
			}
		},
		{
			"name": "bass_14",
			"from": [9, 19.46753, 3.63583],
			"to": [9.25, 19.76753, 3.81864],
			"rotation": {"angle": 45, "axis": "x", "origin": [9.125, 17.24909, 6.16716]},
			"faces": {
				"north": {"uv": [8, 10, 10, 12], "rotation": 90, "texture": "#0"},
				"east": {"uv": [8, 10, 10, 12], "rotation": 90, "texture": "#0"},
				"south": {"uv": [8, 10, 10, 12], "rotation": 90, "texture": "#0"},
				"west": {"uv": [8, 10, 10, 12], "rotation": 90, "texture": "#0"},
				"up": {"uv": [8, 10, 10, 12], "rotation": 90, "texture": "#0"},
				"down": {"uv": [8, 10, 10, 12], "rotation": 90, "texture": "#0"}
			}
		},
		{
			"name": "bass_10",
			"from": [9, 21.13586, 7.02602],
			"to": [9.25, 21.31866, 7.32602],
			"rotation": {"angle": 0, "axis": "x", "origin": [9.125, 21.22726, 7.17602]},
			"faces": {
				"north": {"uv": [8, 10, 10, 12], "rotation": 180, "texture": "#0"},
				"east": {"uv": [8, 10, 10, 12], "rotation": 180, "texture": "#0"},
				"south": {"uv": [8, 10, 10, 12], "rotation": 180, "texture": "#0"},
				"west": {"uv": [8, 10, 10, 12], "rotation": 180, "texture": "#0"},
				"up": {"uv": [8, 10, 10, 12], "rotation": 180, "texture": "#0"},
				"down": {"uv": [8, 10, 10, 12], "rotation": 180, "texture": "#0"}
			}
		},
		{
			"name": "bass_11",
			"from": [9, 14.94807, 8.66593],
			"to": [9.25, 15.13088, 8.96593],
			"rotation": {"angle": 0, "axis": "x", "origin": [9.125, 17.24909, 6.16716]},
			"faces": {
				"north": {"uv": [8, 10, 10, 12], "texture": "#0"},
				"east": {"uv": [8, 10, 10, 12], "texture": "#0"},
				"south": {"uv": [8, 10, 10, 12], "texture": "#0"},
				"west": {"uv": [8, 10, 10, 12], "texture": "#0"},
				"up": {"uv": [8, 10, 10, 12], "texture": "#0"},
				"down": {"uv": [8, 10, 10, 12], "texture": "#0"}
			}
		},
		{
			"name": "bass_11",
			"from": [9, 19.97563, 10.93076],
			"to": [9.25, 20.27563, 11.11357],
			"rotation": {"angle": -22.5, "axis": "x", "origin": [9.125, 18.88969, 10.90892]},
			"faces": {
				"north": {"uv": [8, 10, 10, 12], "rotation": 270, "texture": "#0"},
				"east": {"uv": [8, 10, 10, 12], "rotation": 270, "texture": "#0"},
				"south": {"uv": [8, 10, 10, 12], "rotation": 270, "texture": "#0"},
				"west": {"uv": [8, 10, 10, 12], "rotation": 270, "texture": "#0"},
				"up": {"uv": [8, 10, 10, 12], "rotation": 270, "texture": "#0"},
				"down": {"uv": [8, 10, 10, 12], "rotation": 270, "texture": "#0"}
			}
		},
		{
			"name": "bass_12",
			"from": [9, 16.39624, 5.00987],
			"to": [9.25, 16.69624, 5.19267],
			"rotation": {"angle": -22.5, "axis": "x", "origin": [9.125, 17.24909, 6.16716]},
			"faces": {
				"north": {"uv": [8, 10, 10, 12], "rotation": 90, "texture": "#0"},
				"east": {"uv": [8, 10, 10, 12], "rotation": 90, "texture": "#0"},
				"south": {"uv": [8, 10, 10, 12], "rotation": 90, "texture": "#0"},
				"west": {"uv": [8, 10, 10, 12], "rotation": 90, "texture": "#0"},
				"up": {"uv": [8, 10, 10, 12], "rotation": 90, "texture": "#0"},
				"down": {"uv": [8, 10, 10, 12], "rotation": 90, "texture": "#0"}
			}
		},
		{
			"name": "bass_11",
			"from": [9, 21.20718, 8.26099],
			"to": [9.25, 21.38998, 8.56099],
			"rotation": {"angle": 22.5, "axis": "x", "origin": [9.125, 21.27336, 8.43419]},
			"faces": {
				"north": {"uv": [8, 10, 10, 12], "rotation": 180, "texture": "#0"},
				"east": {"uv": [8, 10, 10, 12], "rotation": 180, "texture": "#0"},
				"south": {"uv": [8, 10, 10, 12], "rotation": 180, "texture": "#0"},
				"west": {"uv": [8, 10, 10, 12], "rotation": 180, "texture": "#0"},
				"up": {"uv": [8, 10, 10, 12], "rotation": 180, "texture": "#0"},
				"down": {"uv": [8, 10, 10, 12], "rotation": 180, "texture": "#0"}
			}
		},
		{
			"name": "bass_12",
			"from": [9, 15.58062, 8.18832],
			"to": [9.25, 15.76342, 8.48832],
			"rotation": {"angle": 22.5, "axis": "x", "origin": [9.125, 17.24909, 6.16716]},
			"faces": {
				"north": {"uv": [8, 10, 10, 12], "texture": "#0"},
				"east": {"uv": [8, 10, 10, 12], "texture": "#0"},
				"south": {"uv": [8, 10, 10, 12], "texture": "#0"},
				"west": {"uv": [8, 10, 10, 12], "texture": "#0"},
				"up": {"uv": [8, 10, 10, 12], "texture": "#0"},
				"down": {"uv": [8, 10, 10, 12], "texture": "#0"}
			}
		},
		{
			"name": "bass_12",
			"from": [9, 18.80333, 10.99846],
			"to": [9.25, 19.10333, 11.18127],
			"rotation": {"angle": 0, "axis": "x", "origin": [9.125, 18.88969, 10.90892]},
			"faces": {
				"north": {"uv": [8, 10, 10, 12], "rotation": 270, "texture": "#0"},
				"east": {"uv": [8, 10, 10, 12], "rotation": 270, "texture": "#0"},
				"south": {"uv": [8, 10, 10, 12], "rotation": 270, "texture": "#0"},
				"west": {"uv": [8, 10, 10, 12], "rotation": 270, "texture": "#0"},
				"up": {"uv": [8, 10, 10, 12], "rotation": 270, "texture": "#0"},
				"down": {"uv": [8, 10, 10, 12], "rotation": 270, "texture": "#0"}
			}
		},
		{
			"name": "bass_13",
			"from": [9, 17.16341, 4.81068],
			"to": [9.25, 17.46341, 4.99348],
			"rotation": {"angle": 0, "axis": "x", "origin": [9.125, 17.24909, 6.16716]},
			"faces": {
				"north": {"uv": [8, 10, 10, 12], "rotation": 90, "texture": "#0"},
				"east": {"uv": [8, 10, 10, 12], "rotation": 90, "texture": "#0"},
				"south": {"uv": [8, 10, 10, 12], "rotation": 90, "texture": "#0"},
				"west": {"uv": [8, 10, 10, 12], "rotation": 90, "texture": "#0"},
				"up": {"uv": [8, 10, 10, 12], "rotation": 90, "texture": "#0"},
				"down": {"uv": [8, 10, 10, 12], "rotation": 90, "texture": "#0"}
			}
		},
		{
			"name": "bass_13",
			"from": [9, 16.55573, 10.21599],
			"to": [9.25, 16.85573, 10.39879],
			"rotation": {"angle": 45, "axis": "x", "origin": [9.125, 16.06504, 10.31783]},
			"faces": {
				"north": {"uv": [8, 10, 10, 12], "rotation": 270, "texture": "#0"},
				"east": {"uv": [8, 10, 10, 12], "rotation": 270, "texture": "#0"},
				"south": {"uv": [8, 10, 10, 12], "rotation": 270, "texture": "#0"},
				"west": {"uv": [8, 10, 10, 12], "rotation": 270, "texture": "#0"},
				"up": {"uv": [8, 10, 10, 12], "rotation": 270, "texture": "#0"},
				"down": {"uv": [8, 10, 10, 12], "rotation": 270, "texture": "#0"}
			}
		},
		{
			"name": "bass_14",
			"from": [9, 18.19758, 3.64975],
			"to": [9.25, 18.49758, 3.83256],
			"rotation": {"angle": 45, "axis": "x", "origin": [9.125, 17.24909, 6.16716]},
			"faces": {
				"north": {"uv": [8, 10, 10, 12], "rotation": 90, "texture": "#0"},
				"east": {"uv": [8, 10, 10, 12], "rotation": 90, "texture": "#0"},
				"south": {"uv": [8, 10, 10, 12], "rotation": 90, "texture": "#0"},
				"west": {"uv": [8, 10, 10, 12], "rotation": 90, "texture": "#0"},
				"up": {"uv": [8, 10, 10, 12], "rotation": 90, "texture": "#0"},
				"down": {"uv": [8, 10, 10, 12], "rotation": 90, "texture": "#0"}
			}
		},
		{
			"name": "bass_12",
			"from": [9, 20.80046, 9.42926],
			"to": [9.25, 20.98327, 9.72926],
			"rotation": {"angle": 45, "axis": "x", "origin": [9.125, 20.86664, 9.60246]},
			"faces": {
				"north": {"uv": [8, 10, 10, 12], "rotation": 180, "texture": "#0"},
				"east": {"uv": [8, 10, 10, 12], "rotation": 180, "texture": "#0"},
				"south": {"uv": [8, 10, 10, 12], "rotation": 180, "texture": "#0"},
				"west": {"uv": [8, 10, 10, 12], "rotation": 180, "texture": "#0"},
				"up": {"uv": [8, 10, 10, 12], "rotation": 180, "texture": "#0"},
				"down": {"uv": [8, 10, 10, 12], "rotation": 180, "texture": "#0"}
			}
		},
		{
			"name": "bass_13",
			"from": [9, 15.98224, 7.505],
			"to": [9.25, 16.16504, 7.805],
			"rotation": {"angle": 45, "axis": "x", "origin": [9.125, 17.24909, 6.16716]},
			"faces": {
				"north": {"uv": [8, 10, 10, 12], "texture": "#0"},
				"east": {"uv": [8, 10, 10, 12], "texture": "#0"},
				"south": {"uv": [8, 10, 10, 12], "texture": "#0"},
				"west": {"uv": [8, 10, 10, 12], "texture": "#0"},
				"up": {"uv": [8, 10, 10, 12], "texture": "#0"},
				"down": {"uv": [8, 10, 10, 12], "texture": "#0"}
			}
		},
		{
			"name": "bass_13",
			"from": [9, 17.74616, 11.50963],
			"to": [9.25, 18.04616, 11.69244],
			"rotation": {"angle": 22.5, "axis": "x", "origin": [9.125, 18.88969, 10.90892]},
			"faces": {
				"north": {"uv": [8, 10, 10, 12], "rotation": 270, "texture": "#0"},
				"east": {"uv": [8, 10, 10, 12], "rotation": 270, "texture": "#0"},
				"south": {"uv": [8, 10, 10, 12], "rotation": 270, "texture": "#0"},
				"west": {"uv": [8, 10, 10, 12], "rotation": 270, "texture": "#0"},
				"up": {"uv": [8, 10, 10, 12], "rotation": 270, "texture": "#0"},
				"down": {"uv": [8, 10, 10, 12], "rotation": 270, "texture": "#0"}
			}
		},
		{
			"name": "bass_14",
			"from": [9, 17.79596, 4.33307],
			"to": [9.25, 18.09596, 4.51587],
			"rotation": {"angle": 22.5, "axis": "x", "origin": [9.125, 17.24909, 6.16716]},
			"faces": {
				"north": {"uv": [8, 10, 10, 12], "rotation": 90, "texture": "#0"},
				"east": {"uv": [8, 10, 10, 12], "rotation": 90, "texture": "#0"},
				"south": {"uv": [8, 10, 10, 12], "rotation": 90, "texture": "#0"},
				"west": {"uv": [8, 10, 10, 12], "rotation": 90, "texture": "#0"},
				"up": {"uv": [8, 10, 10, 12], "rotation": 90, "texture": "#0"},
				"down": {"uv": [8, 10, 10, 12], "rotation": 90, "texture": "#0"}
			}
		},
		{
			"name": "bass_14",
			"from": [9, 15.67917, 9.63419],
			"to": [9.25, 15.86197, 9.93419],
			"rotation": {"angle": -22.5, "axis": "x", "origin": [9.125, 16.06504, 10.31783]},
			"faces": {
				"north": {"uv": [8, 10, 10, 12], "texture": "#0"},
				"east": {"uv": [8, 10, 10, 12], "texture": "#0"},
				"south": {"uv": [8, 10, 10, 12], "texture": "#0"},
				"west": {"uv": [8, 10, 10, 12], "texture": "#0"},
				"up": {"uv": [8, 10, 10, 12], "texture": "#0"},
				"down": {"uv": [8, 10, 10, 12], "texture": "#0"}
			}
		},
		{
			"name": "bass_15",
			"from": [9, 20.36869, 7.22521],
			"to": [9.25, 20.5515, 7.52521],
			"rotation": {"angle": -22.5, "axis": "x", "origin": [9.125, 17.24909, 6.16716]},
			"faces": {
				"north": {"uv": [8, 10, 10, 12], "rotation": 180, "texture": "#0"},
				"east": {"uv": [8, 10, 10, 12], "rotation": 180, "texture": "#0"},
				"south": {"uv": [8, 10, 10, 12], "rotation": 180, "texture": "#0"},
				"west": {"uv": [8, 10, 10, 12], "rotation": 180, "texture": "#0"},
				"up": {"uv": [8, 10, 10, 12], "rotation": 180, "texture": "#0"},
				"down": {"uv": [8, 10, 10, 12], "rotation": 180, "texture": "#0"}
			}
		},
		{
			"name": "hexadecagon",
			"from": [6.5, 18.02196, 7.38441],
			"to": [9.5, 18.26772, 8.61993],
			"rotation": {"angle": -45, "axis": "x", "origin": [8, 18.14484, 8.00217]},
			"faces": {
				"north": {"uv": [8, 12, 10, 14], "texture": "#0"},
				"east": {"uv": [8, 12, 10, 14], "texture": "#0"},
				"south": {"uv": [8, 12, 10, 14], "texture": "#0"},
				"west": {"uv": [8, 12, 10, 14], "texture": "#0"},
				"up": {"uv": [8, 12, 10, 14], "texture": "#0"},
				"down": {"uv": [8, 12, 10, 14], "texture": "#0"}
			}
		},
		{
			"name": "hexadecagon",
			"from": [6.5, 18.02196, 7.38441],
			"to": [9.5, 18.26772, 8.61993],
			"rotation": {"angle": -22.5, "axis": "x", "origin": [8, 18.14484, 8.00217]},
			"faces": {
				"north": {"uv": [8, 12, 10, 14], "texture": "#0"},
				"east": {"uv": [8, 12, 10, 14], "texture": "#0"},
				"south": {"uv": [8, 12, 10, 14], "texture": "#0"},
				"west": {"uv": [8, 12, 10, 14], "texture": "#0"},
				"up": {"uv": [8, 12, 10, 14], "texture": "#0"},
				"down": {"uv": [8, 12, 10, 14], "texture": "#0"}
			}
		},
		{
			"name": "hexadecagon",
			"from": [6.5, 18.02196, 7.38441],
			"to": [9.5, 18.26772, 8.61993],
			"rotation": {"angle": 0, "axis": "x", "origin": [8, 18.14484, 8.00217]},
			"faces": {
				"north": {"uv": [8, 12, 10, 14], "texture": "#0"},
				"east": {"uv": [8, 12, 10, 14], "texture": "#0"},
				"south": {"uv": [8, 12, 10, 14], "texture": "#0"},
				"west": {"uv": [8, 12, 10, 14], "texture": "#0"},
				"up": {"uv": [8, 12, 10, 14], "texture": "#0"},
				"down": {"uv": [8, 12, 10, 14], "texture": "#0"}
			}
		},
		{
			"name": "hexadecagon",
			"from": [6.5, 18.02196, 7.38441],
			"to": [9.5, 18.26772, 8.61993],
			"rotation": {"angle": 22.5, "axis": "x", "origin": [8, 18.14484, 8.00217]},
			"faces": {
				"north": {"uv": [8, 12, 10, 14], "texture": "#0"},
				"east": {"uv": [8, 12, 10, 14], "texture": "#0"},
				"south": {"uv": [8, 12, 10, 14], "texture": "#0"},
				"west": {"uv": [8, 12, 10, 14], "texture": "#0"},
				"up": {"uv": [8, 12, 10, 14], "texture": "#0"},
				"down": {"uv": [8, 12, 10, 14], "texture": "#0"}
			}
		},
		{
			"name": "hexadecagon",
			"from": [6.5, 18.02196, 7.38441],
			"to": [9.5, 18.26772, 8.61993],
			"rotation": {"angle": 45, "axis": "x", "origin": [8, 18.14484, 8.00217]},
			"faces": {
				"north": {"uv": [8, 12, 10, 14], "texture": "#0"},
				"east": {"uv": [8, 12, 10, 14], "texture": "#0"},
				"south": {"uv": [8, 12, 10, 14], "texture": "#0"},
				"west": {"uv": [8, 12, 10, 14], "texture": "#0"},
				"up": {"uv": [8, 12, 10, 14], "texture": "#0"},
				"down": {"uv": [8, 12, 10, 14], "texture": "#0"}
			}
		},
		{
			"name": "hexadecagon",
			"from": [6.5, 17.52708, 7.87929],
			"to": [9.5, 18.7626, 8.12505],
			"rotation": {"angle": -22.5, "axis": "x", "origin": [8, 18.14484, 8.00217]},
			"faces": {
				"north": {"uv": [8, 12, 10, 14], "texture": "#0"},
				"east": {"uv": [8, 12, 10, 14], "texture": "#0"},
				"south": {"uv": [8, 12, 10, 14], "texture": "#0"},
				"west": {"uv": [8, 12, 10, 14], "texture": "#0"},
				"up": {"uv": [8, 12, 10, 14], "texture": "#0"},
				"down": {"uv": [8, 12, 10, 14], "texture": "#0"}
			}
		},
		{
			"name": "hexadecagon",
			"from": [6.5, 17.52708, 7.87929],
			"to": [9.5, 18.7626, 8.12505],
			"rotation": {"angle": 0, "axis": "x", "origin": [8, 18.14484, 8.00217]},
			"faces": {
				"north": {"uv": [8, 12, 10, 14], "texture": "#0"},
				"east": {"uv": [8, 12, 10, 14], "texture": "#0"},
				"south": {"uv": [8, 12, 10, 14], "texture": "#0"},
				"west": {"uv": [8, 12, 10, 14], "texture": "#0"},
				"up": {"uv": [8, 12, 10, 14], "texture": "#0"},
				"down": {"uv": [8, 12, 10, 14], "texture": "#0"}
			}
		},
		{
			"name": "hexadecagon",
			"from": [6.5, 17.52708, 7.87929],
			"to": [9.5, 18.7626, 8.12505],
			"rotation": {"angle": 22.5, "axis": "x", "origin": [8, 18.14484, 8.00217]},
			"faces": {
				"north": {"uv": [8, 12, 10, 14], "texture": "#0"},
				"east": {"uv": [8, 12, 10, 14], "texture": "#0"},
				"south": {"uv": [8, 12, 10, 14], "texture": "#0"},
				"west": {"uv": [8, 12, 10, 14], "texture": "#0"},
				"up": {"uv": [8, 12, 10, 14], "texture": "#0"},
				"down": {"uv": [8, 12, 10, 14], "texture": "#0"}
			}
		}
	],
	"display": {
		"thirdperson_righthand": {
			"translation": [0, 2, 0]
		},
		"thirdperson_lefthand": {
			"rotation": [-25, -43, 86],
			"translation": [-4.5, -5.25, 9.5]
		},
		"firstperson_righthand": {
			"rotation": [-4, 0, 0],
			"translation": [0.25, 2.75, 1]
		},
		"firstperson_lefthand": {
			"rotation": [157, 0, 0],
			"translation": [0, -3, 1]
		},
		"ground": {
			"rotation": [90, 0, 0],
			"translation": [0, -2.25, -3]
		},
		"gui": {
			"rotation": [90, 47, -90],
			"translation": [-1.75, -2.25, 0],
			"scale": [0.9, 0.9, 0.9]
		},
		"fixed": {
			"rotation": [0, -90, 0],
			"translation": [0, -6.75, 0],
			"scale": [2, 2, 2]
		}
	},
	"groups": [
		{
			"name": "bass",
			"origin": [8, 8, 8],
			"children": [0, 1, 2, 3, 4,
				{
					"name": "saw blade",
					"origin": [8, 8, 8],
					"children": [5, 6, 7, 8, 9, 10, 11, 12, 13, 14, 15, 16, 17, 18, 19, 20, 21, 22, 23, 24, 25, 26, 27, 28, 29, 30, 31, 32, 33, 34, 35, 36, 37, 38, 39, 40, 41, 42, 43, 44, 45, 46, 47, 48, 49, 50, 51, 52]
				},
				{
					"name": "saw blade",
					"origin": [8, 8, 8],
					"children": [53, 54, 55, 56, 57, 58, 59, 60, 61, 62, 63, 64, 65, 66, 67, 68, 69, 70, 71, 72, 73, 74, 75, 76, 77, 78, 79, 80, 81, 82, 83, 84, 85, 86, 87, 88, 89, 90, 91, 92, 93, 94, 95, 96, 97, 98, 99, 100]
				},
				{
					"name": "mid",
					"origin": [8, 8, 8],
					"children": [101, 102, 103, 104, 105, 106, 107, 108]
				}
			]
		}
	]
}