{
	"credit": "Made with Blockbench",
	"textures": {
		"0_0": "block/grass/grass1"
	},
	"elements": [
		{
			"name": "grass",
			"from": [6.5, 0, 8.57822],
			"to": [6.5, 16, 10.57822],
			"rotation": {"angle": -22.5, "axis": "y", "origin": [6.5, 9.25, 11.07822]},
			"faces": {
				"east": {"uv": [9, 0, 12, 16], "texture": "#0_0", "tintindex": 0},
				"west": {"uv": [9, 0, 12, 16], "texture": "#0_0", "tintindex": 0}
			}
		},
		{
			"name": "grass",
			"from": [10.5, 0, 4.57822],
			"to": [10.5, 15, 6.57822],
			"rotation": {"angle": 45, "axis": "y", "origin": [10.5, 9.25, 6.07822]},
			"faces": {
				"east": {"uv": [13, 0, 16, 15], "texture": "#0_0", "tintindex": 0},
				"west": {"uv": [13, 0, 16, 15], "texture": "#0_0", "tintindex": 0}
			}
		},
		{
			"name": "grass",
			"from": [10, 0, 9.07822],
			"to": [12, 13, 9.07822],
			"rotation": {"angle": 0, "axis": "y", "origin": [10.5, 9.25, 6.07822]},
			"faces": {
				"north": {"uv": [9, 0, 12, 13], "texture": "#0_0", "tintindex": 0},
				"south": {"uv": [9, 0, 12, 13], "texture": "#0_0", "tintindex": 0}
			}
		},
		{
			"name": "grass",
			"from": [7, 0, 10.07822],
			"to": [9, 14, 10.07822],
			"rotation": {"angle": 22.5, "axis": "y", "origin": [10.5, 9.25, 6.07822]},
			"faces": {
				"north": {"uv": [13, 0, 16, 13], "texture": "#0_0", "tintindex": 0},
				"south": {"uv": [13, 0, 16, 13], "texture": "#0_0", "tintindex": 0}
			}
		},
		{
			"name": "grass",
			"from": [7.5, 0, 4.57822],
			"to": [7.5, 14, 6.57822],
			"rotation": {"angle": 22.5, "axis": "y", "origin": [8.5, 9.25, 9.07822]},
			"faces": {
				"east": {"uv": [13, 0, 16, 13], "texture": "#0_0", "tintindex": 0},
				"west": {"uv": [13, 0, 16, 13], "texture": "#0_0", "tintindex": 0}
			}
		},
		{
			"name": "grass",
			"from": [5.5, 0, 7.57822],
			"to": [5.5, 13, 9.57822],
			"rotation": {"angle": 0, "axis": "z", "origin": [5.5, 6.5, 9.07822]},
			"faces": {
				"east": {"uv": [9, 0, 12, 13], "texture": "#0_0", "tintindex": 0},
				"west": {"uv": [9, 0, 12, 13], "texture": "#0_0", "tintindex": 0}
			}
		},
		{
			"name": "grass",
			"from": [7, 0, 9.07822],
			"to": [9, 11, 9.07822],
			"rotation": {"angle": 45, "axis": "y", "origin": [8.5, 9.25, 9.07822]},
			"faces": {
				"north": {"uv": [9, 0, 12, 11], "texture": "#0_0", "tintindex": 0},
				"south": {"uv": [9, 0, 12, 11], "texture": "#0_0", "tintindex": 0}
			}
		},
		{
			"name": "grass",
			"from": [7, 0, 5.07822],
			"to": [9, 16, 5.07822],
			"rotation": {"angle": 0, "axis": "y", "origin": [6.5, 9.25, 8.07822]},
			"faces": {
				"north": {"uv": [13, 0, 16, 16], "texture": "#0_0", "tintindex": 0},
				"south": {"uv": [13, 0, 16, 16], "texture": "#0_0", "tintindex": 0}
			}
		},
		{
			"name": "grass",
			"from": [4.91577, 0.04784, 8.92197],
			"to": [4.91577, 7.04784, 9.92197],
			"rotation": {"angle": 22.5, "axis": "z", "origin": [5.03125, 0, 9.42197]},
			"faces": {
				"east": {"uv": [1, 15, 2, 16], "texture": "#0_0", "tintindex": 0},
				"west": {"uv": [1, 15, 2, 16], "texture": "#0_0", "tintindex": 0}
			}
		},
		{
			"name": "grass",
			"from": [12.5, 0, 7.57822],
			"to": [12.5, 7, 8.57822],
			"rotation": {"angle": 22.5, "axis": "y", "origin": [12.5, 3.5, 9.07822]},
			"faces": {
				"east": {"uv": [3, 15, 4, 16], "texture": "#0_0", "tintindex": 0},
				"west": {"uv": [3, 15, 4, 16], "texture": "#0_0", "tintindex": 0}
			}
		},
		{
			"name": "grass",
			"from": [7.57103, 0, 4.47696],
			"to": [7.57103, 7, 5.47696],
			"rotation": {"angle": -22.5, "axis": "y", "origin": [8.66478, 3.5, 2.91446]},
			"faces": {
				"east": {"uv": [5, 15, 6, 16], "texture": "#0_0", "tintindex": 0},
				"west": {"uv": [5, 15, 6, 16], "texture": "#0_0", "tintindex": 0}
			}
		},
		{
			"name": "grass",
			"from": [7, 0, 12.60947],
			"to": [8, 7, 12.60947],
			"rotation": {"angle": 45, "axis": "y", "origin": [6.5, 3.5, 12.14072]},
			"faces": {
				"north": {"uv": [7, 15, 8, 16], "texture": "#0_0", "tintindex": 0},
				"south": {"uv": [7, 15, 8, 16], "texture": "#0_0", "tintindex": 0}
			}
		},
		{
			"name": "grass",
			"from": [8.96757, -0.25, 3.18083],
			"to": [9.96757, 6.75, 3.18083],
			"rotation": {"angle": -22.5, "axis": "x", "origin": [9.46757, 3.25, 3.18083]},
			"faces": {
				"north": {"uv": [2, 15, 1, 16], "texture": "#0_0", "tintindex": 0},
				"south": {"uv": [2, 15, 1, 16], "texture": "#0_0", "tintindex": 0}
			}
		},
		{
			"name": "grass",
			"from": [11.04369, 0, 9.32939],
			"to": [11.04369, 7, 10.32939],
			"rotation": {"angle": -22.5, "axis": "z", "origin": [9.10619, 3.5, 11.89189]},
			"faces": {
				"east": {"uv": [4, 15, 3, 16], "texture": "#0_0", "tintindex": 0},
				"west": {"uv": [4, 15, 3, 16], "texture": "#0_0", "tintindex": 0}
			}
		},
		{
			"name": "grass",
			"from": [3.50951, -0.59375, 6.63958],
			"to": [4.50951, 6.40625, 6.63958],
			"rotation": {"angle": 22.5, "axis": "x", "origin": [4.00951, 3.5, 6.63958]},
			"faces": {
				"north": {"uv": [6, 15, 5, 16], "texture": "#0_0", "tintindex": 0},
				"south": {"uv": [6, 15, 5, 16], "texture": "#0_0", "tintindex": 0}
			}
		},
		{
			"name": "grass",
			"from": [9.75025, 0, 4.43525],
			"to": [9.75025, 7, 5.43525],
			"rotation": {"angle": -45, "axis": "y", "origin": [7.69134, 3.5, 8.08324]},
			"faces": {
				"east": {"uv": [8, 15, 7, 16], "texture": "#0_0", "tintindex": 0},
				"west": {"uv": [8, 15, 7, 16], "texture": "#0_0", "tintindex": 0}
			}
		},
		{
			"name": "grass",
			"from": [6.61388, -0.03099, 10.82256],
			"to": [7.55388, 6.54901, 10.82256],
			"rotation": {"angle": 0, "axis": "y", "origin": [8.59284, 2.91053, 7.47295]},
			"faces": {
				"north": {"uv": [2, 15, 1, 16], "texture": "#0_0", "tintindex": 0},
				"south": {"uv": [2, 15, 1, 16], "texture": "#0_0", "tintindex": 0}
			}
		},
		{
			"name": "grass",
			"from": [6.07281, -0.03099, 4.19746],
			"to": [7.01281, 6.54901, 4.19746],
			"rotation": {"angle": -22.5, "axis": "y", "origin": [8.59284, 2.91053, 7.47295]},
			"faces": {
				"north": {"uv": [4, 15, 3, 16], "texture": "#0_0", "tintindex": 0},
				"south": {"uv": [4, 15, 3, 16], "texture": "#0_0", "tintindex": 0}
			}
		},
		{
			"name": "grass",
			"from": [10.35921, -0.03099, 9.6186],
			"to": [11.29921, 6.54901, 9.6186],
			"rotation": {"angle": 22.5, "axis": "y", "origin": [8.59284, 2.91053, 7.47295]},
			"faces": {
				"north": {"uv": [6, 15, 5, 16], "texture": "#0_0", "tintindex": 0},
				"south": {"uv": [6, 15, 5, 16], "texture": "#0_0", "tintindex": 0}
			}
		},
		{
			"name": "grass",
			"from": [6.08881, -0.03099, 10.20469],
			"to": [6.08881, 6.54901, 11.14469],
			"rotation": {"angle": -45, "axis": "y", "origin": [8.59284, 2.91053, 7.47295]},
			"faces": {
				"east": {"uv": [8, 15, 7, 16], "texture": "#0_0", "tintindex": 0},
				"west": {"uv": [8, 15, 7, 16], "texture": "#0_0", "tintindex": 0}
			}
		},
		{
			"name": "grass",
			"from": [12.27689, 1.26934, 5.68304],
			"to": [12.27689, 7.84934, 6.62304],
			"rotation": {"angle": -22.5, "axis": "z", "origin": [8.59284, 2.91053, 7.47295]},
			"faces": {
				"east": {"uv": [1, 15, 2, 16], "texture": "#0_0", "tintindex": 0},
				"west": {"uv": [1, 15, 2, 16], "texture": "#0_0", "tintindex": 0}
			}
		},
		{
			"name": "grass",
			"from": [5.90778, 0.31759, 4.87946],
			"to": [6.84778, 6.89759, 4.87946],
			"rotation": {"angle": -22.5, "axis": "x", "origin": [8.59284, 2.91053, 7.47295]},
			"faces": {
				"north": {"uv": [3, 15, 4, 16], "texture": "#0_0", "tintindex": 0},
				"south": {"uv": [3, 15, 4, 16], "texture": "#0_0", "tintindex": 0}
			}
		},
		{
			"name": "grass",
			"from": [9.44992, -0.91542, 10.81361],
			"to": [9.44992, 5.66458, 11.75361],
			"rotation": {"angle": 22.5, "axis": "z", "origin": [8.59284, 2.91053, 7.47295]},
			"faces": {
				"east": {"uv": [5, 15, 6, 16], "texture": "#0_0", "tintindex": 0},
				"west": {"uv": [5, 15, 6, 16], "texture": "#0_0", "tintindex": 0}
			}
		},
		{
			"name": "grass",
			"from": [10.42899, -0.03099, 5.37924],
			"to": [11.36899, 6.54901, 5.37924],
			"rotation": {"angle": 45, "axis": "y", "origin": [8.59284, 2.91053, 7.47295]},
			"faces": {
				"north": {"uv": [7, 15, 8, 16], "texture": "#0_0", "tintindex": 0},
				"south": {"uv": [7, 15, 8, 16], "texture": "#0_0", "tintindex": 0}
			}
		},
		{
			"name": "grass",
			"from": [10.92178, 0, 9.59375],
			"to": [10.92178, 13, 11.59375],
			"rotation": {"angle": -22.5, "axis": "z", "origin": [7.92178, 6.5, 10.09375]},
			"faces": {
				"east": {"uv": [9, 0, 12, 13], "texture": "#0_0", "tintindex": 0},
				"west": {"uv": [9, 0, 12, 13], "texture": "#0_0", "tintindex": 0}
			}
		},
		{
			"name": "grass",
			"from": [5.04697, -1, 7.3216],
			"to": [5.04697, 13, 9.3216],
			"rotation": {"angle": 22.5, "axis": "z", "origin": [5.04697, 7, 7.8216]},
			"faces": {
				"east": {"uv": [9, 0, 12, 13], "texture": "#0_0", "tintindex": 0},
				"west": {"uv": [9, 0, 12, 13], "texture": "#0_0", "tintindex": 0}
			}
		},
		{
			"name": "grass",
			"from": [9.10928, -1, 5.5],
			"to": [11.10928, 12, 5.5],
			"rotation": {"angle": -22.5, "axis": "x", "origin": [9.60928, 6.5, 5.5]},
			"faces": {
				"north": {"uv": [13, 0, 16, 13], "texture": "#0_0", "tintindex": 0},
				"south": {"uv": [13, 0, 16, 13], "texture": "#0_0", "tintindex": 0}
			}
		},
		{
			"name": "grass",
			"from": [4.70303, -2, 11.4375],
			"to": [6.70303, 14, 11.4375],
			"rotation": {"angle": 22.5, "axis": "x", "origin": [6.20303, 8, 11.4375]},
			"faces": {
				"north": {"uv": [9, 0, 12, 16], "texture": "#0_0", "tintindex": 0},
				"south": {"uv": [9, 0, 12, 16], "texture": "#0_0", "tintindex": 0}
			}
		}
	],
	"groups": [
		{
			"name": "Grass",
			"origin": [12.65625, 6.25, -1.75296],
			"color": 0,
			"children": [0, 1, 2, 3, 4, 5, 6, 7]
		},
		{
			"name": "grass",
			"origin": [8, 8, 8],
			"color": 0,
			"children": [8, 9, 10, 11, 12, 13, 14, 15, 16, 17, 18, 19, 20, 21, 22, 23]
		},
		{
			"name": "Grass",
			"origin": [12.65625, 6.25, -1.75296],
			"color": 0,
			"children": [24, 25, 26, 27]
		}
	]
}