{
	"credit": "Made with Blockbench",
	"textures": {
		"0": "custom/stop",
		"1": "custom/pole",
		"particle": "custom/stop"
	},
	"elements": [
		{
			"name": "bass_2",
			"from": [7.452, 20, 2.5],
			"to": [7.452, 31, 13.5],
			"rotation": {"angle": 0, "axis": "y", "origin": [14.452, 34, 15.5]},
			"faces": {
				"north": {"uv": [0, 0, 16, 16], "texture": "#0"},
				"east": {"uv": [0, 0, 16, 16], "texture": "#0"},
				"south": {"uv": [0, 0, 16, 16], "texture": "#0"},
				"west": {"uv": [0, 0, 16, 16], "texture": "#0"},
				"up": {"uv": [0, 0, 16, 16], "texture": "#0"},
				"down": {"uv": [0, 0, 16, 16], "texture": "#0"}
			}
		},
		{
			"name": "bass 1",
			"from": [7.5, -1, 7.5],
			"to": [8.5, 32, 8.5],
			"rotation": {"angle": 0, "axis": "y", "origin": [15.25, 15.5, 15.25]},
			"faces": {
				"north": {"uv": [0, 0, 16, 16], "texture": "#1"},
				"east": {"uv": [0, 0, 16, 16], "texture": "#1"},
				"south": {"uv": [0, 0, 16, 16], "texture": "#1"},
				"west": {"uv": [0, 0, 16, 16], "texture": "#1"},
				"up": {"uv": [0, 0, 16, 16], "texture": "#1"},
				"down": {"uv": [0, 0, 16, 16], "texture": "#1"}
			}
		}
	],
	"display": {
		"thirdperson_righthand": {
			"translation": [0, -2.25, 0]
		},
		"thirdperson_lefthand": {
			"translation": [0, -2.25, 0]
		},
		"firstperson_righthand": {
			"rotation": [-7, 0, 0],
			"translation": [0, -0.75, 0.25]
		},
		"firstperson_lefthand": {
			"rotation": [-7, 180, 0],
			"translation": [0, -0.75, 0.25]
		},
		"ground": {
			"rotation": [0, 0, -90],
			"translation": [-6.25, -3.25, 0]
		},
		"gui": {
			"rotation": [22, 45, 0],
			"translation": [0, -3.25, 0],
			"scale": [0.45, 0.45, 0.45]
		},
		"head": {
			"rotation": [0, -90, 0],
			"translation": [0, -13.75, 0],
			"scale": [2, 2, 2]
		},
		"fixed": {
			"rotation": [-90, -90, 0],
			"translation": [0, 0, -24.75],
			"scale": [3, 3, 3]
		}
	},
	"groups": [
		{
			"name": "top",
			"origin": [8, 8, 8],
			"children": [0]
		},
		{
			"name": "bass",
			"origin": [8, 8, 8],
			"children": [1]
		}
	]
}