{
	"credit": "Made with Blockbench",
	"textures": {
		"0": "custom/christmas/advent_candelabra_on_t",
		"particle": "custom/christmas/advent_candelabra_on_t"
	},
	"elements": [
		{
			"name": "bass 1",
			"from": [1.75, 0.2469, 7.375],
			"to": [3.25, 0.9969, 8.625],
			"rotation": {"angle": 0, "axis": "y", "origin": [8, 2.90203, 8]},
			"faces": {
				"north": {"uv": [0, 14, 16, 16], "texture": "#0"},
				"east": {"uv": [0, 14, 16, 16], "texture": "#0"},
				"south": {"uv": [0, 14, 16, 16], "texture": "#0"},
				"west": {"uv": [0, 14, 16, 16], "texture": "#0"},
				"up": {"uv": [0, 14, 16, 16], "texture": "#0"},
				"down": {"uv": [0, 14, 16, 16], "texture": "#0"}
			}
		},
		{
			"name": "bass 2",
			"from": [1.5, -0.0031, 7.125],
			"to": [3.5, 0.2469, 8.875],
			"rotation": {"angle": 0, "axis": "y", "origin": [8, 2.65203, 8]},
			"faces": {
				"north": {"uv": [0, 14, 16, 16], "texture": "#0"},
				"east": {"uv": [0, 14, 16, 16], "texture": "#0"},
				"south": {"uv": [0, 14, 16, 16], "texture": "#0"},
				"west": {"uv": [0, 14, 16, 16], "texture": "#0"},
				"up": {"uv": [0, 14, 16, 16], "texture": "#0"},
				"down": {"uv": [0, 14, 16, 16], "texture": "#0"}
			}
		},
		{
			"name": "bass 2",
			"from": [3.5, 1.9969, 7.375],
			"to": [4.5, 2.9969, 8.625],
			"rotation": {"angle": 0, "axis": "y", "origin": [8, 2.90203, 8]},
			"faces": {
				"north": {"uv": [0, 14, 16, 16], "texture": "#0"},
				"east": {"uv": [0, 14, 16, 16], "texture": "#0"},
				"south": {"uv": [0, 14, 16, 16], "texture": "#0"},
				"west": {"uv": [0, 14, 16, 16], "texture": "#0"},
				"up": {"uv": [0, 14, 16, 16], "texture": "#0"},
				"down": {"uv": [0, 14, 16, 16], "texture": "#0"}
			}
		},
		{
			"name": "bass 3",
			"from": [5.5, 3.9969, 7.375],
			"to": [6.5, 4.9969, 8.625],
			"rotation": {"angle": 0, "axis": "y", "origin": [8, 2.90203, 8]},
			"faces": {
				"north": {"uv": [0, 14, 16, 16], "texture": "#0"},
				"east": {"uv": [0, 14, 16, 16], "texture": "#0"},
				"south": {"uv": [0, 14, 16, 16], "texture": "#0"},
				"west": {"uv": [0, 14, 16, 16], "texture": "#0"},
				"up": {"uv": [0, 14, 16, 16], "texture": "#0"},
				"down": {"uv": [0, 14, 16, 16], "texture": "#0"}
			}
		},
		{
			"name": "bass 2",
			"from": [12.75, 0.2469, 7.375],
			"to": [14.25, 0.9969, 8.625],
			"rotation": {"angle": 0, "axis": "y", "origin": [8, 2.90203, 8]},
			"faces": {
				"north": {"uv": [0, 14, 16, 16], "texture": "#0"},
				"east": {"uv": [0, 14, 16, 16], "texture": "#0"},
				"south": {"uv": [0, 14, 16, 16], "texture": "#0"},
				"west": {"uv": [0, 14, 16, 16], "texture": "#0"},
				"up": {"uv": [0, 14, 16, 16], "texture": "#0"},
				"down": {"uv": [0, 14, 16, 16], "texture": "#0"}
			}
		},
		{
			"name": "bass 3",
			"from": [12.5, -0.0031, 7.125],
			"to": [14.5, 0.2469, 8.875],
			"rotation": {"angle": 0, "axis": "y", "origin": [8, 2.65203, 8]},
			"faces": {
				"north": {"uv": [0, 14, 16, 16], "texture": "#0"},
				"east": {"uv": [0, 14, 16, 16], "texture": "#0"},
				"south": {"uv": [0, 14, 16, 16], "texture": "#0"},
				"west": {"uv": [0, 14, 16, 16], "texture": "#0"},
				"up": {"uv": [0, 14, 16, 16], "texture": "#0"},
				"down": {"uv": [0, 14, 16, 16], "texture": "#0"}
			}
		},
		{
			"name": "bass 3",
			"from": [11.5, 1.9969, 7.375],
			"to": [12.5, 2.9969, 8.625],
			"rotation": {"angle": 0, "axis": "y", "origin": [8, 2.90203, 8]},
			"faces": {
				"north": {"uv": [0, 14, 16, 16], "texture": "#0"},
				"east": {"uv": [0, 14, 16, 16], "texture": "#0"},
				"south": {"uv": [0, 14, 16, 16], "texture": "#0"},
				"west": {"uv": [0, 14, 16, 16], "texture": "#0"},
				"up": {"uv": [0, 14, 16, 16], "texture": "#0"},
				"down": {"uv": [0, 14, 16, 16], "texture": "#0"}
			}
		},
		{
			"name": "bass 4",
			"from": [9.5, 3.9969, 7.375],
			"to": [10.5, 4.9969, 8.625],
			"rotation": {"angle": 0, "axis": "y", "origin": [8, 2.90203, 8]},
			"faces": {
				"north": {"uv": [0, 14, 16, 16], "texture": "#0"},
				"east": {"uv": [0, 14, 16, 16], "texture": "#0"},
				"south": {"uv": [0, 14, 16, 16], "texture": "#0"},
				"west": {"uv": [0, 14, 16, 16], "texture": "#0"},
				"up": {"uv": [0, 14, 16, 16], "texture": "#0"},
				"down": {"uv": [0, 14, 16, 16], "texture": "#0"}
			}
		},
		{
			"name": "bass 3",
			"from": [9.58425, -2.63398, 7.375],
			"to": [10.58425, 4.36602, 8.625],
			"rotation": {"angle": 45, "axis": "z", "origin": [8, 2.90203, 8]},
			"faces": {
				"north": {"uv": [0, 14, 16, 16], "texture": "#0"},
				"east": {"uv": [0, 14, 16, 16], "texture": "#0"},
				"south": {"uv": [0, 14, 16, 16], "texture": "#0"},
				"west": {"uv": [0, 14, 16, 16], "texture": "#0"},
				"up": {"uv": [0, 14, 16, 16], "texture": "#0"},
				"down": {"uv": [0, 14, 16, 16], "texture": "#0"}
			}
		},
		{
			"name": "bass 4",
			"from": [5.41575, -2.63398, 7.375],
			"to": [6.41575, 4.36602, 8.625],
			"rotation": {"angle": -45, "axis": "z", "origin": [8, 2.90203, 8]},
			"faces": {
				"north": {"uv": [0, 14, 16, 16], "texture": "#0"},
				"east": {"uv": [0, 14, 16, 16], "texture": "#0"},
				"south": {"uv": [0, 14, 16, 16], "texture": "#0"},
				"west": {"uv": [0, 14, 16, 16], "texture": "#0"},
				"up": {"uv": [0, 14, 16, 16], "texture": "#0"},
				"down": {"uv": [0, 14, 16, 16], "texture": "#0"}
			}
		},
		{
			"name": "bass 5",
			"from": [7.20786, 4.76457, 7.375],
			"to": [8.79214, 5.76457, 8.625],
			"rotation": {"angle": 0, "axis": "z", "origin": [8, 2.90203, 8]},
			"faces": {
				"north": {"uv": [0, 14, 16, 16], "texture": "#0"},
				"east": {"uv": [0, 14, 16, 16], "texture": "#0"},
				"south": {"uv": [0, 14, 16, 16], "texture": "#0"},
				"west": {"uv": [0, 14, 16, 16], "texture": "#0"},
				"up": {"uv": [0, 14, 16, 16], "texture": "#0"},
				"down": {"uv": [0, 14, 16, 16], "texture": "#0"}
			}
		},
		{
			"name": "candle 1",
			"from": [13.5, 1, 7.75],
			"to": [14, 3.25, 8.25],
			"faces": {
				"north": {"uv": [0, 6, 2, 14], "texture": "#0"},
				"east": {"uv": [0, 6, 2, 14], "texture": "#0"},
				"south": {"uv": [0, 6, 2, 14], "texture": "#0"},
				"west": {"uv": [0, 6, 2, 14], "texture": "#0"},
				"up": {"uv": [0, 6, 2, 14], "texture": "#0"},
				"down": {"uv": [0, 6, 2, 14], "texture": "#0"}
			}
		},
		{
			"name": "candle 2",
			"from": [13.53125, 3.25, 7.78125],
			"to": [13.96875, 3.75, 8.21875],
			"rotation": {"angle": 0, "axis": "y", "origin": [8, 10.25, 8]},
			"faces": {
				"north": {"uv": [2, 10, 6, 14], "texture": "#0"},
				"east": {"uv": [2, 10, 6, 14], "texture": "#0"},
				"south": {"uv": [2, 10, 6, 14], "texture": "#0"},
				"west": {"uv": [2, 10, 6, 14], "texture": "#0"},
				"up": {"uv": [2, 10, 6, 14], "texture": "#0"},
				"down": {"uv": [2, 10, 6, 14], "texture": "#0"}
			}
		},
		{
			"name": "candle 2",
			"from": [2, 1, 7.75],
			"to": [2.5, 3.25, 8.25],
			"faces": {
				"north": {"uv": [0, 6, 2, 14], "texture": "#0"},
				"east": {"uv": [0, 6, 2, 14], "texture": "#0"},
				"south": {"uv": [0, 6, 2, 14], "texture": "#0"},
				"west": {"uv": [0, 6, 2, 14], "texture": "#0"},
				"up": {"uv": [0, 6, 2, 14], "texture": "#0"},
				"down": {"uv": [0, 6, 2, 14], "texture": "#0"}
			}
		},
		{
			"name": "candle 3",
			"from": [2.03125, 3.25, 7.78125],
			"to": [2.46875, 3.75, 8.21875],
			"rotation": {"angle": 0, "axis": "y", "origin": [8, 10.25, 8]},
			"faces": {
				"north": {"uv": [2, 10, 6, 14], "texture": "#0"},
				"east": {"uv": [2, 10, 6, 14], "texture": "#0"},
				"south": {"uv": [2, 10, 6, 14], "texture": "#0"},
				"west": {"uv": [2, 10, 6, 14], "texture": "#0"},
				"up": {"uv": [2, 10, 6, 14], "texture": "#0"},
				"down": {"uv": [2, 10, 6, 14], "texture": "#0"}
			}
		},
		{
			"name": "candle 3",
			"from": [11.75, 3, 7.75],
			"to": [12.25, 5.25, 8.25],
			"faces": {
				"north": {"uv": [0, 6, 2, 14], "texture": "#0"},
				"east": {"uv": [0, 6, 2, 14], "texture": "#0"},
				"south": {"uv": [0, 6, 2, 14], "texture": "#0"},
				"west": {"uv": [0, 6, 2, 14], "texture": "#0"},
				"up": {"uv": [0, 6, 2, 14], "texture": "#0"},
				"down": {"uv": [0, 6, 2, 14], "texture": "#0"}
			}
		},
		{
			"name": "candle 4",
			"from": [11.78125, 5.25, 7.78125],
			"to": [12.21875, 5.75, 8.21875],
			"rotation": {"angle": 0, "axis": "y", "origin": [8, 10.25, 8]},
			"faces": {
				"north": {"uv": [2, 10, 6, 14], "texture": "#0"},
				"east": {"uv": [2, 10, 6, 14], "texture": "#0"},
				"south": {"uv": [2, 10, 6, 14], "texture": "#0"},
				"west": {"uv": [2, 10, 6, 14], "texture": "#0"},
				"up": {"uv": [2, 10, 6, 14], "texture": "#0"},
				"down": {"uv": [2, 10, 6, 14], "texture": "#0"}
			}
		},
		{
			"name": "candle 4",
			"from": [9.75, 5, 7.75],
			"to": [10.25, 7.25, 8.25],
			"faces": {
				"north": {"uv": [0, 6, 2, 14], "texture": "#0"},
				"east": {"uv": [0, 6, 2, 14], "texture": "#0"},
				"south": {"uv": [0, 6, 2, 14], "texture": "#0"},
				"west": {"uv": [0, 6, 2, 14], "texture": "#0"},
				"up": {"uv": [0, 6, 2, 14], "texture": "#0"},
				"down": {"uv": [0, 6, 2, 14], "texture": "#0"}
			}
		},
		{
			"name": "candle 5",
			"from": [9.78125, 7.25, 7.78125],
			"to": [10.21875, 7.75, 8.21875],
			"rotation": {"angle": 0, "axis": "y", "origin": [8, 10.25, 8]},
			"faces": {
				"north": {"uv": [2, 10, 6, 14], "texture": "#0"},
				"east": {"uv": [2, 10, 6, 14], "texture": "#0"},
				"south": {"uv": [2, 10, 6, 14], "texture": "#0"},
				"west": {"uv": [2, 10, 6, 14], "texture": "#0"},
				"up": {"uv": [2, 10, 6, 14], "texture": "#0"},
				"down": {"uv": [2, 10, 6, 14], "texture": "#0"}
			}
		},
		{
			"name": "candle 5",
			"from": [5.75, 5, 7.75],
			"to": [6.25, 7.25, 8.25],
			"faces": {
				"north": {"uv": [0, 6, 2, 14], "texture": "#0"},
				"east": {"uv": [0, 6, 2, 14], "texture": "#0"},
				"south": {"uv": [0, 6, 2, 14], "texture": "#0"},
				"west": {"uv": [0, 6, 2, 14], "texture": "#0"},
				"up": {"uv": [0, 6, 2, 14], "texture": "#0"},
				"down": {"uv": [0, 6, 2, 14], "texture": "#0"}
			}
		},
		{
			"name": "candle 6",
			"from": [5.78125, 7.25, 7.78125],
			"to": [6.21875, 7.75, 8.21875],
			"rotation": {"angle": 0, "axis": "y", "origin": [8, 10.25, 8]},
			"faces": {
				"north": {"uv": [2, 10, 6, 14], "texture": "#0"},
				"east": {"uv": [2, 10, 6, 14], "texture": "#0"},
				"south": {"uv": [2, 10, 6, 14], "texture": "#0"},
				"west": {"uv": [2, 10, 6, 14], "texture": "#0"},
				"up": {"uv": [2, 10, 6, 14], "texture": "#0"},
				"down": {"uv": [2, 10, 6, 14], "texture": "#0"}
			}
		},
		{
			"name": "candle 6",
			"from": [7.75, 5.763, 7.75],
			"to": [8.25, 8.013, 8.25],
			"rotation": {"angle": 0, "axis": "y", "origin": [8, 9.125, 8]},
			"faces": {
				"north": {"uv": [0, 6, 2, 14], "texture": "#0"},
				"east": {"uv": [0, 6, 2, 14], "texture": "#0"},
				"south": {"uv": [0, 6, 2, 14], "texture": "#0"},
				"west": {"uv": [0, 6, 2, 14], "texture": "#0"},
				"up": {"uv": [0, 6, 2, 14], "texture": "#0"},
				"down": {"uv": [0, 6, 2, 14], "texture": "#0"}
			}
		},
		{
			"name": "candle 7",
			"from": [7.78125, 8.013, 7.78125],
			"to": [8.21875, 8.513, 8.21875],
			"rotation": {"angle": 0, "axis": "y", "origin": [8, 11.375, 8]},
			"faces": {
				"north": {"uv": [2, 10, 6, 14], "texture": "#0"},
				"east": {"uv": [2, 10, 6, 14], "texture": "#0"},
				"south": {"uv": [2, 10, 6, 14], "texture": "#0"},
				"west": {"uv": [2, 10, 6, 14], "texture": "#0"},
				"up": {"uv": [2, 10, 6, 14], "texture": "#0"},
				"down": {"uv": [2, 10, 6, 14], "texture": "#0"}
			}
		},
		{
			"name": "candle 4",
			"from": [3.75, 3, 7.75],
			"to": [4.25, 5.25, 8.25],
			"faces": {
				"north": {"uv": [0, 6, 2, 14], "texture": "#0"},
				"east": {"uv": [0, 6, 2, 14], "texture": "#0"},
				"south": {"uv": [0, 6, 2, 14], "texture": "#0"},
				"west": {"uv": [0, 6, 2, 14], "texture": "#0"},
				"up": {"uv": [0, 6, 2, 14], "texture": "#0"},
				"down": {"uv": [0, 6, 2, 14], "texture": "#0"}
			}
		},
		{
			"name": "candle 5",
			"from": [3.78125, 5.25, 7.78125],
			"to": [4.21875, 5.75, 8.21875],
			"rotation": {"angle": 0, "axis": "y", "origin": [8, 10.25, 8]},
			"faces": {
				"north": {"uv": [2, 10, 6, 14], "texture": "#0"},
				"east": {"uv": [2, 10, 6, 14], "texture": "#0"},
				"south": {"uv": [2, 10, 6, 14], "texture": "#0"},
				"west": {"uv": [2, 10, 6, 14], "texture": "#0"},
				"up": {"uv": [2, 10, 6, 14], "texture": "#0"},
				"down": {"uv": [2, 10, 6, 14], "texture": "#0"}
			}
		},
		{
			"name": "E",
			"from": [14.25, 0, 7.75],
			"to": [14.75, 0.5, 8.25],
			"faces": {
				"north": {"uv": [2, 8, 4, 10], "texture": "#0"},
				"east": {"uv": [2, 8, 4, 10], "texture": "#0"},
				"south": {"uv": [2, 8, 4, 10], "texture": "#0"},
				"west": {"uv": [2, 8, 4, 10], "texture": "#0"},
				"up": {"uv": [2, 8, 4, 10], "texture": "#0"},
				"down": {"uv": [2, 8, 4, 10], "texture": "#0"}
			}
		},
		{
			"name": "E",
			"from": [14.64393, 0.00054, 7.83302],
			"to": [15.14393, 0.50054, 8.33302],
			"rotation": {"angle": -22.5, "axis": "y", "origin": [14.90744, 0.26193, 8.05814]},
			"faces": {
				"north": {"uv": [2, 8, 4, 10], "texture": "#0"},
				"east": {"uv": [2, 8, 4, 10], "texture": "#0"},
				"south": {"uv": [2, 8, 4, 10], "texture": "#0"},
				"west": {"uv": [2, 8, 4, 10], "texture": "#0"},
				"up": {"uv": [2, 8, 4, 10], "texture": "#0"},
				"down": {"uv": [2, 8, 4, 10], "texture": "#0"}
			}
		},
		{
			"name": "E",
			"from": [14.97611, 0.00072, 8.06047],
			"to": [15.47611, 0.50072, 8.56047],
			"rotation": {"angle": -45, "axis": "y", "origin": [15.23962, 0.26211, 8.28559]},
			"faces": {
				"north": {"uv": [2, 8, 4, 10], "texture": "#0"},
				"east": {"uv": [2, 8, 4, 10], "texture": "#0"},
				"south": {"uv": [2, 8, 4, 10], "texture": "#0"},
				"west": {"uv": [2, 8, 4, 10], "texture": "#0"},
				"up": {"uv": [2, 8, 4, 10], "texture": "#0"},
				"down": {"uv": [2, 8, 4, 10], "texture": "#0"}
			}
		},
		{
			"name": "E",
			"from": [15.06586, -0.0003, 8.29481],
			"to": [15.56586, 0.4997, 9.54481],
			"rotation": {"angle": 0, "axis": "y", "origin": [14.98809, 0.25767, 9.95272]},
			"faces": {
				"north": {"uv": [2, 8, 4, 10], "rotation": 90, "texture": "#0"},
				"east": {"uv": [2, 8, 4, 10], "rotation": 90, "texture": "#0"},
				"south": {"uv": [2, 8, 4, 10], "rotation": 90, "texture": "#0"},
				"west": {"uv": [2, 8, 4, 10], "rotation": 90, "texture": "#0"},
				"up": {"uv": [2, 8, 4, 10], "rotation": 90, "texture": "#0"},
				"down": {"uv": [2, 8, 4, 10], "rotation": 90, "texture": "#0"}
			}
		},
		{
			"name": "E",
			"from": [14.7535, -0.00006, 9.10131],
			"to": [15.2535, 0.49994, 10.35131],
			"rotation": {"angle": -45, "axis": "y", "origin": [14.87386, 0.25947, 9.69968]},
			"faces": {
				"north": {"uv": [2, 8, 4, 10], "rotation": 90, "texture": "#0"},
				"east": {"uv": [2, 8, 4, 10], "rotation": 90, "texture": "#0"},
				"south": {"uv": [2, 8, 4, 10], "rotation": 90, "texture": "#0"},
				"west": {"uv": [2, 8, 4, 10], "rotation": 90, "texture": "#0"},
				"up": {"uv": [2, 8, 4, 10], "rotation": 90, "texture": "#0"},
				"down": {"uv": [2, 8, 4, 10], "rotation": 90, "texture": "#0"}
			}
		},
		{
			"name": "E",
			"from": [13.33287, -0.00268, 10.18833],
			"to": [14.58287, 0.49732, 10.68833],
			"rotation": {"angle": 22.5, "axis": "y", "origin": [13.9845, 0.25685, 10.30869]},
			"faces": {
				"north": {"uv": [2, 8, 4, 10], "rotation": 90, "texture": "#0"},
				"east": {"uv": [2, 8, 4, 10], "rotation": 90, "texture": "#0"},
				"south": {"uv": [2, 8, 4, 10], "rotation": 90, "texture": "#0"},
				"west": {"uv": [2, 8, 4, 10], "rotation": 90, "texture": "#0"},
				"up": {"uv": [2, 8, 4, 10], "rotation": 180, "texture": "#0"},
				"down": {"uv": [2, 8, 4, 10], "texture": "#0"}
			}
		},
		{
			"name": "E",
			"from": [12.27814, -0.00491, 10.41064],
			"to": [13.52814, 0.49509, 10.91064],
			"rotation": {"angle": 0, "axis": "y", "origin": [12.92977, 0.25462, 10.531]},
			"faces": {
				"north": {"uv": [2, 8, 4, 10], "rotation": 90, "texture": "#0"},
				"east": {"uv": [2, 8, 4, 10], "rotation": 90, "texture": "#0"},
				"south": {"uv": [2, 8, 4, 10], "rotation": 90, "texture": "#0"},
				"west": {"uv": [2, 8, 4, 10], "rotation": 90, "texture": "#0"},
				"up": {"uv": [2, 8, 4, 10], "rotation": 180, "texture": "#0"},
				"down": {"uv": [2, 8, 4, 10], "texture": "#0"}
			}
		},
		{
			"name": "E",
			"from": [10.95513, -0.0043, 10.24239],
			"to": [12.20513, 0.4957, 10.74239],
			"rotation": {"angle": 22.5, "axis": "y", "origin": [12.66147, 0.25754, 10.14034]},
			"faces": {
				"north": {"uv": [2, 8, 4, 10], "rotation": 90, "texture": "#0"},
				"east": {"uv": [2, 8, 4, 10], "rotation": 90, "texture": "#0"},
				"south": {"uv": [2, 8, 4, 10], "rotation": 90, "texture": "#0"},
				"west": {"uv": [2, 8, 4, 10], "rotation": 90, "texture": "#0"},
				"up": {"uv": [2, 8, 4, 10], "rotation": 180, "texture": "#0"},
				"down": {"uv": [2, 8, 4, 10], "texture": "#0"}
			}
		},
		{
			"name": "E",
			"from": [8.95171, -0.00369, 9.25664],
			"to": [9.45171, 0.49631, 10.00664],
			"rotation": {"angle": -45, "axis": "y", "origin": [8.07119, 0.24394, 12.69463]},
			"faces": {
				"north": {"uv": [2, 8, 4, 10], "rotation": 90, "texture": "#0"},
				"east": {"uv": [2, 8, 4, 10], "rotation": 90, "texture": "#0"},
				"south": {"uv": [2, 8, 4, 10], "rotation": 90, "texture": "#0"},
				"west": {"uv": [2, 8, 4, 10], "rotation": 90, "texture": "#0"},
				"up": {"uv": [2, 8, 4, 10], "rotation": 90, "texture": "#0"},
				"down": {"uv": [2, 8, 4, 10], "rotation": 90, "texture": "#0"}
			}
		},
		{
			"name": "E",
			"from": [10.44413, -0.00307, 11.48339],
			"to": [10.94413, 0.49693, 12.23339],
			"rotation": {"angle": -22.5, "axis": "y", "origin": [10.6912, 0.25108, 11.82923]},
			"faces": {
				"north": {"uv": [2, 8, 4, 10], "rotation": 90, "texture": "#0"},
				"east": {"uv": [2, 8, 4, 10], "rotation": 90, "texture": "#0"},
				"south": {"uv": [2, 8, 4, 10], "rotation": 90, "texture": "#0"},
				"west": {"uv": [2, 8, 4, 10], "rotation": 90, "texture": "#0"},
				"up": {"uv": [2, 8, 4, 10], "rotation": 90, "texture": "#0"},
				"down": {"uv": [2, 8, 4, 10], "rotation": 90, "texture": "#0"}
			}
		},
		{
			"name": "E",
			"from": [10.30903, -0.00245, 12.1067],
			"to": [10.80903, 0.49755, 12.8567],
			"rotation": {"angle": 0, "axis": "y", "origin": [10.5561, 0.2517, 12.45253]},
			"faces": {
				"north": {"uv": [2, 8, 4, 10], "rotation": 90, "texture": "#0"},
				"east": {"uv": [2, 8, 4, 10], "rotation": 90, "texture": "#0"},
				"south": {"uv": [2, 8, 4, 10], "rotation": 90, "texture": "#0"},
				"west": {"uv": [2, 8, 4, 10], "rotation": 90, "texture": "#0"},
				"up": {"uv": [2, 8, 4, 10], "rotation": 90, "texture": "#0"},
				"down": {"uv": [2, 8, 4, 10], "rotation": 90, "texture": "#0"}
			}
		},
		{
			"name": "E",
			"from": [10.42332, -0.00183, 12.73445],
			"to": [10.92332, 0.49817, 13.48445],
			"rotation": {"angle": 22.5, "axis": "y", "origin": [10.67039, 0.25232, 13.08028]},
			"faces": {
				"north": {"uv": [2, 8, 4, 10], "rotation": 90, "texture": "#0"},
				"east": {"uv": [2, 8, 4, 10], "rotation": 90, "texture": "#0"},
				"south": {"uv": [2, 8, 4, 10], "rotation": 90, "texture": "#0"},
				"west": {"uv": [2, 8, 4, 10], "rotation": 90, "texture": "#0"},
				"up": {"uv": [2, 8, 4, 10], "rotation": 90, "texture": "#0"},
				"down": {"uv": [2, 8, 4, 10], "rotation": 90, "texture": "#0"}
			}
		},
		{
			"name": "E",
			"from": [10.76873, -0.00219, 13.27284],
			"to": [11.26873, 0.49781, 13.64784],
			"rotation": {"angle": 45, "axis": "y", "origin": [11.0158, 0.25196, 13.61867]},
			"faces": {
				"north": {"uv": [2, 8, 4, 10], "rotation": 90, "texture": "#0"},
				"east": {"uv": [2, 8, 4, 10], "rotation": 90, "texture": "#0"},
				"south": {"uv": [2, 8, 4, 10], "rotation": 90, "texture": "#0"},
				"west": {"uv": [2, 8, 4, 10], "rotation": 90, "texture": "#0"},
				"up": {"uv": [2, 8, 4, 10], "rotation": 90, "texture": "#0"},
				"down": {"uv": [2, 8, 4, 10], "rotation": 90, "texture": "#0"}
			}
		},
		{
			"name": "E",
			"from": [10.93041, -0.00219, 13.46469],
			"to": [11.30541, 0.49781, 13.96469],
			"rotation": {"angle": -22.5, "axis": "y", "origin": [11.27624, 0.25196, 13.71762]},
			"faces": {
				"north": {"uv": [2, 8, 4, 10], "rotation": 90, "texture": "#0"},
				"east": {"uv": [2, 8, 4, 10], "rotation": 90, "texture": "#0"},
				"south": {"uv": [2, 8, 4, 10], "rotation": 90, "texture": "#0"},
				"west": {"uv": [2, 8, 4, 10], "rotation": 90, "texture": "#0"},
				"up": {"uv": [2, 8, 4, 10], "texture": "#0"},
				"down": {"uv": [2, 8, 4, 10], "rotation": 180, "texture": "#0"}
			}
		},
		{
			"name": "E",
			"from": [11.20862, -0.00219, 13.45705],
			"to": [11.58362, 0.49781, 13.95705],
			"rotation": {"angle": 0, "axis": "y", "origin": [11.55446, 0.25197, 13.70998]},
			"faces": {
				"north": {"uv": [2, 8, 4, 10], "rotation": 90, "texture": "#0"},
				"east": {"uv": [2, 8, 4, 10], "rotation": 90, "texture": "#0"},
				"south": {"uv": [2, 8, 4, 10], "rotation": 90, "texture": "#0"},
				"west": {"uv": [2, 8, 4, 10], "rotation": 90, "texture": "#0"},
				"up": {"uv": [2, 8, 4, 10], "texture": "#0"},
				"down": {"uv": [2, 8, 4, 10], "rotation": 180, "texture": "#0"}
			}
		},
		{
			"name": "E",
			"from": [11.43795, 0.22606, 13.45734],
			"to": [12.68795, 0.72606, 13.95734],
			"rotation": {"angle": 22.5, "axis": "z", "origin": [12.08541, 0.47806, 15.68289]},
			"faces": {
				"north": {"uv": [2, 8, 4, 10], "rotation": 180, "texture": "#0"},
				"east": {"uv": [2, 8, 4, 10], "rotation": 180, "texture": "#0"},
				"south": {"uv": [2, 8, 4, 10], "rotation": 180, "texture": "#0"},
				"west": {"uv": [2, 8, 4, 10], "rotation": 180, "texture": "#0"},
				"up": {"uv": [2, 8, 4, 10], "texture": "#0"},
				"down": {"uv": [2, 8, 4, 10], "texture": "#0"}
			}
		},
		{
			"name": "E",
			"from": [12.36959, 0.86147, 13.4547],
			"to": [13.44729, 1.35995, 13.95682],
			"rotation": {"angle": 45, "axis": "z", "origin": [13.01705, 1.11347, 15.68237]},
			"faces": {
				"north": {"uv": [2, 8, 4, 10], "rotation": 180, "texture": "#0"},
				"east": {"uv": [2, 8, 4, 10], "rotation": 180, "texture": "#0"},
				"south": {"uv": [2, 8, 4, 10], "rotation": 180, "texture": "#0"},
				"west": {"uv": [2, 8, 4, 10], "rotation": 180, "texture": "#0"},
				"up": {"uv": [2, 8, 4, 10], "texture": "#0"},
				"down": {"uv": [2, 8, 4, 10], "texture": "#0"}
			}
		},
		{
			"name": "E",
			"from": [13.19261, 1.35864, 13.4547],
			"to": [13.46661, 1.85864, 13.9547],
			"rotation": {"angle": 22.5, "axis": "z", "origin": [13.84007, 1.61064, 15.68025]},
			"faces": {
				"north": {"uv": [2, 8, 4, 10], "rotation": 180, "texture": "#0"},
				"east": {"uv": [2, 8, 4, 10], "rotation": 180, "texture": "#0"},
				"south": {"uv": [2, 8, 4, 10], "rotation": 180, "texture": "#0"},
				"west": {"uv": [2, 8, 4, 10], "rotation": 180, "texture": "#0"},
				"up": {"uv": [2, 8, 4, 10], "texture": "#0"},
				"down": {"uv": [2, 8, 4, 10], "texture": "#0"}
			}
		},
		{
			"name": "E",
			"from": [13.40014, 1.19684, 13.4547],
			"to": [14.74814, 1.69684, 13.9547],
			"rotation": {"angle": 0, "axis": "z", "origin": [15.06859, 1.94884, 15.68025]},
			"faces": {
				"north": {"uv": [2, 8, 4, 10], "rotation": 180, "texture": "#0"},
				"east": {"uv": [2, 8, 4, 10], "rotation": 180, "texture": "#0"},
				"south": {"uv": [2, 8, 4, 10], "rotation": 180, "texture": "#0"},
				"west": {"uv": [2, 8, 4, 10], "rotation": 180, "texture": "#0"},
				"up": {"uv": [2, 8, 4, 10], "texture": "#0"},
				"down": {"uv": [2, 8, 4, 10], "texture": "#0"}
			}
		},
		{
			"name": "E",
			"from": [14.73984, 1.10885, 13.2161],
			"to": [15.48984, 1.85885, 14.2161],
			"rotation": {"angle": 0, "axis": "y", "origin": [9.03998, 1.48253, 13.90485]},
			"faces": {
				"north": {"uv": [4, 8, 6, 10], "rotation": 180, "texture": "#0"},
				"east": {"uv": [4, 8, 6, 10], "rotation": 180, "texture": "#0"},
				"south": {"uv": [4, 8, 6, 10], "rotation": 180, "texture": "#0"},
				"west": {"uv": [4, 8, 6, 10], "rotation": 180, "texture": "#0"},
				"up": {"uv": [4, 8, 6, 10], "texture": "#0"},
				"down": {"uv": [4, 8, 6, 10], "texture": "#0"}
			}
		},
		{
			"name": "E",
			"from": [15.73984, 0.24285, 12.2131],
			"to": [15.98984, 4.24285, 15.2131],
			"rotation": {"angle": 0, "axis": "y", "origin": [9.03998, 0.61653, 13.52685]},
			"faces": {
				"north": {"uv": [4, 8, 6, 10], "rotation": 180, "texture": "#0"},
				"east": {"uv": [4, 8, 6, 10], "rotation": 180, "texture": "#0"},
				"south": {"uv": [4, 8, 6, 10], "rotation": 180, "texture": "#0"},
				"west": {"uv": [4, 8, 6, 10], "rotation": 180, "texture": "#0"},
				"up": {"uv": [4, 8, 6, 10], "texture": "#0"},
				"down": {"uv": [4, 8, 6, 10], "texture": "#0"}
			}
		},
		{
			"name": "E",
			"from": [15.48984, 1.74307, 12.96288],
			"to": [15.73984, 2.11807, 14.46288],
			"rotation": {"angle": 0, "axis": "y", "origin": [9.16498, 0.24174, 13.52664]},
			"faces": {
				"north": {"uv": [4, 8, 6, 10], "rotation": 180, "texture": "#0"},
				"east": {"uv": [4, 8, 6, 10], "rotation": 180, "texture": "#0"},
				"south": {"uv": [4, 8, 6, 10], "rotation": 180, "texture": "#0"},
				"west": {"uv": [4, 8, 6, 10], "rotation": 180, "texture": "#0"},
				"up": {"uv": [4, 8, 6, 10], "texture": "#0"},
				"down": {"uv": [4, 8, 6, 10], "texture": "#0"}
			}
		},
		{
			"name": "E",
			"from": [15.48984, 3.49307, 12.96288],
			"to": [15.73984, 3.86807, 14.46288],
			"rotation": {"angle": 0, "axis": "y", "origin": [9.16498, 1.99174, 13.52664]},
			"faces": {
				"north": {"uv": [4, 8, 6, 10], "rotation": 180, "texture": "#0"},
				"east": {"uv": [4, 8, 6, 10], "rotation": 180, "texture": "#0"},
				"south": {"uv": [4, 8, 6, 10], "rotation": 180, "texture": "#0"},
				"west": {"uv": [4, 8, 6, 10], "rotation": 180, "texture": "#0"},
				"up": {"uv": [4, 8, 6, 10], "texture": "#0"},
				"down": {"uv": [4, 8, 6, 10], "texture": "#0"}
			}
		},
		{
			"name": "E",
			"from": [15.48984, 0.86807, 12.96288],
			"to": [15.73984, 1.24307, 14.46288],
			"rotation": {"angle": 0, "axis": "y", "origin": [9.16498, 0.24174, 13.52664]},
			"faces": {
				"north": {"uv": [4, 8, 6, 10], "rotation": 180, "texture": "#0"},
				"east": {"uv": [4, 8, 6, 10], "rotation": 180, "texture": "#0"},
				"south": {"uv": [4, 8, 6, 10], "rotation": 180, "texture": "#0"},
				"west": {"uv": [4, 8, 6, 10], "rotation": 180, "texture": "#0"},
				"up": {"uv": [4, 8, 6, 10], "texture": "#0"},
				"down": {"uv": [4, 8, 6, 10], "texture": "#0"}
			}
		},
		{
			"name": "E",
			"from": [15.48984, 2.61807, 12.96288],
			"to": [15.73984, 2.99307, 14.46288],
			"rotation": {"angle": 0, "axis": "y", "origin": [9.16498, 1.99174, 13.52664]},
			"faces": {
				"north": {"uv": [4, 8, 6, 10], "rotation": 180, "texture": "#0"},
				"east": {"uv": [4, 8, 6, 10], "rotation": 180, "texture": "#0"},
				"south": {"uv": [4, 8, 6, 10], "rotation": 180, "texture": "#0"},
				"west": {"uv": [4, 8, 6, 10], "rotation": 180, "texture": "#0"},
				"up": {"uv": [4, 8, 6, 10], "texture": "#0"},
				"down": {"uv": [4, 8, 6, 10], "texture": "#0"}
			}
		},
		{
			"name": "E",
			"from": [15.48984, 1.24307, 12.96288],
			"to": [15.73918, 1.74307, 13.21354],
			"rotation": {"angle": 0, "axis": "y", "origin": [9.16432, 0.61674, 13.52729]},
			"faces": {
				"north": {"uv": [4, 8, 6, 10], "rotation": 180, "texture": "#0"},
				"east": {"uv": [4, 8, 6, 10], "rotation": 180, "texture": "#0"},
				"south": {"uv": [4, 8, 6, 10], "rotation": 180, "texture": "#0"},
				"west": {"uv": [4, 8, 6, 10], "rotation": 180, "texture": "#0"},
				"up": {"uv": [4, 8, 6, 10], "texture": "#0"},
				"down": {"uv": [4, 8, 6, 10], "texture": "#0"}
			}
		},
		{
			"name": "E",
			"from": [15.48984, 2.99307, 12.96288],
			"to": [15.73918, 3.49307, 13.21354],
			"rotation": {"angle": 0, "axis": "y", "origin": [9.16432, 2.36674, 13.52729]},
			"faces": {
				"north": {"uv": [4, 8, 6, 10], "rotation": 180, "texture": "#0"},
				"east": {"uv": [4, 8, 6, 10], "rotation": 180, "texture": "#0"},
				"south": {"uv": [4, 8, 6, 10], "rotation": 180, "texture": "#0"},
				"west": {"uv": [4, 8, 6, 10], "rotation": 180, "texture": "#0"},
				"up": {"uv": [4, 8, 6, 10], "texture": "#0"},
				"down": {"uv": [4, 8, 6, 10], "texture": "#0"}
			}
		},
		{
			"name": "E",
			"from": [15.48984, 1.24307, 14.21223],
			"to": [15.73787, 1.74438, 14.46288],
			"rotation": {"angle": 0, "axis": "y", "origin": [9.16301, 0.61805, 12.77664]},
			"faces": {
				"north": {"uv": [4, 8, 6, 10], "rotation": 180, "texture": "#0"},
				"east": {"uv": [4, 8, 6, 10], "rotation": 180, "texture": "#0"},
				"south": {"uv": [4, 8, 6, 10], "rotation": 180, "texture": "#0"},
				"west": {"uv": [4, 8, 6, 10], "rotation": 180, "texture": "#0"},
				"up": {"uv": [4, 8, 6, 10], "texture": "#0"},
				"down": {"uv": [4, 8, 6, 10], "texture": "#0"}
			}
		},
		{
			"name": "E",
			"from": [15.48984, 2.99307, 14.21223],
			"to": [15.73787, 3.49438, 14.46288],
			"rotation": {"angle": 0, "axis": "y", "origin": [9.16301, 2.36805, 12.77664]},
			"faces": {
				"north": {"uv": [4, 8, 6, 10], "rotation": 180, "texture": "#0"},
				"east": {"uv": [4, 8, 6, 10], "rotation": 180, "texture": "#0"},
				"south": {"uv": [4, 8, 6, 10], "rotation": 180, "texture": "#0"},
				"west": {"uv": [4, 8, 6, 10], "rotation": 180, "texture": "#0"},
				"up": {"uv": [4, 8, 6, 10], "texture": "#0"},
				"down": {"uv": [4, 8, 6, 10], "texture": "#0"}
			}
		},
		{
			"name": "E",
			"from": [15.48983, 1.35942, 13.84153],
			"to": [16.11483, 1.60942, 14.09153],
			"rotation": {"angle": 0, "axis": "y", "origin": [9.03998, 1.48253, 13.90485]},
			"faces": {
				"north": {"uv": [2, 6, 4, 8], "rotation": 180, "texture": "#0"},
				"east": {"uv": [2, 6, 4, 8], "rotation": 180, "texture": "#0"},
				"south": {"uv": [2, 6, 4, 8], "rotation": 180, "texture": "#0"},
				"west": {"uv": [2, 6, 4, 8], "rotation": 180, "texture": "#0"},
				"up": {"uv": [2, 6, 4, 8], "texture": "#0"},
				"down": {"uv": [2, 6, 4, 8], "texture": "#0"}
			}
		},
		{
			"name": "E",
			"from": [15.48983, 1.35942, 13.34153],
			"to": [16.11483, 1.60942, 13.59153],
			"rotation": {"angle": 0, "axis": "y", "origin": [9.03998, 1.48253, 13.90485]},
			"faces": {
				"north": {"uv": [2, 6, 4, 8], "rotation": 180, "texture": "#0"},
				"east": {"uv": [2, 6, 4, 8], "rotation": 180, "texture": "#0"},
				"south": {"uv": [2, 6, 4, 8], "rotation": 180, "texture": "#0"},
				"west": {"uv": [2, 6, 4, 8], "rotation": 180, "texture": "#0"},
				"up": {"uv": [2, 6, 4, 8], "texture": "#0"},
				"down": {"uv": [2, 6, 4, 8], "texture": "#0"}
			}
		}
	],
	"display": {
		"thirdperson_righthand": {
			"translation": [0, 4.5, 0]
		},
		"thirdperson_lefthand": {
			"translation": [0, 4.5, 0]
		},
		"firstperson_righthand": {
			"translation": [0, 4.5, 0]
		},
		"firstperson_lefthand": {
			"translation": [0, 4.5, 0]
		},
		"ground": {
			"translation": [0, 4.5, 0]
		},
		"gui": {
			"rotation": [30, 156, 0],
			"translation": [0, 3, 0]
		},
		"fixed": {
			"rotation": [-90, 0, 0],
			"translation": [0, 0, -13.75],
			"scale": [2, 2, 2]
		}
	},
	"groups": [
		{
			"name": "bass",
			"origin": [7.72741, 5.67619, 8],
			"children": [0, 1, 2, 3, 4, 5, 6, 7, 8, 9, 10,
				{
					"name": "candle",
					"origin": [8, 8, 8],
					"children": [11, 12, 13, 14, 15, 16, 17, 18, 19, 20, 21, 22, 23, 24]
				}
			]
		},
		{
			"name": "deco",
			"origin": [8, 8, 8],
			"children": [25, 26, 27, 28, 29, 30, 31, 32, 33, 34, 35, 36, 37, 38, 39, 40, 41, 42, 43, 44, 45, 46, 47, 48, 49, 50, 51, 52, 53, 54, 55]
		}
	]
}