{
	"credit": "Made with Blockbench",
	"textures": {
		"0": "custom/christmas/christmas_present_blue_t",
		"1": "custom/christmas/christmas_present_red_t",
		"2": "custom/christmas/christmas_present_green_t",
		"particle": "custom/christmas/christmas_present_blue_t"
	},
	"elements": [
		{
			"name": "bass_1",
			"from": [10.67267, 10.83948, 1.86933],
			"to": [13.67267, 10.83948, 4.86933],
			"rotation": {"angle": 22.5, "axis": "x", "origin": [12.17267, 10.83948, 3.36933]},
			"faces": {
				"north": {"uv": [0, 0, 4, 4], "texture": "#0"},
				"east": {"uv": [0, 0, 4, 4], "texture": "#0"},
				"south": {"uv": [0, 0, 4, 4], "texture": "#0"},
				"west": {"uv": [0, 0, 4, 4], "texture": "#0"},
				"up": {"uv": [0, 0, 4, 4], "texture": "#0"},
				"down": {"uv": [0, 0, 4, 4], "texture": "#0"}
			}
		},
		{
			"name": "bass_2",
			"from": [10.67267, 10.83948, 1.86933],
			"to": [13.67267, 10.83948, 4.86933],
			"rotation": {"angle": -22.5, "axis": "x", "origin": [12.17267, 10.83948, 3.36933]},
			"faces": {
				"north": {"uv": [0, 0, 4, 4], "texture": "#0"},
				"east": {"uv": [0, 0, 4, 4], "texture": "#0"},
				"south": {"uv": [0, 0, 4, 4], "texture": "#0"},
				"west": {"uv": [0, 0, 4, 4], "texture": "#0"},
				"up": {"uv": [0, 0, 4, 4], "texture": "#0"},
				"down": {"uv": [0, 0, 4, 4], "texture": "#0"}
			}
		},
		{
			"name": "bass_3",
			"from": [10.67267, 10.83948, 1.86933],
			"to": [13.67267, 10.83948, 4.86933],
			"rotation": {"angle": -22.5, "axis": "z", "origin": [12.17267, 10.83948, 3.36933]},
			"faces": {
				"north": {"uv": [0, 0, 4, 4], "texture": "#0"},
				"east": {"uv": [0, 0, 4, 4], "texture": "#0"},
				"south": {"uv": [0, 0, 4, 4], "texture": "#0"},
				"west": {"uv": [0, 0, 4, 4], "texture": "#0"},
				"up": {"uv": [0, 0, 4, 4], "texture": "#0"},
				"down": {"uv": [0, 0, 4, 4], "texture": "#0"}
			}
		},
		{
			"name": "bass_4",
			"from": [10.67267, 10.83948, 1.86933],
			"to": [13.67267, 10.83948, 4.86933],
			"rotation": {"angle": 22.5, "axis": "z", "origin": [12.17267, 10.83948, 3.36933]},
			"faces": {
				"north": {"uv": [0, 0, 4, 4], "texture": "#0"},
				"east": {"uv": [0, 0, 4, 4], "texture": "#0"},
				"south": {"uv": [0, 0, 4, 4], "texture": "#0"},
				"west": {"uv": [0, 0, 4, 4], "texture": "#0"},
				"up": {"uv": [0, 0, 4, 4], "texture": "#0"},
				"down": {"uv": [0, 0, 4, 4], "texture": "#0"}
			}
		},
		{
			"name": "bass 1",
			"from": [7.17267, 0.01548, -1.63067],
			"to": [17.17267, 10.01548, 8.36933],
			"rotation": {"angle": 0, "axis": "y", "origin": [12.17267, 8.01548, 3.36933]},
			"faces": {
				"north": {"uv": [8, 0, 16, 8], "texture": "#0"},
				"east": {"uv": [8, 0, 16, 8], "texture": "#0"},
				"south": {"uv": [8, 0, 16, 8], "texture": "#0"},
				"west": {"uv": [8, 0, 16, 8], "texture": "#0"},
				"up": {"uv": [8, 0, 16, 8], "texture": "#0"},
				"down": {"uv": [8, 0, 16, 8], "texture": "#0"}
			}
		},
		{
			"name": "bass 7",
			"from": [12.67267, 10.01548, 2.86933],
			"to": [17.42267, 10.26548, 3.86933],
			"rotation": {"angle": 0, "axis": "y", "origin": [7.17267, 14.01548, 3.86933]},
			"faces": {
				"north": {"uv": [0, 14, 16, 14.5], "texture": "#0"},
				"east": {"uv": [0, 14, 16, 16], "rotation": 90, "texture": "#0"},
				"south": {"uv": [0, 14, 16, 14.5], "texture": "#0"},
				"west": {"uv": [0, 14, 16, 16], "texture": "#0"},
				"up": {"uv": [0, 14, 16, 16], "texture": "#0"},
				"down": {"uv": [0, 14, 16, 16], "texture": "#0"}
			}
		},
		{
			"name": "bass 2",
			"from": [17.17267, 0.01548, 2.86933],
			"to": [17.42267, 10.01548, 3.86933],
			"rotation": {"angle": 0, "axis": "y", "origin": [6.67267, 11.01548, 3.86933]},
			"faces": {
				"north": {"uv": [0, 14, 16, 14.5], "texture": "#0"},
				"east": {"uv": [0, 14, 16, 16], "rotation": 90, "texture": "#0"},
				"south": {"uv": [0, 14, 16, 14.5], "texture": "#0"},
				"west": {"uv": [0, 14, 16, 16], "texture": "#0"},
				"up": {"uv": [0, 14, 16, 16], "texture": "#0"},
				"down": {"uv": [0, 14, 16, 16], "texture": "#0"}
			}
		},
		{
			"name": "bass 6",
			"from": [11.67267, 10.01548, -1.88067],
			"to": [12.67267, 10.26548, 8.61933],
			"rotation": {"angle": 0, "axis": "y", "origin": [7.17267, 14.01548, 3.86933]},
			"faces": {
				"north": {"uv": [0, 14, 16, 16], "rotation": 90, "texture": "#0"},
				"east": {"uv": [0, 14, 16, 14.5], "texture": "#0"},
				"south": {"uv": [0, 14, 16, 16], "rotation": 90, "texture": "#0"},
				"west": {"uv": [0, 14, 16, 14.5], "texture": "#0"},
				"up": {"uv": [0, 14, 16, 16], "rotation": 90, "texture": "#0"},
				"down": {"uv": [0, 14, 16, 16], "texture": "#0"}
			}
		},
		{
			"name": "bass 4",
			"from": [11.67267, 0.01548, -1.88067],
			"to": [12.67267, 10.01548, -1.63067],
			"rotation": {"angle": 0, "axis": "y", "origin": [7.17267, 14.01548, 3.86933]},
			"faces": {
				"north": {"uv": [0, 14, 16, 16], "rotation": 90, "texture": "#0"},
				"east": {"uv": [0, 14, 16, 14.5], "texture": "#0"},
				"south": {"uv": [0, 14, 16, 16], "texture": "#0"},
				"west": {"uv": [0, 14, 16, 14.5], "texture": "#0"},
				"up": {"uv": [0, 14, 16, 16], "texture": "#0"},
				"down": {"uv": [0, 14, 16, 16], "texture": "#0"}
			}
		},
		{
			"name": "bass 8",
			"from": [6.92267, 10.01548, 2.86933],
			"to": [11.67267, 10.26548, 3.86933],
			"rotation": {"angle": 0, "axis": "y", "origin": [7.17267, 14.01548, 3.86933]},
			"faces": {
				"north": {"uv": [0, 14, 16, 14.5], "texture": "#0"},
				"east": {"uv": [0, 14, 16, 16], "texture": "#0"},
				"south": {"uv": [0, 14, 16, 16], "texture": "#0"},
				"west": {"uv": [0, 14, 16, 16], "rotation": 90, "texture": "#0"},
				"up": {"uv": [0, 14, 16, 16], "texture": "#0"},
				"down": {"uv": [0, 14, 16, 16], "texture": "#0"}
			}
		},
		{
			"name": "bass 3",
			"from": [6.92267, 0.01548, 2.86933],
			"to": [7.17267, 10.01548, 3.86933],
			"rotation": {"angle": 0, "axis": "y", "origin": [6.67267, 11.01548, 3.86933]},
			"faces": {
				"north": {"uv": [0, 14, 16, 14.5], "texture": "#0"},
				"east": {"uv": [0, 14, 16, 16], "texture": "#0"},
				"south": {"uv": [0, 14, 16, 16], "texture": "#0"},
				"west": {"uv": [0, 14, 16, 16], "rotation": 90, "texture": "#0"},
				"up": {"uv": [0, 14, 16, 16], "texture": "#0"},
				"down": {"uv": [0, 14, 16, 16], "texture": "#0"}
			}
		},
		{
			"name": "bass 5",
			"from": [11.67267, 0.01548, 8.36933],
			"to": [12.67267, 10.01548, 8.61933],
			"rotation": {"angle": 0, "axis": "y", "origin": [7.17267, 14.01548, 3.86933]},
			"faces": {
				"north": {"uv": [0, 14, 16, 16], "texture": "#0"},
				"east": {"uv": [0, 14, 16, 14.5], "texture": "#0"},
				"south": {"uv": [0, 14, 16, 16], "rotation": 90, "texture": "#0"},
				"west": {"uv": [0, 14, 16, 14.5], "texture": "#0"},
				"up": {"uv": [0, 14, 16, 16], "texture": "#0"},
				"down": {"uv": [0, 14, 16, 16], "texture": "#0"}
			}
		},
		{
			"name": "bass_2",
			"from": [1.04467, 5.50868, 7.78933],
			"to": [3.44467, 5.50868, 10.18933],
			"rotation": {"angle": 22.5, "axis": "z", "origin": [2.24467, 5.50868, 8.98933]},
			"faces": {
				"north": {"uv": [0, 0, 4, 4], "texture": "#1"},
				"east": {"uv": [0, 0, 4, 4], "texture": "#1"},
				"south": {"uv": [0, 0, 4, 4], "texture": "#1"},
				"west": {"uv": [0, 0, 4, 4], "texture": "#1"},
				"up": {"uv": [0, 0, 4, 4], "rotation": 90, "texture": "#1"},
				"down": {"uv": [0, 0, 4, 4], "rotation": 270, "texture": "#1"}
			}
		},
		{
			"name": "bass_3",
			"from": [1.04467, 5.50868, 7.78933],
			"to": [3.44467, 5.50868, 10.18933],
			"rotation": {"angle": -22.5, "axis": "z", "origin": [2.24467, 5.50868, 8.98933]},
			"faces": {
				"north": {"uv": [0, 0, 4, 4], "texture": "#1"},
				"east": {"uv": [0, 0, 4, 4], "texture": "#1"},
				"south": {"uv": [0, 0, 4, 4], "texture": "#1"},
				"west": {"uv": [0, 0, 4, 4], "texture": "#1"},
				"up": {"uv": [0, 0, 4, 4], "rotation": 90, "texture": "#1"},
				"down": {"uv": [0, 0, 4, 4], "rotation": 270, "texture": "#1"}
			}
		},
		{
			"name": "bass_4",
			"from": [1.04467, 5.50868, 7.78933],
			"to": [3.44467, 5.50868, 10.18933],
			"rotation": {"angle": 22.5, "axis": "x", "origin": [2.24467, 5.50868, 8.98933]},
			"faces": {
				"north": {"uv": [0, 0, 4, 4], "texture": "#1"},
				"east": {"uv": [0, 0, 4, 4], "texture": "#1"},
				"south": {"uv": [0, 0, 4, 4], "texture": "#1"},
				"west": {"uv": [0, 0, 4, 4], "texture": "#1"},
				"up": {"uv": [0, 0, 4, 4], "rotation": 90, "texture": "#1"},
				"down": {"uv": [0, 0, 4, 4], "rotation": 270, "texture": "#1"}
			}
		},
		{
			"name": "bass_5",
			"from": [1.04467, 5.50868, 7.78933],
			"to": [3.44467, 5.50868, 10.18933],
			"rotation": {"angle": -22.5, "axis": "x", "origin": [2.24467, 5.50868, 8.98933]},
			"faces": {
				"north": {"uv": [0, 0, 4, 4], "texture": "#1"},
				"east": {"uv": [0, 0, 4, 4], "texture": "#1"},
				"south": {"uv": [0, 0, 4, 4], "texture": "#1"},
				"west": {"uv": [0, 0, 4, 4], "texture": "#1"},
				"up": {"uv": [0, 0, 4, 4], "rotation": 90, "texture": "#1"},
				"down": {"uv": [0, 0, 4, 4], "rotation": 270, "texture": "#1"}
			}
		},
		{
			"name": "bass 2",
			"from": [-1.75533, 0.04948, 2.58933],
			"to": [6.24467, 4.84948, 15.38933],
			"rotation": {"angle": 0, "axis": "y", "origin": [2.24467, 6.44948, 11.38933]},
			"faces": {
				"north": {"uv": [8, 0, 16, 8], "texture": "#1"},
				"east": {"uv": [8, 0, 16, 8], "texture": "#1"},
				"south": {"uv": [8, 0, 16, 8], "texture": "#1"},
				"west": {"uv": [8, 0, 16, 8], "texture": "#1"},
				"up": {"uv": [8, 0, 16, 8], "rotation": 90, "texture": "#1"},
				"down": {"uv": [8, 0, 16, 8], "rotation": 270, "texture": "#1"}
			}
		},
		{
			"name": "bass 8",
			"from": [1.84467, 4.84948, 9.38933],
			"to": [2.64467, 5.04948, 15.58933],
			"rotation": {"angle": 0, "axis": "y", "origin": [1.84467, 8.04948, 7.38933]},
			"faces": {
				"north": {"uv": [0, 14, 16, 16], "texture": "#1"},
				"east": {"uv": [0, 14, 16, 14.5], "texture": "#1"},
				"south": {"uv": [0, 14, 16, 16], "rotation": 90, "texture": "#1"},
				"west": {"uv": [0, 14, 16, 14.5], "texture": "#1"},
				"up": {"uv": [0, 14, 16, 16], "rotation": 90, "texture": "#1"},
				"down": {"uv": [0, 14, 16, 16], "rotation": 270, "texture": "#1"}
			}
		},
		{
			"name": "bass 3",
			"from": [1.84467, 0.04948, 15.38933],
			"to": [2.64467, 4.84948, 15.58933],
			"rotation": {"angle": 0, "axis": "y", "origin": [1.84467, 8.84948, 6.98933]},
			"faces": {
				"north": {"uv": [0, 14, 16, 16], "texture": "#1"},
				"east": {"uv": [0, 14, 16, 14.5], "texture": "#1"},
				"south": {"uv": [0, 14, 16, 16], "rotation": 90, "texture": "#1"},
				"west": {"uv": [0, 14, 16, 14.5], "texture": "#1"},
				"up": {"uv": [0, 14, 16, 16], "rotation": 90, "texture": "#1"},
				"down": {"uv": [0, 14, 16, 16], "rotation": 270, "texture": "#1"}
			}
		},
		{
			"name": "bass 7",
			"from": [-1.95533, 4.84948, 8.58933],
			"to": [6.44467, 5.04948, 9.38933],
			"rotation": {"angle": 0, "axis": "y", "origin": [1.84467, 8.04948, 4.98933]},
			"faces": {
				"north": {"uv": [0, 14, 16, 14.5], "texture": "#1"},
				"east": {"uv": [0, 14, 16, 16], "rotation": 90, "texture": "#1"},
				"south": {"uv": [0, 14, 16, 14.5], "texture": "#1"},
				"west": {"uv": [0, 14, 16, 16], "rotation": 90, "texture": "#1"},
				"up": {"uv": [0, 14, 16, 16], "rotation": 180, "texture": "#1"},
				"down": {"uv": [0, 14, 16, 16], "rotation": 270, "texture": "#1"}
			}
		},
		{
			"name": "bass 5",
			"from": [6.24467, 0.04948, 8.58933],
			"to": [6.44467, 4.84948, 9.38933],
			"rotation": {"angle": 0, "axis": "y", "origin": [1.84467, 11.24948, 4.98933]},
			"faces": {
				"north": {"uv": [0, 14, 16, 14.5], "texture": "#1"},
				"east": {"uv": [0, 14, 16, 16], "rotation": 90, "texture": "#1"},
				"south": {"uv": [0, 14, 16, 14.5], "texture": "#1"},
				"west": {"uv": [0, 14, 16, 16], "texture": "#1"},
				"up": {"uv": [0, 14, 16, 16], "rotation": 90, "texture": "#1"},
				"down": {"uv": [0, 14, 16, 16], "rotation": 270, "texture": "#1"}
			}
		},
		{
			"name": "bass 9",
			"from": [1.84467, 4.84948, 2.38933],
			"to": [2.64467, 5.04948, 8.58933],
			"rotation": {"angle": 0, "axis": "y", "origin": [1.84467, 8.04948, 7.38933]},
			"faces": {
				"north": {"uv": [0, 14, 16, 16], "rotation": 90, "texture": "#1"},
				"east": {"uv": [0, 14, 16, 14.5], "texture": "#1"},
				"south": {"uv": [0, 14, 16, 16], "texture": "#1"},
				"west": {"uv": [0, 14, 16, 16], "texture": "#1"},
				"up": {"uv": [0, 14, 16, 16], "rotation": 90, "texture": "#1"},
				"down": {"uv": [0, 14, 16, 16], "rotation": 270, "texture": "#1"}
			}
		},
		{
			"name": "bass 4",
			"from": [1.84467, 0.04948, 2.38933],
			"to": [2.64467, 4.84948, 2.58933],
			"rotation": {"angle": 0, "axis": "y", "origin": [1.84467, 8.84948, 6.98933]},
			"faces": {
				"north": {"uv": [0, 14, 16, 16], "rotation": 90, "texture": "#1"},
				"east": {"uv": [0, 14, 16, 14.5], "texture": "#1"},
				"south": {"uv": [0, 14, 16, 16], "texture": "#1"},
				"west": {"uv": [0, 14, 16, 16], "texture": "#1"},
				"up": {"uv": [0, 14, 16, 16], "rotation": 90, "texture": "#1"},
				"down": {"uv": [0, 14, 16, 16], "rotation": 270, "texture": "#1"}
			}
		},
		{
			"name": "bass 6",
			"from": [-1.95533, 0.04948, 8.58933],
			"to": [-1.75533, 4.84948, 9.38933],
			"rotation": {"angle": 0, "axis": "y", "origin": [1.84467, 11.24948, 4.98933]},
			"faces": {
				"north": {"uv": [0, 14, 16, 14.5], "texture": "#1"},
				"east": {"uv": [0, 14, 16, 16], "texture": "#1"},
				"south": {"uv": [0, 14, 16, 14.5], "texture": "#1"},
				"west": {"uv": [0, 14, 16, 16], "rotation": 90, "texture": "#1"},
				"up": {"uv": [0, 14, 16, 16], "rotation": 90, "texture": "#1"},
				"down": {"uv": [0, 14, 16, 16], "rotation": 270, "texture": "#1"}
			}
		},
		{
			"name": "bass_2",
			"from": [8.08067, 17.83948, 10.14133],
			"to": [11.08067, 17.83948, 13.14133],
			"rotation": {"angle": 22.5, "axis": "x", "origin": [9.58067, 17.83948, 11.64133]},
			"faces": {
				"north": {"uv": [0, 0, 4, 4], "texture": "#2"},
				"east": {"uv": [0, 0, 4, 4], "texture": "#2"},
				"south": {"uv": [0, 0, 4, 4], "texture": "#2"},
				"west": {"uv": [0, 0, 4, 4], "texture": "#2"},
				"up": {"uv": [0, 0, 4, 4], "texture": "#2"},
				"down": {"uv": [0, 0, 4, 4], "texture": "#2"}
			}
		},
		{
			"name": "bass_3",
			"from": [8.08067, 17.83948, 10.14133],
			"to": [11.08067, 17.83948, 13.14133],
			"rotation": {"angle": -22.5, "axis": "x", "origin": [9.58067, 17.83948, 11.64133]},
			"faces": {
				"north": {"uv": [0, 0, 4, 4], "texture": "#2"},
				"east": {"uv": [0, 0, 4, 4], "texture": "#2"},
				"south": {"uv": [0, 0, 4, 4], "texture": "#2"},
				"west": {"uv": [0, 0, 4, 4], "texture": "#2"},
				"up": {"uv": [0, 0, 4, 4], "texture": "#2"},
				"down": {"uv": [0, 0, 4, 4], "texture": "#2"}
			}
		},
		{
			"name": "bass_4",
			"from": [8.08067, 17.83948, 10.14133],
			"to": [11.08067, 17.83948, 13.14133],
			"rotation": {"angle": -22.5, "axis": "z", "origin": [9.58067, 17.83948, 11.64133]},
			"faces": {
				"north": {"uv": [0, 0, 4, 4], "texture": "#2"},
				"east": {"uv": [0, 0, 4, 4], "texture": "#2"},
				"south": {"uv": [0, 0, 4, 4], "texture": "#2"},
				"west": {"uv": [0, 0, 4, 4], "texture": "#2"},
				"up": {"uv": [0, 0, 4, 4], "texture": "#2"},
				"down": {"uv": [0, 0, 4, 4], "texture": "#2"}
			}
		},
		{
			"name": "bass_5",
			"from": [8.08067, 17.83948, 10.14133],
			"to": [11.08067, 17.83948, 13.14133],
			"rotation": {"angle": 22.5, "axis": "z", "origin": [9.58067, 17.83948, 11.64133]},
			"faces": {
				"north": {"uv": [0, 0, 4, 4], "texture": "#2"},
				"east": {"uv": [0, 0, 4, 4], "texture": "#2"},
				"south": {"uv": [0, 0, 4, 4], "texture": "#2"},
				"west": {"uv": [0, 0, 4, 4], "texture": "#2"},
				"up": {"uv": [0, 0, 4, 4], "texture": "#2"},
				"down": {"uv": [0, 0, 4, 4], "texture": "#2"}
			}
		},
		{
			"name": "bass 2",
			"from": [6.58067, 0.01548, 8.64133],
			"to": [12.58067, 17.01548, 14.64133],
			"rotation": {"angle": 0, "axis": "y", "origin": [9.58067, 8.01548, 11.64133]},
			"faces": {
				"north": {"uv": [8, 0, 16, 8], "texture": "#2"},
				"east": {"uv": [8, 0, 16, 8], "texture": "#2"},
				"south": {"uv": [8, 0, 16, 8], "texture": "#2"},
				"west": {"uv": [8, 0, 16, 8], "texture": "#2"},
				"up": {"uv": [8, 0, 16, 8], "texture": "#2"},
				"down": {"uv": [8, 0, 16, 8], "texture": "#2"}
			}
		},
		{
			"name": "bass 8",
			"from": [10.08067, 17.01548, 11.14133],
			"to": [12.84667, 17.26548, 12.14133],
			"rotation": {"angle": 0, "axis": "y", "origin": [4.58067, 21.01548, 12.14133]},
			"faces": {
				"north": {"uv": [0, 14, 16, 14.5], "texture": "#2"},
				"east": {"uv": [0, 14, 16, 16], "rotation": 90, "texture": "#2"},
				"south": {"uv": [0, 14, 16, 14.5], "texture": "#2"},
				"west": {"uv": [0, 14, 16, 16], "texture": "#2"},
				"up": {"uv": [0, 14, 16, 16], "texture": "#2"},
				"down": {"uv": [0, 14, 16, 16], "texture": "#2"}
			}
		},
		{
			"name": "bass 3",
			"from": [12.58067, 0.01548, 11.14133],
			"to": [12.83067, 17.01548, 12.14133],
			"rotation": {"angle": 0, "axis": "y", "origin": [4.08067, 11.01548, 12.14133]},
			"faces": {
				"north": {"uv": [0, 14, 16, 14.5], "texture": "#2"},
				"east": {"uv": [0, 14, 16, 16], "rotation": 90, "texture": "#2"},
				"south": {"uv": [0, 14, 16, 14.5], "texture": "#2"},
				"west": {"uv": [0, 14, 16, 16], "texture": "#2"},
				"up": {"uv": [0, 14, 16, 16], "texture": "#2"},
				"down": {"uv": [0, 14, 16, 16], "texture": "#2"}
			}
		},
		{
			"name": "bass 7",
			"from": [9.08067, 17.01548, 8.39133],
			"to": [10.09667, 17.26548, 14.89133],
			"rotation": {"angle": 0, "axis": "y", "origin": [4.58067, 21.01548, 12.14133]},
			"faces": {
				"north": {"uv": [0, 14, 16, 16], "rotation": 90, "texture": "#2"},
				"east": {"uv": [0, 14, 16, 14.5], "texture": "#2"},
				"south": {"uv": [0, 14, 16, 16], "rotation": 90, "texture": "#2"},
				"west": {"uv": [0, 14, 16, 14.5], "texture": "#2"},
				"up": {"uv": [0, 14, 16, 16], "rotation": 90, "texture": "#2"},
				"down": {"uv": [0, 14, 16, 16], "texture": "#2"}
			}
		},
		{
			"name": "bass 5",
			"from": [9.08067, 0.01548, 8.39133],
			"to": [10.08067, 17.01548, 8.64133],
			"rotation": {"angle": 0, "axis": "y", "origin": [4.58067, 14.01548, 12.14133]},
			"faces": {
				"north": {"uv": [0, 14, 16, 16], "rotation": 90, "texture": "#2"},
				"east": {"uv": [0, 14, 16, 14.5], "texture": "#2"},
				"south": {"uv": [0, 14, 16, 16], "texture": "#2"},
				"west": {"uv": [0, 14, 16, 14.5], "texture": "#2"},
				"up": {"uv": [0, 14, 16, 16], "texture": "#2"},
				"down": {"uv": [0, 14, 16, 16], "texture": "#2"}
			}
		},
		{
			"name": "bass 9",
			"from": [6.33067, 17.01548, 11.14133],
			"to": [9.09667, 17.26548, 12.14133],
			"rotation": {"angle": 0, "axis": "y", "origin": [4.58067, 21.01548, 12.14133]},
			"faces": {
				"north": {"uv": [0, 14, 16, 14.5], "texture": "#2"},
				"east": {"uv": [0, 14, 16, 16], "texture": "#2"},
				"south": {"uv": [0, 14, 16, 16], "texture": "#2"},
				"west": {"uv": [0, 14, 16, 16], "rotation": 90, "texture": "#2"},
				"up": {"uv": [0, 14, 16, 16], "texture": "#2"},
				"down": {"uv": [0, 14, 16, 16], "texture": "#2"}
			}
		},
		{
			"name": "bass 4",
			"from": [6.33067, 0.01548, 11.14133],
			"to": [6.58067, 17.01548, 12.14133],
			"rotation": {"angle": 0, "axis": "y", "origin": [4.08067, 11.01548, 12.14133]},
			"faces": {
				"north": {"uv": [0, 14, 16, 14.5], "texture": "#2"},
				"east": {"uv": [0, 14, 16, 16], "texture": "#2"},
				"south": {"uv": [0, 14, 16, 16], "texture": "#2"},
				"west": {"uv": [0, 14, 16, 16], "rotation": 90, "texture": "#2"},
				"up": {"uv": [0, 14, 16, 16], "texture": "#2"},
				"down": {"uv": [0, 14, 16, 16], "texture": "#2"}
			}
		},
		{
			"name": "bass 6",
			"from": [9.08067, 0.01548, 14.64133],
			"to": [10.08067, 17.01548, 14.89133],
			"rotation": {"angle": 0, "axis": "y", "origin": [4.58067, 14.01548, 12.14133]},
			"faces": {
				"north": {"uv": [0, 14, 16, 16], "texture": "#2"},
				"east": {"uv": [0, 14, 16, 14.5], "texture": "#2"},
				"south": {"uv": [0, 14, 16, 16], "rotation": 90, "texture": "#2"},
				"west": {"uv": [0, 14, 16, 14.5], "texture": "#2"},
				"up": {"uv": [0, 14, 16, 16], "texture": "#2"},
				"down": {"uv": [0, 14, 16, 16], "texture": "#2"}
			}
		}
	],
	"display": {
		"thirdperson_righthand": {
			"rotation": [26, 0, 0],
			"translation": [0, 0.25, 0],
			"scale": [0.5, 0.5, 0.5]
		},
		"thirdperson_lefthand": {
			"rotation": [26, 0, 0],
			"translation": [0, 0.25, 0],
			"scale": [0.5, 0.5, 0.5]
		},
		"ground": {
			"translation": [0, 0.25, 0],
			"scale": [0.5, 0.5, 0.5]
		},
		"gui": {
			"rotation": [28, 30, 0],
			"translation": [0, 1, 0],
			"scale": [0.5, 0.5, 0.51]
		},
		"fixed": {
			"rotation": [-90, 0, 0],
			"translation": [0, 0, -9.75],
			"scale": [1.5, 1.5, 1.5]
		}
	},
	"groups": [
		{
			"name": "bass",
			"origin": [8, 8, 8],
			"children": [
				{
					"name": "bass blue",
					"origin": [3, 14, 8.5],
					"children": [
						{
							"name": "deco",
							"origin": [8, 8, 8],
							"children": [0, 1, 2, 3]
						}, 4,
						{
							"name": "side",
							"origin": [3, 14, 8.5],
							"children": [5, 6, 7, 8, 9, 10, 11]
						}
					]
				},
				{
					"name": "bass red",
					"origin": [3, 14, 8.5],
					"children": [
						{
							"name": "deco",
							"origin": [8, 8, 8],
							"children": [12, 13, 14, 15]
						}, 16,
						{
							"name": "side",
							"origin": [3, 14, 8.5],
							"children": [17, 18, 19, 20, 21, 22, 23]
						}
					]
				},
				{
					"name": "bass green",
					"origin": [3, 14, 8.5],
					"children": [
						{
							"name": "deco",
							"origin": [8, 8, 8],
							"children": [24, 25, 26, 27]
						}, 28,
						{
							"name": "side",
							"origin": [3, 14, 8.5],
							"children": [29, 30, 31, 32, 33, 34, 35]
						}
					]
				}
			]
		}
	]
}