{
	"credit": "Made with Blockbench",
	"textures": {
		"0": "custom/lights/street_light_t",
		"particle": "custom/lights/street_light_t"
	},
	"elements": [
		{
			"name": "bass_2",
			"from": [0, -12.25, -15],
			"to": [16, -12.25, 1],
			"rotation": {"angle": 0, "axis": "y", "origin": [8, 39.75, 7]},
			"faces": {
				"north": {"uv": [15.75, 16, 8, 8.25], "texture": "#0"},
				"east": {"uv": [15.75, 16, 8, 8.25], "texture": "#0"},
				"south": {"uv": [15.75, 16, 8, 8.25], "texture": "#0"},
				"west": {"uv": [15.75, 16, 8, 8.25], "texture": "#0"},
				"up": {"uv": [15.75, 16, 8, 8.25], "texture": "#0"},
				"down": {"uv": [15.75, 16, 8, 8.25], "texture": "#0"}
			}
		},
		{
			"name": "bass 1",
			"from": [7, -3, 7],
			"to": [9, 6, 9],
			"faces": {
				"north": {"uv": [0, 0, 1, 4], "texture": "#0"},
				"east": {"uv": [0, 0, 1, 4], "texture": "#0"},
				"south": {"uv": [0, 0, 1, 4], "texture": "#0"},
				"west": {"uv": [0, 0, 1, 4], "texture": "#0"},
				"up": {"uv": [0, 0, 1, 4], "texture": "#0"},
				"down": {"uv": [0, 0, 1, 4], "texture": "#0"}
			}
		},
		{
			"name": "bass 2",
			"from": [6.875, -13, 6.875],
			"to": [9.125, -3, 9.125],
			"rotation": {"angle": 0, "axis": "y", "origin": [8, 1, 8]},
			"faces": {
				"north": {"uv": [1, 4, 2, 8], "texture": "#0"},
				"east": {"uv": [1, 4, 2, 8], "texture": "#0"},
				"south": {"uv": [1, 4, 2, 8], "texture": "#0"},
				"west": {"uv": [1, 4, 2, 8], "texture": "#0"},
				"up": {"uv": [1, 4, 2, 8], "texture": "#0"},
				"down": {"uv": [1, 4, 2, 8], "texture": "#0"}
			}
		},
		{
			"name": "bass 2",
			"from": [7.125, 6, 7.125],
			"to": [8.875, 30, 8.875],
			"rotation": {"angle": 0, "axis": "y", "origin": [8, 14, 8]},
			"faces": {
				"north": {"uv": [0, 0, 1, 4], "texture": "#0"},
				"east": {"uv": [0, 0, 1, 4], "texture": "#0"},
				"south": {"uv": [0, 0, 1, 4], "texture": "#0"},
				"west": {"uv": [0, 0, 1, 4], "texture": "#0"},
				"up": {"uv": [0, 0, 1, 4], "texture": "#0"},
				"down": {"uv": [0, 0, 1, 4], "texture": "#0"}
			}
		},
		{
			"name": "bass 3",
			"from": [7.125, 24.75, 3.343],
			"to": [8.875, 26.5, 8.093],
			"rotation": {"angle": 45, "axis": "x", "origin": [8, 25.75, 7.218]},
			"faces": {
				"north": {"uv": [0, 0, 1, 4], "texture": "#0"},
				"east": {"uv": [0, 0, 1, 4], "texture": "#0"},
				"south": {"uv": [0, 0, 1, 4], "texture": "#0"},
				"west": {"uv": [0, 0, 1, 4], "texture": "#0"},
				"up": {"uv": [0, 4, 1, 8], "texture": "#0"},
				"down": {"uv": [0, 0, 1, 4], "texture": "#0"}
			}
		},
		{
			"name": "bass 4",
			"from": [7.125, 27.66231, 0.03788],
			"to": [8.875, 29.41231, 4.78788],
			"rotation": {"angle": 22.5, "axis": "x", "origin": [8, 28.66231, 3.91288]},
			"faces": {
				"north": {"uv": [0, 0, 1, 4], "texture": "#0"},
				"east": {"uv": [0, 0, 1, 4], "texture": "#0"},
				"south": {"uv": [0, 0, 1, 4], "texture": "#0"},
				"west": {"uv": [0, 0, 1, 4], "texture": "#0"},
				"up": {"uv": [0, 4, 1, 8], "texture": "#0"},
				"down": {"uv": [0, 0, 1, 4], "texture": "#0"}
			}
		},
		{
			"name": "bass 5",
			"from": [7.125, 29.08812, -4.13014],
			"to": [8.875, 30.83812, 0.61986],
			"rotation": {"angle": 0, "axis": "x", "origin": [8, 30.08812, -0.25514]},
			"faces": {
				"north": {"uv": [0, 4, 1, 8], "texture": "#0"},
				"east": {"uv": [0, 4, 1, 8], "texture": "#0"},
				"south": {"uv": [0, 4, 1, 8], "texture": "#0"},
				"west": {"uv": [0, 4, 1, 8], "texture": "#0"},
				"up": {"uv": [0, 4, 1, 8], "texture": "#0"},
				"down": {"uv": [0, 4, 1, 8], "texture": "#0"}
			}
		},
		{
			"name": "bass 6",
			"from": [6.125, 30.08812, -9.25514],
			"to": [9.875, 31.83812, -3.50514],
			"rotation": {"angle": 22.5, "axis": "x", "origin": [8, 30.96312, -6.38014]},
			"faces": {
				"north": {"uv": [3, 0, 5, 4], "texture": "#0"},
				"east": {"uv": [3, 0, 5, 4], "texture": "#0"},
				"south": {"uv": [3, 0, 5, 4], "texture": "#0"},
				"west": {"uv": [3, 0, 5, 4], "texture": "#0"},
				"up": {"uv": [3, 0, 5, 4], "texture": "#0"},
				"down": {"uv": [1, 0, 3, 4], "texture": "#0"}
			}
		}
	],
	"display": {
		"thirdperson_righthand": {
			"scale": [0.5, 0.5, 0.5]
		},
		"thirdperson_lefthand": {
			"scale": [0.5, 0.5, 0.5]
		},
		"firstperson_righthand": {
			"scale": [0.5, 0.5, 0.5]
		},
		"firstperson_lefthand": {
			"scale": [0.5, 0.5, 0.5]
		},
		"ground": {
			"translation": [0, 1.75, 0],
			"scale": [0.25, 0.25, 0.25]
		},
		"gui": {
			"rotation": [40, 119, 0],
			"translation": [2.25, 0.25, 0],
			"scale": [0.4, 0.4, 0.4]
		},
		"head": {
			"scale": [2, 2, 2]
		},
		"fixed": {
			"rotation": [-90, 0, 0],
			"translation": [0, 0, -80],
			"scale": [4, 4, 4]
		}
	},
	"groups": [
		{
			"name": "bass",
			"origin": [8, 30.96312, -6.38014],
			"children": [
				{
					"name": "L",
					"origin": [8, 8, 8],
					"children": [0]
				}, 1, 2, 3, 4, 5, 6, 7]
		}
	]
}