{
	"credit": "Made with Blockbench",
	"textures": {
		"0": "block/fern/stem",
		"1": "block/fern/leave2",
		"particle": "block/fern/stem"
	},
	"elements": [
		{
			"name": "base1",
			"from": [7.84916, -1.17652, 2.77163],
			"to": [7.84916, 14.42348, 13.97163],
			"rotation": {"angle": 0, "axis": "y", "origin": [7.84916, 4.42348, 8.37163]},
			"faces": {
				"north": {"uv": [0, 0, 0, 16], "texture": "#missing", "tintindex": 0},
				"east": {"uv": [0, 0, 16, 16], "texture": "#0", "tintindex": 0},
				"south": {"uv": [0, 0, 0, 16], "texture": "#missing", "tintindex": 0},
				"west": {"uv": [16, 0, 0, 16], "texture": "#0", "tintindex": 0},
				"up": {"uv": [0, 0, 0, 16], "texture": "#missing", "tintindex": 0},
				"down": {"uv": [0, 0, 0, 16], "texture": "#missing", "tintindex": 0}
			}
		},
		{
			"name": "base2",
			"from": [2.24916, -1.17652, 8.37163],
			"to": [13.44916, 14.42348, 8.37163],
			"rotation": {"angle": 0, "axis": "y", "origin": [7.84916, 4.42348, 8.37163]},
			"faces": {
				"north": {"uv": [16, 0, 0, 16], "texture": "#0", "tintindex": 0},
				"east": {"uv": [0, 0, 0, 16], "texture": "#missing", "tintindex": 0},
				"south": {"uv": [0, 0, 16, 16], "texture": "#0", "tintindex": 0},
				"west": {"uv": [0, 0, 0, 16], "texture": "#missing", "tintindex": 0},
				"up": {"uv": [0, 0, 0, 16], "rotation": 90, "texture": "#missing", "tintindex": 0},
				"down": {"uv": [0, 0, 0, 16], "rotation": 270, "texture": "#missing", "tintindex": 0}
			}
		},
		{
			"name": "base8",
			"from": [-3.74459, 6.67348, 2.99038],
			"to": [7.45541, 6.67348, 14.19038],
			"rotation": {"angle": -22.5, "axis": "z", "origin": [8.15541, 8.42348, 7.89038]},
			"faces": {
				"north": {"uv": [0, 0, 16, 0], "texture": "#missing", "tintindex": 0},
				"east": {"uv": [0, 0, 16, 0], "texture": "#missing", "tintindex": 0},
				"south": {"uv": [0, 0, 16, 0], "texture": "#missing", "tintindex": 0},
				"west": {"uv": [0, 0, 16, 0], "texture": "#missing", "tintindex": 0},
				"up": {"uv": [0, 0, 16, 16], "rotation": 270, "texture": "#1", "tintindex": 0},
				"down": {"uv": [0, 16, 16, 0], "rotation": 90, "texture": "#1", "tintindex": 0}
			}
		},
		{
			"name": "base3",
			"from": [-3.35084, 11.82348, 2.77163],
			"to": [7.84916, 11.82348, 13.97163],
			"rotation": {"angle": -45, "axis": "y", "origin": [7.84916, 11.82348, 8.37163]},
			"faces": {
				"north": {"uv": [0, 0, 16, 0], "texture": "#missing", "tintindex": 0},
				"east": {"uv": [0, 0, 16, 0], "texture": "#missing", "tintindex": 0},
				"south": {"uv": [0, 0, 16, 0], "texture": "#missing", "tintindex": 0},
				"west": {"uv": [0, 0, 16, 0], "texture": "#missing", "tintindex": 0},
				"up": {"uv": [0, 0, 16, 16], "rotation": 270, "texture": "#1", "tintindex": 0},
				"down": {"uv": [0, 16, 16, 0], "rotation": 90, "texture": "#1", "tintindex": 0}
			}
		},
		{
			"name": "base4",
			"from": [-3.35084, 11.82348, 2.77163],
			"to": [7.84916, 11.82348, 13.97163],
			"rotation": {"angle": -45, "axis": "y", "origin": [7.84916, 11.82348, 8.37163]},
			"faces": {
				"north": {"uv": [0, 0, 16, 0], "texture": "#missing", "tintindex": 0},
				"east": {"uv": [0, 0, 16, 0], "texture": "#missing", "tintindex": 0},
				"south": {"uv": [0, 0, 16, 0], "texture": "#missing", "tintindex": 0},
				"west": {"uv": [0, 0, 16, 0], "texture": "#missing", "tintindex": 0},
				"up": {"uv": [0, 0, 16, 16], "rotation": 270, "texture": "#1", "tintindex": 0},
				"down": {"uv": [0, 16, 16, 0], "rotation": 90, "texture": "#1", "tintindex": 0}
			}
		},
		{
			"name": "base4",
			"from": [2.59916, 9.82348, 8.72163],
			"to": [13.79916, 21.02348, 8.72163],
			"rotation": {"angle": 45, "axis": "x", "origin": [7.84916, 9.82348, 8.37163]},
			"faces": {
				"north": {"uv": [0, 0, 16, 16], "texture": "#1", "tintindex": 0},
				"east": {"uv": [0, 0, 16, 0], "rotation": 90, "texture": "#missing", "tintindex": 0},
				"south": {"uv": [0, 16, 16, 0], "rotation": 180, "texture": "#1", "tintindex": 0},
				"west": {"uv": [0, 0, 16, 0], "rotation": 270, "texture": "#missing", "tintindex": 0},
				"up": {"uv": [0, 0, 16, 0], "texture": "#missing", "tintindex": 0},
				"down": {"uv": [0, 0, 16, 0], "rotation": 180, "texture": "#missing", "tintindex": 0}
			}
		},
		{
			"name": "base5",
			"from": [8.15541, 7.72348, 2.29038],
			"to": [19.35541, 7.72348, 13.49038],
			"rotation": {"angle": 45, "axis": "y", "origin": [8.15541, 8.42348, 7.89038]},
			"faces": {
				"north": {"uv": [0, 0, 16, 0], "texture": "#missing", "tintindex": 0},
				"east": {"uv": [0, 0, 16, 0], "texture": "#missing", "tintindex": 0},
				"south": {"uv": [0, 0, 16, 0], "texture": "#missing", "tintindex": 0},
				"west": {"uv": [0, 0, 16, 0], "texture": "#missing", "tintindex": 0},
				"up": {"uv": [0, 0, 16, 16], "rotation": 90, "texture": "#1", "tintindex": 0},
				"down": {"uv": [0, 16, 16, 0], "rotation": 270, "texture": "#1", "tintindex": 0}
			}
		},
		{
			"name": "base6",
			"from": [8.15541, 8.42348, 1.60288],
			"to": [19.35541, 8.42348, 12.80288],
			"rotation": {"angle": 45, "axis": "z", "origin": [8.15541, 8.42348, 7.20288]},
			"faces": {
				"north": {"uv": [0, 0, 16, 0], "texture": "#missing", "tintindex": 0},
				"east": {"uv": [0, 0, 16, 0], "texture": "#missing", "tintindex": 0},
				"south": {"uv": [0, 0, 16, 0], "texture": "#missing", "tintindex": 0},
				"west": {"uv": [0, 0, 16, 0], "texture": "#missing", "tintindex": 0},
				"up": {"uv": [0, 0, 16, 16], "rotation": 90, "texture": "#1", "tintindex": 0},
				"down": {"uv": [0, 16, 16, 0], "rotation": 270, "texture": "#1", "tintindex": 0}
			}
		},
		{
			"name": "base7",
			"from": [2.55541, 8.07348, 9.64038],
			"to": [13.75541, 8.07348, 20.84038],
			"rotation": {"angle": 22.5, "axis": "x", "origin": [8.15541, 8.42348, 7.89038]},
			"faces": {
				"north": {"uv": [0, 0, 16, 0], "texture": "#missing", "tintindex": 0},
				"east": {"uv": [0, 0, 16, 0], "texture": "#missing", "tintindex": 0},
				"south": {"uv": [0, 0, 16, 0], "texture": "#missing", "tintindex": 0},
				"west": {"uv": [0, 0, 16, 0], "texture": "#missing", "tintindex": 0},
				"up": {"uv": [0, 0, 16, 16], "rotation": 180, "texture": "#1", "tintindex": 0},
				"down": {"uv": [0, 16, 16, 0], "rotation": 180, "texture": "#1", "tintindex": 0}
			}
		},
		{
			"name": "base4",
			"from": [-9.5, 0, -1.65625],
			"to": [6.5, 0, 14.34375],
			"rotation": {"angle": -22.5, "axis": "z", "origin": [6.5, 0, 6.34375]},
			"faces": {
				"north": {"uv": [0, 0, 16, 0], "texture": "#missing", "tintindex": 0},
				"east": {"uv": [0, 0, 16, 0], "texture": "#missing", "tintindex": 0},
				"south": {"uv": [0, 0, 16, 0], "texture": "#missing", "tintindex": 0},
				"west": {"uv": [0, 0, 16, 0], "texture": "#missing", "tintindex": 0},
				"up": {"uv": [0, 0, 16, 16], "rotation": 270, "texture": "#1", "tintindex": 0},
				"down": {"uv": [0, 16, 16, 0], "rotation": 90, "texture": "#1", "tintindex": 0}
			}
		},
		{
			"name": "base5",
			"from": [8, 0, 0],
			"to": [24, 0, 16],
			"rotation": {"angle": 22.5, "axis": "z", "origin": [8, 0, 8]},
			"faces": {
				"north": {"uv": [16, 0, 0, 0], "texture": "#missing", "tintindex": 0},
				"east": {"uv": [16, 0, 0, 0], "texture": "#missing", "tintindex": 0},
				"south": {"uv": [16, 0, 0, 0], "texture": "#missing", "tintindex": 0},
				"west": {"uv": [16, 0, 0, 0], "texture": "#missing", "tintindex": 0},
				"up": {"uv": [0, 16, 16, 0], "rotation": 270, "texture": "#1", "tintindex": 0},
				"down": {"uv": [0, 0, 16, 16], "rotation": 90, "texture": "#1", "tintindex": 0}
			}
		},
		{
			"name": "base6",
			"from": [-1.075, 0.30615, 10.1141],
			"to": [13.325, 0.30615, 24.5141],
			"rotation": {"angle": -22.5, "axis": "x", "origin": [6.125, 0.30615, 10.1141]},
			"faces": {
				"north": {"uv": [16, 0, 0, 0], "texture": "#missing", "tintindex": 0},
				"east": {"uv": [16, 0, 0, 0], "texture": "#missing", "tintindex": 0},
				"south": {"uv": [16, 0, 0, 0], "texture": "#missing", "tintindex": 0},
				"west": {"uv": [16, 0, 0, 0], "texture": "#missing", "tintindex": 0},
				"up": {"uv": [0, 16, 16, 0], "texture": "#1", "tintindex": 0},
				"down": {"uv": [0, 0, 16, 16], "texture": "#1", "tintindex": 0}
			}
		},
		{
			"name": "base5",
			"from": [1.44, 0.55106, -6.45039],
			"to": [14.56, 0.55106, 6.66961],
			"rotation": {"angle": 22.5, "axis": "x", "origin": [8, 0.55106, 6.66961]},
			"faces": {
				"north": {"uv": [0, 0, 16, 0], "texture": "#missing", "tintindex": 0},
				"east": {"uv": [0, 0, 16, 0], "texture": "#missing", "tintindex": 0},
				"south": {"uv": [0, 0, 16, 0], "texture": "#missing", "tintindex": 0},
				"west": {"uv": [0, 0, 16, 0], "texture": "#missing", "tintindex": 0},
				"up": {"uv": [0, 0, 16, 16], "texture": "#1", "tintindex": 0},
				"down": {"uv": [0, 16, 16, 0], "texture": "#1", "tintindex": 0}
			}
		},
		{
			"name": "base7",
			"from": [-1.075, 0.99365, 10.1141],
			"to": [13.325, 0.99365, 24.5141],
			"rotation": {"angle": -22.5, "axis": "y", "origin": [6.125, 0.99365, 10.1141]},
			"faces": {
				"north": {"uv": [16, 0, 0, 0], "texture": "#missing", "tintindex": 0},
				"east": {"uv": [16, 0, 0, 0], "texture": "#missing", "tintindex": 0},
				"south": {"uv": [16, 0, 0, 0], "texture": "#missing", "tintindex": 0},
				"west": {"uv": [16, 0, 0, 0], "texture": "#missing", "tintindex": 0},
				"up": {"uv": [0, 16, 16, 0], "texture": "#1", "tintindex": 0},
				"down": {"uv": [0, 0, 16, 16], "texture": "#1", "tintindex": 0}
			}
		},
		{
			"name": "base5",
			"from": [-9.5, 0.34375, -1.65625],
			"to": [6.5, 0.34375, 14.34375],
			"rotation": {"angle": -22.5, "axis": "y", "origin": [6.5, 0.34375, 6.34375]},
			"faces": {
				"north": {"uv": [0, 0, 16, 0], "texture": "#missing", "tintindex": 0},
				"east": {"uv": [0, 0, 16, 0], "texture": "#missing", "tintindex": 0},
				"south": {"uv": [0, 0, 16, 0], "texture": "#missing", "tintindex": 0},
				"west": {"uv": [0, 0, 16, 0], "texture": "#missing", "tintindex": 0},
				"up": {"uv": [0, 0, 16, 16], "rotation": 270, "texture": "#1", "tintindex": 0},
				"down": {"uv": [0, 16, 16, 0], "rotation": 90, "texture": "#1", "tintindex": 0}
			}
		},
		{
			"name": "base6",
			"from": [8, 0.4375, 0],
			"to": [24, 0.4375, 16],
			"rotation": {"angle": -22.5, "axis": "y", "origin": [8, 0.4375, 8]},
			"faces": {
				"north": {"uv": [16, 0, 0, 0], "texture": "#missing", "tintindex": 0},
				"east": {"uv": [16, 0, 0, 0], "texture": "#missing", "tintindex": 0},
				"south": {"uv": [16, 0, 0, 0], "texture": "#missing", "tintindex": 0},
				"west": {"uv": [16, 0, 0, 0], "texture": "#missing", "tintindex": 0},
				"up": {"uv": [0, 16, 16, 0], "rotation": 270, "texture": "#1", "tintindex": 0},
				"down": {"uv": [0, 0, 16, 16], "rotation": 90, "texture": "#1", "tintindex": 0}
			}
		},
		{
			"name": "base6",
			"from": [1.44, 1.23856, -6.45039],
			"to": [14.56, 1.23856, 6.66961],
			"rotation": {"angle": -22.5, "axis": "y", "origin": [8, 1.23856, 6.66961]},
			"faces": {
				"north": {"uv": [0, 0, 16, 0], "texture": "#missing", "tintindex": 0},
				"east": {"uv": [0, 0, 16, 0], "texture": "#missing", "tintindex": 0},
				"south": {"uv": [0, 0, 16, 0], "texture": "#missing", "tintindex": 0},
				"west": {"uv": [0, 0, 16, 0], "texture": "#missing", "tintindex": 0},
				"up": {"uv": [0, 0, 16, 16], "texture": "#1", "tintindex": 0},
				"down": {"uv": [0, 16, 16, 0], "texture": "#1", "tintindex": 0}
			}
		},
		{
			"name": "base7",
			"from": [-1.075, 0.43115, 10.1141],
			"to": [13.325, 0.43115, 24.5141],
			"rotation": {"angle": -45, "axis": "x", "origin": [6.125, 0.43115, 10.1141]},
			"faces": {
				"north": {"uv": [16, 0, 0, 0], "texture": "#missing", "tintindex": 0},
				"east": {"uv": [16, 0, 0, 0], "texture": "#missing", "tintindex": 0},
				"south": {"uv": [16, 0, 0, 0], "texture": "#missing", "tintindex": 0},
				"west": {"uv": [16, 0, 0, 0], "texture": "#missing", "tintindex": 0},
				"up": {"uv": [0, 16, 16, 0], "texture": "#1", "tintindex": 0},
				"down": {"uv": [0, 0, 16, 16], "texture": "#1", "tintindex": 0}
			}
		},
		{
			"name": "base6",
			"from": [8, 0.125, 0],
			"to": [24, 0.125, 16],
			"rotation": {"angle": 45, "axis": "z", "origin": [8, 0.125, 8]},
			"faces": {
				"north": {"uv": [16, 0, 0, 0], "texture": "#missing", "tintindex": 0},
				"east": {"uv": [16, 0, 0, 0], "texture": "#missing", "tintindex": 0},
				"south": {"uv": [16, 0, 0, 0], "texture": "#missing", "tintindex": 0},
				"west": {"uv": [16, 0, 0, 0], "texture": "#missing", "tintindex": 0},
				"up": {"uv": [0, 16, 16, 0], "rotation": 270, "texture": "#1", "tintindex": 0},
				"down": {"uv": [0, 0, 16, 16], "rotation": 90, "texture": "#1", "tintindex": 0}
			}
		},
		{
			"name": "base5",
			"from": [-9.5, 0.125, -1.65625],
			"to": [6.5, 0.125, 14.34375],
			"rotation": {"angle": -45, "axis": "z", "origin": [6.5, 0.125, 6.34375]},
			"faces": {
				"north": {"uv": [0, 0, 16, 0], "texture": "#missing", "tintindex": 0},
				"east": {"uv": [0, 0, 16, 0], "texture": "#missing", "tintindex": 0},
				"south": {"uv": [0, 0, 16, 0], "texture": "#missing", "tintindex": 0},
				"west": {"uv": [0, 0, 16, 0], "texture": "#missing", "tintindex": 0},
				"up": {"uv": [0, 0, 16, 16], "rotation": 270, "texture": "#1", "tintindex": 0},
				"down": {"uv": [0, 16, 16, 0], "rotation": 90, "texture": "#1", "tintindex": 0}
			}
		},
		{
			"name": "base6",
			"from": [1.44, 0.67606, -6.45039],
			"to": [14.56, 0.67606, 6.66961],
			"rotation": {"angle": 45, "axis": "x", "origin": [8, 0.67606, 6.66961]},
			"faces": {
				"north": {"uv": [0, 0, 16, 0], "texture": "#missing", "tintindex": 0},
				"east": {"uv": [0, 0, 16, 0], "texture": "#missing", "tintindex": 0},
				"south": {"uv": [0, 0, 16, 0], "texture": "#missing", "tintindex": 0},
				"west": {"uv": [0, 0, 16, 0], "texture": "#missing", "tintindex": 0},
				"up": {"uv": [0, 0, 16, 16], "texture": "#1", "tintindex": 0},
				"down": {"uv": [0, 16, 16, 0], "texture": "#1", "tintindex": 0}
			}
		},
		{
			"name": "base7",
			"from": [0.20625, 5.61122, 5.57563],
			"to": [13.96625, 5.61122, 19.33563],
			"rotation": {"angle": -45, "axis": "x", "origin": [6.55466, 9.36526, 8.4175]},
			"faces": {
				"north": {"uv": [16, 0, 0, 0], "texture": "#missing", "tintindex": 0},
				"east": {"uv": [16, 0, 0, 0], "texture": "#missing", "tintindex": 0},
				"south": {"uv": [16, 0, 0, 0], "texture": "#missing", "tintindex": 0},
				"west": {"uv": [16, 0, 0, 0], "texture": "#missing", "tintindex": 0},
				"up": {"uv": [0, 16, 16, 0], "texture": "#1", "tintindex": 0},
				"down": {"uv": [0, 0, 16, 16], "texture": "#1", "tintindex": 0}
			}
		},
		{
			"name": "base8",
			"from": [-3.62728, 5.34376, 1.258],
			"to": [8.75672, 5.34376, 13.642],
			"rotation": {"angle": -45, "axis": "z", "origin": [6.55466, 9.36526, 8.4175]},
			"faces": {
				"north": {"uv": [16, 0, 0, 0], "texture": "#missing", "tintindex": 0},
				"east": {"uv": [16, 0, 0, 0], "texture": "#missing", "tintindex": 0},
				"south": {"uv": [16, 0, 0, 0], "texture": "#missing", "tintindex": 0},
				"west": {"uv": [16, 0, 0, 0], "texture": "#missing", "tintindex": 0},
				"up": {"uv": [0, 16, 16, 0], "rotation": 90, "texture": "#1", "tintindex": 0},
				"down": {"uv": [0, 0, 16, 16], "rotation": 270, "texture": "#1", "tintindex": 0}
			}
		},
		{
			"name": "base6",
			"from": [0.38063, 5.61122, -2.50063],
			"to": [14.14063, 5.61122, 11.25937],
			"rotation": {"angle": 45, "axis": "x", "origin": [5.30466, 9.36526, 8.4175]},
			"faces": {
				"north": {"uv": [0, 0, 16, 0], "texture": "#missing", "tintindex": 0},
				"east": {"uv": [0, 0, 16, 0], "texture": "#missing", "tintindex": 0},
				"south": {"uv": [0, 0, 16, 0], "texture": "#missing", "tintindex": 0},
				"west": {"uv": [0, 0, 16, 0], "texture": "#missing", "tintindex": 0},
				"up": {"uv": [0, 0, 16, 16], "texture": "#1", "tintindex": 0},
				"down": {"uv": [0, 16, 16, 0], "texture": "#1", "tintindex": 0}
			}
		}
	],
	"groups": [
		{
			"name": "fern2",
			"origin": [8, 8, 8],
			"color": 0,
			"children": [0, 1, 2, 3, 4, 5, 6, 7, 8]
		},
		9,
		10,
		11,
		12,
		13,
		14,
		15,
		16,
		17,
		18,
		19,
		20,
		21,
		22,
		23
	]
}