{
	"credit": "Made with Blockbench",
	"textures": {
		"0": "block/fern/stem1",
		"1": "block/fern/leave",
		"particle": "block/fern/stem1"
	},
	"elements": [
		{
			"name": "base2",
			"from": [8, 0, 0],
			"to": [8, 18, 16],
			"rotation": {"angle": 0, "axis": "y", "origin": [8, 8, 8]},
			"faces": {
				"north": {"uv": [0, 0, 0, 16], "texture": "#missing", "tintindex": 0},
				"east": {"uv": [0, 0, 16, 16], "texture": "#0", "tintindex": 0},
				"south": {"uv": [0, 0, 0, 16], "texture": "#missing", "tintindex": 0},
				"west": {"uv": [16, 0, 0, 16], "texture": "#0", "tintindex": 0},
				"up": {"uv": [0, 0, 0, 16], "texture": "#missing", "tintindex": 0},
				"down": {"uv": [0, 0, 0, 16], "texture": "#missing", "tintindex": 0}
			}
		},
		{
			"name": "base3",
			"from": [0, 0, 8],
			"to": [16, 18, 8],
			"rotation": {"angle": 0, "axis": "y", "origin": [8, 8, 8]},
			"faces": {
				"north": {"uv": [16, 0, 0, 16], "texture": "#0", "tintindex": 0},
				"east": {"uv": [0, 0, 0, 16], "texture": "#missing", "tintindex": 0},
				"south": {"uv": [0, 0, 16, 16], "texture": "#0", "tintindex": 0},
				"west": {"uv": [0, 0, 0, 16], "texture": "#missing", "tintindex": 0},
				"up": {"uv": [0, 0, 0, 16], "rotation": 90, "texture": "#missing", "tintindex": 0},
				"down": {"uv": [0, 0, 0, 16], "rotation": 270, "texture": "#missing", "tintindex": 0}
			}
		},
		{
			"name": "base9",
			"from": [-7.5625, 9.5, 0.3125],
			"to": [8.4375, 9.5, 16.3125],
			"rotation": {"angle": -22.5, "axis": "z", "origin": [8.4375, 11.5, 7.3125]},
			"faces": {
				"north": {"uv": [0, 0, 16, 0], "texture": "#missing", "tintindex": 0},
				"east": {"uv": [0, 0, 16, 0], "texture": "#missing", "tintindex": 0},
				"south": {"uv": [0, 0, 16, 0], "texture": "#missing", "tintindex": 0},
				"west": {"uv": [0, 0, 16, 0], "texture": "#missing", "tintindex": 0},
				"up": {"uv": [0, 0, 16, 16], "rotation": 270, "texture": "#1", "tintindex": 0},
				"down": {"uv": [0, 16, 16, 0], "rotation": 90, "texture": "#1", "tintindex": 0}
			}
		},
		{
			"name": "base4",
			"from": [1, 12.5, -10.5],
			"to": [17, 12.5, 5.5],
			"rotation": {"angle": 22.5, "axis": "y", "origin": [7, 15, 7.5]},
			"faces": {
				"north": {"uv": [0, 0, 16, 0], "texture": "#missing", "tintindex": 0},
				"east": {"uv": [0, 0, 16, 0], "texture": "#missing", "tintindex": 0},
				"south": {"uv": [0, 0, 16, 0], "texture": "#missing", "tintindex": 0},
				"west": {"uv": [0, 0, 16, 0], "texture": "#missing", "tintindex": 0},
				"up": {"uv": [0, 0, 16, 16], "texture": "#1", "tintindex": 0},
				"down": {"uv": [0, 16, 16, 0], "texture": "#1", "tintindex": 0}
			}
		},
		{
			"name": "base5",
			"from": [0, 15, 8],
			"to": [16, 31, 8],
			"rotation": {"angle": 45, "axis": "x", "origin": [8, 15, 8]},
			"faces": {
				"north": {"uv": [0, 0, 16, 16], "texture": "#1", "tintindex": 0},
				"east": {"uv": [0, 0, 16, 0], "rotation": 90, "texture": "#missing", "tintindex": 0},
				"south": {"uv": [0, 16, 16, 0], "rotation": 180, "texture": "#1", "tintindex": 0},
				"west": {"uv": [0, 0, 16, 0], "rotation": 270, "texture": "#missing", "tintindex": 0},
				"up": {"uv": [0, 0, 16, 0], "texture": "#missing", "tintindex": 0},
				"down": {"uv": [0, 0, 16, 0], "rotation": 180, "texture": "#missing", "tintindex": 0}
			}
		},
		{
			"name": "base6",
			"from": [9.9375, 11.5, -3.6875],
			"to": [25.9375, 11.5, 12.3125],
			"rotation": {"angle": 45, "axis": "y", "origin": [8.4375, -12, 7.3125]},
			"faces": {
				"north": {"uv": [0, 0, 16, 0], "texture": "#missing", "tintindex": 0},
				"east": {"uv": [0, 0, 16, 0], "texture": "#missing", "tintindex": 0},
				"south": {"uv": [0, 0, 16, 0], "texture": "#missing", "tintindex": 0},
				"west": {"uv": [0, 0, 16, 0], "texture": "#missing", "tintindex": 0},
				"up": {"uv": [0, 0, 16, 16], "rotation": 90, "texture": "#1", "tintindex": 0},
				"down": {"uv": [0, 16, 16, 0], "rotation": 270, "texture": "#1", "tintindex": 0}
			}
		},
		{
			"name": "base7",
			"from": [10.27633, 13, 1.90869],
			"to": [26.27633, 13, 17.90869],
			"rotation": {"angle": -22.5, "axis": "y", "origin": [17.27633, 11.5, 9.90869]},
			"faces": {
				"north": {"uv": [0, 0, 16, 0], "texture": "#missing", "tintindex": 0},
				"east": {"uv": [0, 0, 16, 0], "texture": "#missing", "tintindex": 0},
				"south": {"uv": [0, 0, 16, 0], "texture": "#missing", "tintindex": 0},
				"west": {"uv": [0, 0, 16, 0], "texture": "#missing", "tintindex": 0},
				"up": {"uv": [0, 0, 16, 16], "rotation": 90, "texture": "#1", "tintindex": 0},
				"down": {"uv": [0, 16, 16, 0], "rotation": 270, "texture": "#1", "tintindex": 0}
			}
		},
		{
			"name": "base7",
			"from": [7.9375, 15.5, -0.6875],
			"to": [23.9375, 15.5, 15.3125],
			"rotation": {"angle": 22.5, "axis": "z", "origin": [7.9375, 15.5, 7.3125]},
			"faces": {
				"north": {"uv": [0, 0, 16, 0], "texture": "#missing", "tintindex": 0},
				"east": {"uv": [0, 0, 16, 0], "texture": "#missing", "tintindex": 0},
				"south": {"uv": [0, 0, 16, 0], "texture": "#missing", "tintindex": 0},
				"west": {"uv": [0, 0, 16, 0], "texture": "#missing", "tintindex": 0},
				"up": {"uv": [0, 0, 16, 16], "rotation": 90, "texture": "#1", "tintindex": 0},
				"down": {"uv": [0, 16, 16, 0], "rotation": 270, "texture": "#1", "tintindex": 0}
			}
		},
		{
			"name": "base8",
			"from": [-9.0625, 15.5, -0.6875],
			"to": [6.9375, 15.5, 15.3125],
			"rotation": {"angle": -22.5, "axis": "y", "origin": [6.9375, 15.5, 7.3125]},
			"faces": {
				"north": {"uv": [0, 0, 16, 0], "texture": "#missing", "tintindex": 0},
				"east": {"uv": [0, 0, 16, 0], "texture": "#missing", "tintindex": 0},
				"south": {"uv": [0, 0, 16, 0], "texture": "#missing", "tintindex": 0},
				"west": {"uv": [0, 0, 16, 0], "texture": "#missing", "tintindex": 0},
				"up": {"uv": [0, 0, 16, 16], "rotation": 270, "texture": "#1", "tintindex": 0},
				"down": {"uv": [0, 16, 16, 0], "rotation": 90, "texture": "#1", "tintindex": 0}
			}
		},
		{
			"name": "base8",
			"from": [0.4375, 10.5, 9.3125],
			"to": [16.4375, 10.5, 25.3125],
			"rotation": {"angle": 22.5, "axis": "x", "origin": [8.4375, 12, 7.3125]},
			"faces": {
				"north": {"uv": [0, 0, 16, 0], "texture": "#missing", "tintindex": 0},
				"east": {"uv": [0, 0, 16, 0], "texture": "#missing", "tintindex": 0},
				"south": {"uv": [0, 0, 16, 0], "texture": "#missing", "tintindex": 0},
				"west": {"uv": [0, 0, 16, 0], "texture": "#missing", "tintindex": 0},
				"up": {"uv": [0, 0, 16, 16], "rotation": 180, "texture": "#1", "tintindex": 0},
				"down": {"uv": [0, 16, 16, 0], "rotation": 180, "texture": "#1", "tintindex": 0}
			}
		}
	],
	"groups": [
		{
			"name": "fern3",
			"origin": [8, 8, 8],
			"children": [0, 1, 2, 3, 4, 5, 6, 7, 8, 9]
		}
	]
}