{
	"credit": "Made with Blockbench",
	"textures": {
		"0": "custom/bows/bow_3d_pulling_1"
	},
	"elements": [
		{
			"name": "bass 1",
			"from": [7.5, 3, 7.5],
			"to": [8.5, 15, 8.5],
			"rotation": {"angle": 0, "axis": "y", "origin": [8, 18.66667, 8]},
			"faces": {
				"north": {"uv": [0, 3, 1, 11], "texture": "#0"},
				"east": {"uv": [0, 3, 1, 11], "texture": "#0"},
				"south": {"uv": [0, 3, 1, 11], "texture": "#0"},
				"west": {"uv": [0, 3, 1, 11], "texture": "#0"},
				"up": {"uv": [0, 3, 1, 11], "texture": "#0"},
				"down": {"uv": [0, 3, 1, 11], "texture": "#0"}
			}
		},
		{
			"name": "bass 2",
			"from": [7.42284, 14.8488, 7.5],
			"to": [8.42284, 17.9738, 8.5],
			"rotation": {"angle": 22.5, "axis": "z", "origin": [8.08135, 15.11836, 8]},
			"faces": {
				"north": {"uv": [0, 0, 1, 3.125], "texture": "#0"},
				"east": {"uv": [0, 0, 1, 3.125], "texture": "#0"},
				"south": {"uv": [0, 0, 1, 3.125], "texture": "#0"},
				"west": {"uv": [0, 0, 1, 3.125], "texture": "#0"},
				"up": {"uv": [0, 0, 1, 3.125], "texture": "#0"},
				"down": {"uv": [0, 0, 1, 3.125], "texture": "#0"}
			}
		},
		{
			"name": "bass 3",
			"from": [7.29888, 0.11392, 7.5],
			"to": [8.29888, 3.23892, 8.5],
			"rotation": {"angle": -22.5, "axis": "z", "origin": [7.79888, 2.61392, 8]},
			"faces": {
				"north": {"uv": [0, 0, 1, 3.125], "texture": "#0"},
				"east": {"uv": [0, 0, 1, 3.125], "texture": "#0"},
				"south": {"uv": [0, 0, 1, 3.125], "texture": "#0"},
				"west": {"uv": [0, 0, 1, 3.125], "texture": "#0"},
				"up": {"uv": [0, 0, 1, 3.125], "texture": "#0"},
				"down": {"uv": [0, 0, 1, 3.125], "texture": "#0"}
			}
		},
		{
			"name": "bass 3",
			"from": [4.14722, 17.87978, 7.5],
			"to": [7.27222, 18.87978, 8.5],
			"rotation": {"angle": -22.5, "axis": "z", "origin": [4.79297, 18.30328, 7.99981]},
			"faces": {
				"north": {"uv": [0, 0, 1, 3.125], "rotation": 90, "texture": "#0"},
				"east": {"uv": [0, 0, 1, 3.125], "rotation": 270, "texture": "#0"},
				"south": {"uv": [0, 0, 1, 3.125], "rotation": 270, "texture": "#0"},
				"west": {"uv": [0, 0, 1, 3.125], "rotation": 270, "texture": "#0"},
				"up": {"uv": [0, 0, 1, 3.125], "rotation": 270, "texture": "#0"},
				"down": {"uv": [0, 0, 1, 3.125], "rotation": 270, "texture": "#0"}
			}
		},
		{
			"name": "bass 4",
			"from": [4.14708, -0.87977, 7.5],
			"to": [7.27208, 0.12023, 8.5],
			"rotation": {"angle": 22.5, "axis": "z", "origin": [4.7929, -0.30294, 8.00019]},
			"faces": {
				"north": {"uv": [0, 0, 1, 3.125], "rotation": 270, "texture": "#0"},
				"east": {"uv": [0, 0, 1, 3.125], "rotation": 90, "texture": "#0"},
				"south": {"uv": [0, 0, 1, 3.125], "rotation": 90, "texture": "#0"},
				"west": {"uv": [0, 0, 1, 3.125], "rotation": 90, "texture": "#0"},
				"up": {"uv": [0, 0, 1, 3.125], "rotation": 90, "texture": "#0"},
				"down": {"uv": [0, 0, 1, 3.125], "rotation": 90, "texture": "#0"}
			}
		},
		{
			"name": "bass 4",
			"from": [3.41672, 18.08344, 7.49961],
			"to": [4.41672, 19.08344, 8.49961],
			"rotation": {"angle": 0, "axis": "z", "origin": [4.79297, 18.30328, 7.99981]},
			"faces": {
				"north": {"uv": [0, 0, 1, 3.125], "rotation": 90, "texture": "#0"},
				"east": {"uv": [0, 0, 1, 3.125], "rotation": 270, "texture": "#0"},
				"south": {"uv": [0, 0, 1, 3.125], "rotation": 270, "texture": "#0"},
				"west": {"uv": [0, 0, 1, 3.125], "rotation": 270, "texture": "#0"},
				"up": {"uv": [0, 0, 1, 3.125], "rotation": 270, "texture": "#0"},
				"down": {"uv": [0, 0, 1, 3.125], "rotation": 270, "texture": "#0"}
			}
		},
		{
			"name": "bass 5",
			"from": [3.41659, -1.08275, 7.50037],
			"to": [4.41659, -0.08275, 8.50037],
			"rotation": {"angle": 0, "axis": "z", "origin": [4.7929, -0.30294, 8.00019]},
			"faces": {
				"north": {"uv": [0, 0, 1, 3.125], "texture": "#0"},
				"east": {"uv": [0, 0, 1, 3.125], "texture": "#0"},
				"south": {"uv": [0, 0, 1, 3.125], "texture": "#0"},
				"west": {"uv": [0, 0, 1, 3.125], "texture": "#0"},
				"up": {"uv": [0, 0, 1, 3.125], "texture": "#0"},
				"down": {"uv": [0, 0, 1, 3.125], "texture": "#0"}
			}
		},
		{
			"name": "bass 6",
			"from": [3.46941, -0.17294, 7.875],
			"to": [3.71941, 18.18406, 8.125],
			"rotation": {"angle": 0, "axis": "z", "origin": [4.71941, -2.80394, 8]},
			"faces": {
				"north": {"uv": [2, 0, 2.5, 16], "texture": "#0"},
				"east": {"uv": [2, 0, 2.5, 16], "texture": "#0"},
				"south": {"uv": [2, 0, 2.5, 16], "texture": "#0"},
				"west": {"uv": [2, 0, 2.5, 16], "texture": "#0"},
				"up": {"uv": [2, 0, 2.5, 16], "texture": "#0"},
				"down": {"uv": [2, 0, 2.5, 16], "texture": "#0"}
			}
		},
		{
			"name": "arrow",
			"from": [3.625, 9, 7.75],
			"to": [12.625, 9.5, 8.25],
			"rotation": {"angle": 0, "axis": "y", "origin": [12.625, 15.75, 15.75]},
			"faces": {
				"north": {"uv": [2.5, 0, 9.5, 0.5], "texture": "#0"},
				"east": {"uv": [2.5, 0, 9.5, 0.5], "texture": "#0"},
				"south": {"uv": [2.5, 0, 9.5, 0.5], "texture": "#0"},
				"west": {"uv": [2.5, 0, 9.5, 0.5], "texture": "#0"},
				"up": {"uv": [2.5, 0, 9.5, 0.5], "texture": "#0"},
				"down": {"uv": [2.5, 0, 9.5, 0.5], "texture": "#0"}
			}
		},
		{
			"name": "arrow",
			"from": [12.625, 9.025, 7.775],
			"to": [14.625, 9.475, 8.225],
			"rotation": {"angle": 0, "axis": "y", "origin": [12.625, 15.1, 14.975]},
			"faces": {
				"north": {"uv": [2.5, 0, 9.5, 0.5], "texture": "#0"},
				"east": {"uv": [2.5, 0, 9.5, 0.5], "texture": "#0"},
				"south": {"uv": [2.5, 0, 9.5, 0.5], "texture": "#0"},
				"west": {"uv": [2.5, 0, 9.5, 0.5], "texture": "#0"},
				"up": {"uv": [2.5, 0, 9.5, 0.5], "texture": "#0"},
				"down": {"uv": [2.5, 0, 9.5, 0.5], "texture": "#0"}
			}
		},
		{
			"name": "arrow",
			"from": [3.5, 9.5, 8],
			"to": [5.625, 11, 8],
			"rotation": {"angle": 0, "axis": "y", "origin": [4.625, 9.25, 8]},
			"faces": {
				"north": {"uv": [2.5, 0.5, 6.5, 2.5], "texture": "#0"},
				"east": {"uv": [2.5, 0.5, 6.5, 2.5], "texture": "#0"},
				"south": {"uv": [2.5, 0.5, 6.5, 2.5], "texture": "#0"},
				"west": {"uv": [2.5, 0.5, 6.5, 2.5], "texture": "#0"},
				"up": {"uv": [2.5, 0.5, 6.5, 2.5], "texture": "#0"},
				"down": {"uv": [2.5, 0.5, 6.5, 2.5], "texture": "#0"}
			}
		},
		{
			"name": "arrow",
			"from": [3.5, 7.5, 8],
			"to": [5.625, 9, 8],
			"rotation": {"angle": 0, "axis": "y", "origin": [4.625, 9.25, 8]},
			"faces": {
				"north": {"uv": [2.5, 2.5, 6.5, 0.5], "texture": "#0"},
				"east": {"uv": [2.5, 2.5, 6.5, 0.5], "texture": "#0"},
				"south": {"uv": [2.5, 2.5, 6.5, 0.5], "texture": "#0"},
				"west": {"uv": [2.5, 2.5, 6.5, 0.5], "texture": "#0"},
				"up": {"uv": [2.5, 2.5, 6.5, 0.5], "texture": "#0"},
				"down": {"uv": [2.5, 2.5, 6.5, 0.5], "texture": "#0"}
			}
		},
		{
			"name": "arrow",
			"from": [3.5, 9.25, 8.25],
			"to": [5.625, 9.25, 9.75],
			"rotation": {"angle": 0, "axis": "y", "origin": [4.625, 9.25, 8]},
			"faces": {
				"north": {"uv": [6.5, 2.5, 2.5, 0.5], "texture": "#0"},
				"east": {"uv": [6.5, 2.5, 2.5, 0.5], "texture": "#0"},
				"south": {"uv": [6.5, 2.5, 2.5, 0.5], "texture": "#0"},
				"west": {"uv": [6.5, 2.5, 2.5, 0.5], "texture": "#0"},
				"up": {"uv": [6.5, 2.5, 2.5, 0.5], "texture": "#0"},
				"down": {"uv": [6.5, 2.5, 2.5, 0.5], "texture": "#0"}
			}
		},
		{
			"name": "arrow",
			"from": [3.5, 9.25, 6.25],
			"to": [5.625, 9.25, 7.75],
			"rotation": {"angle": 0, "axis": "y", "origin": [4.625, 9.25, 8]},
			"faces": {
				"north": {"uv": [6.5, 0.5, 2.5, 2.5], "texture": "#0"},
				"east": {"uv": [6.5, 0.5, 2.5, 2.5], "texture": "#0"},
				"south": {"uv": [6.5, 0.5, 2.5, 2.5], "texture": "#0"},
				"west": {"uv": [6.5, 0.5, 2.5, 2.5], "texture": "#0"},
				"up": {"uv": [6.5, 0.5, 2.5, 2.5], "texture": "#0"},
				"down": {"uv": [6.5, 0.5, 2.5, 2.5], "texture": "#0"}
			}
		}
	],
	"display": {
		"thirdperson_righthand": {
			"rotation": [0, 90, 0]
		},
		"thirdperson_lefthand": {
			"rotation": [0, -90, 0]
		},
		"firstperson_righthand": {
			"rotation": [31, 98, -6],
			"translation": [0.75, 2.5, 0],
			"scale": [0.8, 0.8, 0.8]
		},
		"firstperson_lefthand": {
			"rotation": [31, -98, -6],
			"translation": [0.75, 2.5, 0],
			"scale": [0.8, 0.8, 0.8]
		},
		"gui": {
			"rotation": [-46, 35, 61],
			"translation": [0.5, -0.75, 0],
			"scale": [0.6, 0.6, 0.6]
		}
	},
	"groups": [
		{
			"name": "bass",
			"origin": [15.5, 10, 15.5],
			"color": 0,
			"children": [0, 1, 2, 3, 4, 5, 6, 7, 8, 9, 10, 11, 12, 13]
		}
	]
}