{
	"credit": "Made with Blockbench",
	"textures": {
		"0": "custom/flintlocks/flintlock_rifle_pulling_0",
		"particle": "custom/flintlocks/flintlock_rifle_pulling_0"
	},
	"elements": [
		{
			"name": "bass 1",
			"from": [6.81113, 7.67232, -1.02048],
			"to": [8.01113, 8.87232, 10.17952],
			"rotation": {"angle": 0, "axis": "y", "origin": [7.41113, 8.27232, -6.42048]},
			"faces": {
				"north": {"uv": [0, 0, 16, 2], "texture": "#0"},
				"east": {"uv": [0, 0, 16, 2], "texture": "#0"},
				"south": {"uv": [0, 0, 16, 2], "texture": "#0"},
				"west": {"uv": [0, 0, 16, 2], "texture": "#0"},
				"up": {"uv": [0, 0, 16, 2], "texture": "#0"},
				"down": {"uv": [0, 0, 16, 2], "texture": "#0"}
			}
		},
		{
			"name": "bass 2",
			"from": [6.81113, 7.80862, 9.93498],
			"to": [8.01113, 8.76862, 11.13498],
			"rotation": {"angle": -45, "axis": "x", "origin": [7.41254, 7.66712, 10.53207]},
			"faces": {
				"north": {"uv": [0, 0, 16, 2], "rotation": 180, "texture": "#0"},
				"east": {"uv": [0, 0, 16, 2], "rotation": 270, "texture": "#0"},
				"south": {"uv": [0, 0, 16, 2], "texture": "#0"},
				"west": {"uv": [0, 0, 16, 2], "rotation": 90, "texture": "#0"},
				"up": {"uv": [0, 0, 16, 2], "rotation": 180, "texture": "#0"},
				"down": {"uv": [0, 0, 16, 2], "texture": "#0"}
			}
		},
		{
			"name": "bass 3",
			"from": [6.81273, 7.72629, 10.12449],
			"to": [8.01273, 8.04629, 11.32449],
			"rotation": {"angle": -22.5, "axis": "x", "origin": [7.41414, 6.94479, 10.72158]},
			"faces": {
				"north": {"uv": [0, 0, 16, 2], "rotation": 180, "texture": "#0"},
				"east": {"uv": [0, 0, 16, 2], "rotation": 270, "texture": "#0"},
				"south": {"uv": [0, 0, 16, 2], "texture": "#0"},
				"west": {"uv": [0, 0, 16, 2], "rotation": 90, "texture": "#0"},
				"up": {"uv": [0, 0, 16, 2], "rotation": 180, "texture": "#0"},
				"down": {"uv": [0, 0, 16, 2], "texture": "#0"}
			}
		},
		{
			"name": "bass 2",
			"from": [6.71113, 7.57232, -1.82048],
			"to": [8.11113, 8.97232, -1.02048],
			"rotation": {"angle": 0, "axis": "y", "origin": [7.41113, 8.27232, -6.42048]},
			"faces": {
				"north": {"uv": [8, 13, 9, 14], "texture": "#0"},
				"east": {"uv": [0, 0, 1, 1], "texture": "#0"},
				"south": {"uv": [0, 0, 1, 1], "texture": "#0"},
				"west": {"uv": [0, 0, 1, 1], "texture": "#0"},
				"up": {"uv": [0, 0, 1, 1], "texture": "#0"},
				"down": {"uv": [0, 0, 1, 1], "texture": "#0"}
			}
		},
		{
			"name": "bass 3",
			"from": [6.61113, 6.47232, 5.57952],
			"to": [8.21113, 8.07232, 10.57952],
			"rotation": {"angle": 0, "axis": "y", "origin": [7.41113, 7.67232, -1.62048]},
			"faces": {
				"north": {"uv": [0, 14, 16, 16], "texture": "#0"},
				"east": {"uv": [0, 14, 2, 16], "texture": "#0"},
				"south": {"uv": [0, 14, 2, 16], "texture": "#0"},
				"west": {"uv": [0, 14, 2, 16], "texture": "#0"},
				"up": {"uv": [0, 14, 16, 16], "texture": "#0"},
				"down": {"uv": [0, 14, 2, 16], "texture": "#0"}
			}
		},
		{
			"name": "bass 4",
			"from": [6.61113, 7.55948, 4.11402],
			"to": [8.21113, 9.15948, 6.11402],
			"rotation": {"angle": 22.5, "axis": "x", "origin": [7.41113, 8.35948, 3.11402]},
			"faces": {
				"north": {"uv": [0, 14, 16, 16], "texture": "#0"},
				"east": {"uv": [0, 14, 2, 16], "texture": "#0"},
				"south": {"uv": [0, 14, 2, 16], "texture": "#0"},
				"west": {"uv": [0, 14, 2, 16], "texture": "#0"},
				"up": {"uv": [0, 14, 16, 16], "texture": "#0"},
				"down": {"uv": [0, 14, 2, 16], "texture": "#0"}
			}
		},
		{
			"name": "bass 4",
			"from": [6.61113, 4.23712, 9.81665],
			"to": [8.21113, 5.83712, 11.41665],
			"rotation": {"angle": 22.5, "axis": "x", "origin": [7.41113, 5.03712, 15.81665]},
			"faces": {
				"north": {"uv": [6, 13, 7, 14], "texture": "#0"},
				"east": {"uv": [6, 13, 7, 14], "texture": "#0"},
				"south": {"uv": [6, 13, 7, 14], "texture": "#0"},
				"west": {"uv": [6, 13, 7, 14], "texture": "#0"},
				"up": {"uv": [6, 13, 7, 14], "texture": "#0"},
				"down": {"uv": [6, 13, 7, 14], "texture": "#0"}
			}
		},
		{
			"name": "bass 5",
			"from": [6.61113, 4.86582, 10.7451],
			"to": [8.21113, 6.46582, 12.3451],
			"rotation": {"angle": 45, "axis": "x", "origin": [7.42373, 5.37845, 12.60153]},
			"faces": {
				"north": {"uv": [6, 13, 7, 14], "texture": "#0"},
				"east": {"uv": [6, 13, 7, 14], "texture": "#0"},
				"south": {"uv": [6, 13, 7, 14], "texture": "#0"},
				"west": {"uv": [6, 13, 7, 14], "texture": "#0"},
				"up": {"uv": [6, 13, 7, 14], "texture": "#0"},
				"down": {"uv": [6, 13, 7, 14], "texture": "#0"}
			}
		},
		{
			"name": "bass 6",
			"from": [6.61113, 4.12747, 11.908],
			"to": [8.21113, 6.03147, 13.508],
			"rotation": {"angle": -22.5, "axis": "x", "origin": [7.42373, 5.37845, 12.60153]},
			"faces": {
				"north": {"uv": [6, 13, 7, 14], "rotation": 180, "texture": "#0"},
				"east": {"uv": [6, 13, 7, 14], "rotation": 270, "texture": "#0"},
				"south": {"uv": [6, 13, 7, 14], "texture": "#0"},
				"west": {"uv": [6, 13, 7, 14], "rotation": 90, "texture": "#0"},
				"up": {"uv": [6, 13, 7, 14], "rotation": 180, "texture": "#0"},
				"down": {"uv": [6, 13, 7, 14], "texture": "#0"}
			}
		},
		{
			"name": "bass 7",
			"from": [6.61183, 3.96939, 12.31723],
			"to": [8.21183, 4.56939, 13.91723],
			"rotation": {"angle": 0, "axis": "x", "origin": [7.42442, 5.09738, 12.71737]},
			"faces": {
				"north": {"uv": [6, 13, 7, 14], "rotation": 180, "texture": "#0"},
				"east": {"uv": [6, 13, 7, 14], "rotation": 270, "texture": "#0"},
				"south": {"uv": [6, 13, 7, 14], "texture": "#0"},
				"west": {"uv": [6, 13, 7, 14], "rotation": 90, "texture": "#0"},
				"up": {"uv": [6, 13, 7, 14], "rotation": 180, "texture": "#0"},
				"down": {"uv": [6, 13, 7, 14], "texture": "#0"}
			}
		},
		{
			"name": "bass_2",
			"from": [8.21113, 7.55192, 9.44177],
			"to": [8.61113, 8.25192, 9.85457],
			"rotation": {"angle": 45, "axis": "x", "origin": [8.40313, 7.80611, 9.6443]},
			"faces": {
				"north": {"uv": [6, 12, 7, 13], "rotation": 180, "texture": "#0"},
				"east": {"uv": [6, 12, 7, 13], "rotation": 90, "texture": "#0"},
				"south": {"uv": [6, 12, 7, 13], "texture": "#0"},
				"west": {"uv": [6, 12, 7, 13], "rotation": 270, "texture": "#0"},
				"up": {"uv": [6, 12, 7, 13], "texture": "#0"},
				"down": {"uv": [6, 12, 7, 13], "rotation": 180, "texture": "#0"}
			}
		},
		{
			"name": "bass_3",
			"from": [8.21113, 8.13751, 9.59637],
			"to": [8.61113, 8.92951, 10.00917],
			"rotation": {"angle": 22.5, "axis": "x", "origin": [8.40313, 7.80611, 9.6443]},
			"faces": {
				"north": {"uv": [6, 12, 7, 13], "rotation": 180, "texture": "#0"},
				"east": {"uv": [6, 12, 7, 13], "rotation": 90, "texture": "#0"},
				"south": {"uv": [6, 12, 7, 13], "texture": "#0"},
				"west": {"uv": [6, 12, 7, 13], "rotation": 270, "texture": "#0"},
				"up": {"uv": [6, 12, 7, 13], "texture": "#0"},
				"down": {"uv": [6, 12, 7, 13], "rotation": 180, "texture": "#0"}
			}
		},
		{
			"name": "bass_4",
			"from": [8.21113, 8.70437, 9.99851],
			"to": [8.61113, 9.40437, 10.41131],
			"rotation": {"angle": 0, "axis": "x", "origin": [8.40313, 7.80611, 9.6443]},
			"faces": {
				"north": {"uv": [6, 12, 7, 13], "texture": "#0"},
				"east": {"uv": [6, 12, 7, 13], "texture": "#0"},
				"south": {"uv": [6, 12, 7, 13], "texture": "#0"},
				"west": {"uv": [6, 12, 7, 13], "texture": "#0"},
				"up": {"uv": [6, 12, 7, 13], "texture": "#0"},
				"down": {"uv": [6, 12, 7, 13], "texture": "#0"}
			}
		},
		{
			"name": "bass_5",
			"from": [8.21113, 9.06581, 8.3565],
			"to": [8.61113, 9.47861, 9.0565],
			"rotation": {"angle": 45, "axis": "x", "origin": [8.40313, 7.80611, 9.6443]},
			"faces": {
				"north": {"uv": [6, 12, 7, 13], "rotation": 180, "texture": "#0"},
				"east": {"uv": [6, 12, 7, 13], "rotation": 90, "texture": "#0"},
				"south": {"uv": [6, 12, 7, 13], "texture": "#0"},
				"west": {"uv": [6, 12, 7, 13], "rotation": 270, "texture": "#0"},
				"up": {"uv": [6, 12, 7, 13], "texture": "#0"},
				"down": {"uv": [6, 12, 7, 13], "rotation": 180, "texture": "#0"}
			}
		},
		{
			"name": "bass_6",
			"from": [8.19833, 9.43132, 8.39457],
			"to": [8.62393, 9.84412, 9.09457],
			"rotation": {"angle": 22.5, "axis": "x", "origin": [8.40313, 7.80611, 9.6443]},
			"faces": {
				"north": {"uv": [6, 12, 7, 13], "rotation": 180, "texture": "#0"},
				"east": {"uv": [6, 12, 7, 13], "rotation": 90, "texture": "#0"},
				"south": {"uv": [6, 12, 7, 13], "texture": "#0"},
				"west": {"uv": [6, 12, 7, 13], "rotation": 270, "texture": "#0"},
				"up": {"uv": [6, 12, 7, 13], "texture": "#0"},
				"down": {"uv": [6, 12, 7, 13], "rotation": 180, "texture": "#0"}
			}
		},
		{
			"name": "bass_7",
			"from": [8.18553, 9.75443, 8.56962],
			"to": [8.63673, 10.16723, 9.26962],
			"rotation": {"angle": 0, "axis": "x", "origin": [8.40313, 7.80611, 9.6443]},
			"faces": {
				"north": {"uv": [6, 12, 7, 13], "texture": "#0"},
				"east": {"uv": [6, 12, 7, 13], "texture": "#0"},
				"south": {"uv": [6, 12, 7, 13], "texture": "#0"},
				"west": {"uv": [6, 12, 7, 13], "texture": "#0"},
				"up": {"uv": [6, 12, 7, 13], "texture": "#0"},
				"down": {"uv": [6, 12, 7, 13], "texture": "#0"}
			}
		},
		{
			"name": "bass_8",
			"from": [8.17273, 8.01576, 7.21481],
			"to": [8.64953, 8.71576, 7.62761],
			"rotation": {"angle": 45, "axis": "x", "origin": [8.40313, 7.80611, 9.6443]},
			"faces": {
				"north": {"uv": [6, 12, 7, 13], "rotation": 180, "texture": "#0"},
				"east": {"uv": [6, 12, 7, 13], "rotation": 90, "texture": "#0"},
				"south": {"uv": [6, 12, 7, 13], "texture": "#0"},
				"west": {"uv": [6, 12, 7, 13], "rotation": 270, "texture": "#0"},
				"up": {"uv": [6, 12, 7, 13], "texture": "#0"},
				"down": {"uv": [6, 12, 7, 13], "rotation": 180, "texture": "#0"}
			}
		},
		{
			"name": "bass_9",
			"from": [8.15993, 8.97225, 8.07465],
			"to": [8.66233, 9.67225, 8.48745],
			"rotation": {"angle": 0, "axis": "x", "origin": [8.40313, 7.80611, 9.6443]},
			"faces": {
				"north": {"uv": [7, 12, 8, 13], "texture": "#0"},
				"east": {"uv": [7, 12, 8, 13], "texture": "#0"},
				"south": {"uv": [7, 12, 8, 13], "texture": "#0"},
				"west": {"uv": [7, 12, 8, 13], "texture": "#0"},
				"up": {"uv": [7, 12, 8, 13], "texture": "#0"},
				"down": {"uv": [7, 12, 8, 13], "texture": "#0"}
			}
		},
		{
			"name": "bass_3",
			"from": [8.21113, 7.66571, 9.5402],
			"to": [8.71113, 7.94011, 9.8146],
			"rotation": {"angle": 0, "axis": "x", "origin": [8.21113, 7.67811, 9.4907]},
			"faces": {
				"north": {"uv": [0.25, 3.5, 0.5, 3.75], "texture": "#0"},
				"east": {"uv": [0, 3.5, 0.25, 3.75], "texture": "#0"},
				"south": {"uv": [6, 12, 7, 13], "texture": "#0"},
				"west": {"uv": [0.5, 3.5, 0.75, 3.75], "texture": "#0"},
				"up": {"uv": [0.5, 3.5, 0.25, 3.25], "texture": "#0"},
				"down": {"uv": [0.75, 3.25, 0.5, 3.5], "texture": "#0"}
			}
		},
		{
			"name": "bass_4",
			"from": [8.01113, 8.06571, 7.2402],
			"to": [8.71113, 8.34011, 8.1146],
			"rotation": {"angle": 0, "axis": "x", "origin": [8.21113, 7.67811, 9.4907]},
			"faces": {
				"north": {"uv": [6, 12, 7, 13], "texture": "#0"},
				"east": {"uv": [6, 12, 7, 13], "texture": "#0"},
				"south": {"uv": [6, 12, 7, 13], "texture": "#0"},
				"west": {"uv": [6, 12, 7, 13], "texture": "#0"},
				"up": {"uv": [6, 12, 7, 13], "texture": "#0"},
				"down": {"uv": [6, 12, 7, 13], "texture": "#0"}
			}
		},
		{
			"name": "bass_5",
			"from": [7.99226, 8.06571, 7.14531],
			"to": [8.69226, 8.34011, 8.01971],
			"rotation": {"angle": 22.5, "axis": "y", "origin": [6.74226, 8.20291, 7.58251]},
			"faces": {
				"north": {"uv": [6, 12, 7, 13], "texture": "#0"},
				"east": {"uv": [6, 12, 7, 13], "texture": "#0"},
				"south": {"uv": [6, 12, 7, 13], "texture": "#0"},
				"west": {"uv": [6, 12, 7, 13], "texture": "#0"},
				"up": {"uv": [6, 12, 7, 13], "texture": "#0"},
				"down": {"uv": [6, 12, 7, 13], "texture": "#0"}
			}
		},
		{
			"name": "bass_6",
			"from": [7.99226, 8.34011, 7.14531],
			"to": [8.59226, 8.61451, 8.01971],
			"rotation": {"angle": 22.5, "axis": "y", "origin": [6.74226, 8.47731, 7.58251]},
			"faces": {
				"north": {"uv": [6, 12, 7, 13], "texture": "#0"},
				"east": {"uv": [6, 12, 7, 13], "texture": "#0"},
				"south": {"uv": [6, 12, 7, 13], "texture": "#0"},
				"west": {"uv": [6, 12, 7, 13], "texture": "#0"},
				"up": {"uv": [6, 12, 7, 13], "texture": "#0"},
				"down": {"uv": [6, 12, 7, 13], "texture": "#0"}
			}
		},
		{
			"name": "bass_7",
			"from": [8.01874, 8.34011, 7.27847],
			"to": [8.61874, 8.61451, 7.55287],
			"rotation": {"angle": 0, "axis": "y", "origin": [6.76874, 8.47731, 7.71567]},
			"faces": {
				"north": {"uv": [6, 12, 7, 13], "texture": "#0"},
				"east": {"uv": [6, 12, 7, 13], "texture": "#0"},
				"south": {"uv": [6, 12, 7, 13], "texture": "#0"},
				"west": {"uv": [6, 12, 7, 13], "texture": "#0"},
				"up": {"uv": [6, 12, 7, 13], "texture": "#0"},
				"down": {"uv": [6, 12, 7, 13], "texture": "#0"}
			}
		},
		{
			"name": "bass_8",
			"from": [8.01874, 8.34011, 7.55287],
			"to": [8.61874, 8.36451, 8.07727],
			"rotation": {"angle": 0, "axis": "y", "origin": [6.76874, 8.47731, 7.73407]},
			"faces": {
				"north": {"uv": [7, 12, 8, 13], "texture": "#0"},
				"east": {"uv": [7, 12, 8, 13], "texture": "#0"},
				"south": {"uv": [7, 12, 8, 13], "texture": "#0"},
				"west": {"uv": [7, 12, 8, 13], "texture": "#0"},
				"up": {"uv": [7, 12, 8, 13], "texture": "#0"},
				"down": {"uv": [7, 12, 8, 13], "texture": "#0"}
			}
		},
		{
			"name": "bass_6",
			"from": [7.93851, 8.06571, 7.06487],
			"to": [8.63851, 8.34011, 7.93927],
			"rotation": {"angle": 45, "axis": "y", "origin": [6.68851, 8.20291, 7.50207]},
			"faces": {
				"north": {"uv": [6, 12, 7, 13], "texture": "#0"},
				"east": {"uv": [6, 12, 7, 13], "texture": "#0"},
				"south": {"uv": [6, 12, 7, 13], "texture": "#0"},
				"west": {"uv": [6, 12, 7, 13], "texture": "#0"},
				"up": {"uv": [6, 12, 7, 13], "texture": "#0"},
				"down": {"uv": [6, 12, 7, 13], "texture": "#0"}
			}
		},
		{
			"name": "bass_7",
			"from": [7.91683, 8.34011, 7.50923],
			"to": [8.51683, 8.61451, 7.90683],
			"rotation": {"angle": 45, "axis": "y", "origin": [6.66683, 8.47731, 7.46963]},
			"faces": {
				"north": {"uv": [6, 12, 7, 13], "texture": "#0"},
				"east": {"uv": [6, 12, 7, 13], "texture": "#0"},
				"south": {"uv": [6, 12, 7, 13], "texture": "#0"},
				"west": {"uv": [6, 12, 7, 13], "texture": "#0"},
				"up": {"uv": [6, 12, 7, 13], "texture": "#0"},
				"down": {"uv": [6, 12, 7, 13], "texture": "#0"}
			}
		},
		{
			"name": "bass_10",
			"from": [7.01113, 7.88632, -3.02048],
			"to": [7.81113, 8.68632, -2.22048],
			"rotation": {"angle": 0, "axis": "y", "origin": [7.40431, 8.29161, 4.38106]},
			"faces": {
				"north": {"uv": [0, 10, 2, 12], "texture": "#0"},
				"east": {"uv": [0, 10, 2, 12], "texture": "#0"},
				"south": {"uv": [0, 10, 2, 12], "texture": "#0"},
				"west": {"uv": [0, 10, 2, 12], "texture": "#0"},
				"up": {"uv": [0, 10, 2, 12], "texture": "#0"},
				"down": {"uv": [0, 10, 2, 12], "texture": "#0"}
			}
		},
		{
			"name": "bass_11",
			"from": [7.26113, 8.02232, -6.82048],
			"to": [7.56113, 8.32232, 1.95452],
			"rotation": {"angle": 0, "axis": "y", "origin": [7.81113, 9.30832, 34.57952]},
			"faces": {
				"north": {"uv": [0, 9.5, 16, 10], "texture": "#0"},
				"east": {"uv": [0, 9.5, 16, 10], "texture": "#0"},
				"south": {"uv": [0, 9.5, 16, 10], "texture": "#0"},
				"west": {"uv": [0, 9.5, 16, 10], "rotation": 180, "texture": "#0"},
				"up": {"uv": [0, 9.5, 16, 10], "rotation": 270, "texture": "#0"},
				"down": {"uv": [0, 9.5, 16, 10], "rotation": 90, "texture": "#0"}
			}
		}
	],
	"display": {
		"thirdperson_righthand": {
			"translation": [0.75, 1, -3]
		},
		"thirdperson_lefthand": {
			"translation": [0.75, 1, -3]
		},
		"firstperson_righthand": {
			"rotation": [18, 10, 5],
			"translation": [1.75, 1.5, -0.75],
			"scale": [0.8, 0.8, 0.8]
		},
		"firstperson_lefthand": {
			"rotation": [18, 10, 5],
			"translation": [1.75, 1.5, -0.75],
			"scale": [0.8, 0.8, 0.8]
		},
		"ground": {
			"translation": [0, -0.5, 0],
			"scale": [0.8, 0.8, 0.8]
		},
		"gui": {
			"rotation": [39, 58, 0],
			"translation": [1.5, 0, 0],
			"scale": [0.8, 0.8, 0.8]
		},
		"fixed": {
			"rotation": [0, -90, 0],
			"translation": [-4, 0, 0],
			"scale": [2, 2, 2]
		}
	},
	"groups": [
		{
			"name": "bass",
			"origin": [8, 8, 8],
			"children": [0, 1, 2, 3,
				{
					"name": "B",
					"origin": [8, 1.87647, 21.17859],
					"children": [4, 5, 6, 7, 8, 9]
				},
				{
					"name": "FL",
					"origin": [8, 8, 8],
					"children": [
						{
							"name": "MP",
							"origin": [9.24, 8.16724, 19.08098],
							"children": [10, 11, 12, 13, 14, 15, 16, 17]
						}, 18, 19, 20, 21, 22, 23, 24, 25]
				},
				{
					"name": "BT",
					"origin": [8, 8, 8],
					"children": [26, 27]
				}
			]
		}
	]
}