{
	"credit": "Made with Blockbench",
	"textures": {
		"0": "custom/bows/bow_3d_pulling_2"
	},
	"elements": [
		{
			"name": "bass 1",
			"from": [7.5, 3, 7.5],
			"to": [8.5, 15, 8.5],
			"rotation": {"angle": 0, "axis": "y", "origin": [8, 18.66667, 8]},
			"faces": {
				"north": {"uv": [0, 3, 1, 11], "texture": "#0"},
				"east": {"uv": [0, 3, 1, 11], "texture": "#0"},
				"south": {"uv": [0, 3, 1, 11], "texture": "#0"},
				"west": {"uv": [0, 3, 1, 11], "texture": "#0"},
				"up": {"uv": [0, 3, 1, 11], "texture": "#0"},
				"down": {"uv": [0, 3, 1, 11], "texture": "#0"}
			}
		},
		{
			"name": "bass 2",
			"from": [5.49505, 12.83811, 7.5],
			"to": [6.49505, 15.96311, 8.5],
			"rotation": {"angle": 45, "axis": "z", "origin": [4.88789, 16.33924, 7.99987]},
			"faces": {
				"north": {"uv": [0, 0, 1, 3.125], "texture": "#0"},
				"east": {"uv": [0, 0, 1, 3.125], "texture": "#0"},
				"south": {"uv": [0, 0, 1, 3.125], "texture": "#0"},
				"west": {"uv": [0, 0, 1, 3.125], "texture": "#0"},
				"up": {"uv": [0, 0, 1, 3.125], "texture": "#0"},
				"down": {"uv": [0, 0, 1, 3.125], "texture": "#0"}
			}
		},
		{
			"name": "bass 3",
			"from": [5.49522, 2.03693, 7.5],
			"to": [6.49522, 5.16193, 8.5],
			"rotation": {"angle": -45, "axis": "z", "origin": [4.88794, 1.66098, 8.00012]},
			"faces": {
				"north": {"uv": [0, 0, 1, 3.125], "texture": "#0"},
				"east": {"uv": [0, 0, 1, 3.125], "texture": "#0"},
				"south": {"uv": [0, 0, 1, 3.125], "texture": "#0"},
				"west": {"uv": [0, 0, 1, 3.125], "texture": "#0"},
				"up": {"uv": [0, 0, 1, 3.125], "texture": "#0"},
				"down": {"uv": [0, 0, 1, 3.125], "texture": "#0"}
			}
		},
		{
			"name": "bass 3",
			"from": [3.16529, 16.20971, 7.5],
			"to": [6.29029, 17.20971, 8.5],
			"rotation": {"angle": 0, "axis": "z", "origin": [4.88789, 16.33924, 7.99987]},
			"faces": {
				"north": {"uv": [0, 0, 1, 3.125], "rotation": 90, "texture": "#0"},
				"east": {"uv": [0, 0, 1, 3.125], "rotation": 270, "texture": "#0"},
				"south": {"uv": [0, 0, 1, 3.125], "rotation": 270, "texture": "#0"},
				"west": {"uv": [0, 0, 1, 3.125], "rotation": 270, "texture": "#0"},
				"up": {"uv": [0, 0, 1, 3.125], "rotation": 270, "texture": "#0"},
				"down": {"uv": [0, 0, 1, 3.125], "rotation": 270, "texture": "#0"}
			}
		},
		{
			"name": "bass 4",
			"from": [3.16529, 0.79029, 7.5],
			"to": [6.29029, 1.79029, 8.5],
			"rotation": {"angle": 0, "axis": "z", "origin": [4.88794, 1.66098, 8.00012]},
			"faces": {
				"north": {"uv": [0, 0, 1, 3.125], "rotation": 270, "texture": "#0"},
				"east": {"uv": [0, 0, 1, 3.125], "rotation": 90, "texture": "#0"},
				"south": {"uv": [0, 0, 1, 3.125], "rotation": 90, "texture": "#0"},
				"west": {"uv": [0, 0, 1, 3.125], "rotation": 90, "texture": "#0"},
				"up": {"uv": [0, 0, 1, 3.125], "rotation": 90, "texture": "#0"},
				"down": {"uv": [0, 0, 1, 3.125], "rotation": 90, "texture": "#0"}
			}
		},
		{
			"name": "bass 4",
			"from": [2.62926, 16.80308, 7.49961],
			"to": [3.62926, 17.80308, 8.49961],
			"rotation": {"angle": 22.5, "axis": "z", "origin": [4.88789, 16.33924, 7.99987]},
			"faces": {
				"north": {"uv": [0, 0, 1, 3.125], "rotation": 90, "texture": "#0"},
				"east": {"uv": [0, 0, 1, 3.125], "rotation": 270, "texture": "#0"},
				"south": {"uv": [0, 0, 1, 3.125], "rotation": 270, "texture": "#0"},
				"west": {"uv": [0, 0, 1, 3.125], "rotation": 270, "texture": "#0"},
				"up": {"uv": [0, 0, 1, 3.125], "rotation": 270, "texture": "#0"},
				"down": {"uv": [0, 0, 1, 3.125], "rotation": 270, "texture": "#0"}
			}
		},
		{
			"name": "bass 5",
			"from": [2.62922, 0.1976, 7.50037],
			"to": [3.62922, 1.1976, 8.50037],
			"rotation": {"angle": -22.5, "axis": "z", "origin": [4.88794, 1.66098, 8.00012]},
			"faces": {
				"north": {"uv": [0, 0, 1, 3.125], "texture": "#0"},
				"east": {"uv": [0, 0, 1, 3.125], "texture": "#0"},
				"south": {"uv": [0, 0, 1, 3.125], "texture": "#0"},
				"west": {"uv": [0, 0, 1, 3.125], "texture": "#0"},
				"up": {"uv": [0, 0, 1, 3.125], "texture": "#0"},
				"down": {"uv": [0, 0, 1, 3.125], "texture": "#0"}
			}
		},
		{
			"name": "bass 6",
			"from": [2.71941, 1.82706, 7.875],
			"to": [2.96941, 16.18406, 8.125],
			"rotation": {"angle": 0, "axis": "z", "origin": [5.09441, -2.80394, 8]},
			"faces": {
				"north": {"uv": [2, 0, 2.5, 16], "texture": "#0"},
				"east": {"uv": [2, 0, 2.5, 16], "texture": "#0"},
				"south": {"uv": [2, 0, 2.5, 16], "texture": "#0"},
				"west": {"uv": [2, 0, 2.5, 16], "texture": "#0"},
				"up": {"uv": [2, 0, 2.5, 16], "texture": "#0"},
				"down": {"uv": [2, 0, 2.5, 16], "texture": "#0"}
			}
		},
		{
			"name": "arrow",
			"from": [2.875, 9, 7.75],
			"to": [11.875, 9.5, 8.25],
			"rotation": {"angle": 0, "axis": "y", "origin": [11.875, 15.75, 15.75]},
			"faces": {
				"north": {"uv": [2.5, 0, 9.5, 0.5], "texture": "#0"},
				"east": {"uv": [2.5, 0, 9.5, 0.5], "texture": "#0"},
				"south": {"uv": [2.5, 0, 9.5, 0.5], "texture": "#0"},
				"west": {"uv": [2.5, 0, 9.5, 0.5], "texture": "#0"},
				"up": {"uv": [2.5, 0, 9.5, 0.5], "texture": "#0"},
				"down": {"uv": [2.5, 0, 9.5, 0.5], "texture": "#0"}
			}
		},
		{
			"name": "arrow",
			"from": [11.875, 9.025, 7.775],
			"to": [13.875, 9.475, 8.225],
			"rotation": {"angle": 0, "axis": "y", "origin": [11.875, 15.1, 14.975]},
			"faces": {
				"north": {"uv": [2.5, 0, 9.5, 0.5], "texture": "#0"},
				"east": {"uv": [2.5, 0, 9.5, 0.5], "texture": "#0"},
				"south": {"uv": [2.5, 0, 9.5, 0.5], "texture": "#0"},
				"west": {"uv": [2.5, 0, 9.5, 0.5], "texture": "#0"},
				"up": {"uv": [2.5, 0, 9.5, 0.5], "texture": "#0"},
				"down": {"uv": [2.5, 0, 9.5, 0.5], "texture": "#0"}
			}
		},
		{
			"name": "arrow",
			"from": [2.75, 9.5, 8],
			"to": [4.875, 11, 8],
			"rotation": {"angle": 0, "axis": "y", "origin": [3.875, 9.25, 8]},
			"faces": {
				"north": {"uv": [2.5, 0.5, 6.5, 2.5], "texture": "#0"},
				"east": {"uv": [2.5, 0.5, 6.5, 2.5], "texture": "#0"},
				"south": {"uv": [2.5, 0.5, 6.5, 2.5], "texture": "#0"},
				"west": {"uv": [2.5, 0.5, 6.5, 2.5], "texture": "#0"},
				"up": {"uv": [2.5, 0.5, 6.5, 2.5], "texture": "#0"},
				"down": {"uv": [2.5, 0.5, 6.5, 2.5], "texture": "#0"}
			}
		},
		{
			"name": "arrow",
			"from": [2.75, 7.5, 8],
			"to": [4.875, 9, 8],
			"rotation": {"angle": 0, "axis": "y", "origin": [3.875, 9.25, 8]},
			"faces": {
				"north": {"uv": [2.5, 2.5, 6.5, 0.5], "texture": "#0"},
				"east": {"uv": [2.5, 2.5, 6.5, 0.5], "texture": "#0"},
				"south": {"uv": [2.5, 2.5, 6.5, 0.5], "texture": "#0"},
				"west": {"uv": [2.5, 2.5, 6.5, 0.5], "texture": "#0"},
				"up": {"uv": [2.5, 2.5, 6.5, 0.5], "texture": "#0"},
				"down": {"uv": [2.5, 2.5, 6.5, 0.5], "texture": "#0"}
			}
		},
		{
			"name": "arrow",
			"from": [2.75, 9.25, 8.25],
			"to": [4.875, 9.25, 9.75],
			"rotation": {"angle": 0, "axis": "y", "origin": [3.875, 9.25, 8]},
			"faces": {
				"north": {"uv": [6.5, 2.5, 2.5, 0.5], "texture": "#0"},
				"east": {"uv": [6.5, 2.5, 2.5, 0.5], "texture": "#0"},
				"south": {"uv": [6.5, 2.5, 2.5, 0.5], "texture": "#0"},
				"west": {"uv": [6.5, 2.5, 2.5, 0.5], "texture": "#0"},
				"up": {"uv": [6.5, 2.5, 2.5, 0.5], "texture": "#0"},
				"down": {"uv": [6.5, 2.5, 2.5, 0.5], "texture": "#0"}
			}
		},
		{
			"name": "arrow",
			"from": [2.75, 9.25, 6.25],
			"to": [4.875, 9.25, 7.75],
			"rotation": {"angle": 0, "axis": "y", "origin": [3.875, 9.25, 8]},
			"faces": {
				"north": {"uv": [6.5, 0.5, 2.5, 2.5], "texture": "#0"},
				"east": {"uv": [6.5, 0.5, 2.5, 2.5], "texture": "#0"},
				"south": {"uv": [6.5, 0.5, 2.5, 2.5], "texture": "#0"},
				"west": {"uv": [6.5, 0.5, 2.5, 2.5], "texture": "#0"},
				"up": {"uv": [6.5, 0.5, 2.5, 2.5], "texture": "#0"},
				"down": {"uv": [6.5, 0.5, 2.5, 2.5], "texture": "#0"}
			}
		}
	],
	"display": {
		"thirdperson_righthand": {
			"rotation": [0, 90, 0]
		},
		"thirdperson_lefthand": {
			"rotation": [0, -90, 0]
		},
		"firstperson_righthand": {
			"rotation": [31, 98, -6],
			"translation": [0.75, 2.5, 0],
			"scale": [0.8, 0.8, 0.8]
		},
		"firstperson_lefthand": {
			"rotation": [31, -98, -6],
			"translation": [0.75, 2.5, 0],
			"scale": [0.8, 0.8, 0.8]
		},
		"gui": {
			"rotation": [-46, 35, 61],
			"translation": [0.5, -0.75, 0],
			"scale": [0.6, 0.6, 0.6]
		}
	},
	"groups": [
		{
			"name": "bass",
			"origin": [15.5, 10, 15.5],
			"color": 0,
			"children": [0, 1, 2, 3, 4, 5, 6, 7, 8, 9, 10, 11, 12, 13]
		}
	]
}