{
	"credit": "Made with Blockbench",
	"textures": {
		"0": "custom/bows/bow_3d"
	},
	"elements": [
		{
			"name": "bass 1",
			"from": [7.5, 3, 7.5],
			"to": [8.5, 15, 8.5],
			"rotation": {"angle": 0, "axis": "y", "origin": [8, 18.66667, 8]},
			"faces": {
				"north": {"uv": [0, 3, 1, 11], "texture": "#0"},
				"east": {"uv": [0, 3, 1, 11], "texture": "#0"},
				"south": {"uv": [0, 3, 1, 11], "texture": "#0"},
				"west": {"uv": [0, 3, 1, 11], "texture": "#0"},
				"up": {"uv": [0, 3, 1, 11], "texture": "#0"},
				"down": {"uv": [0, 3, 1, 11], "texture": "#0"}
			}
		},
		{
			"name": "bass 2",
			"from": [6.58135, 14.61836, 7.5],
			"to": [7.58135, 17.74336, 8.5],
			"rotation": {"angle": 22.5, "axis": "z", "origin": [7.08135, 17.11836, 8]},
			"faces": {
				"north": {"uv": [0, 0, 1, 3.125], "texture": "#0"},
				"east": {"uv": [0, 0, 1, 3.125], "texture": "#0"},
				"south": {"uv": [0, 0, 1, 3.125], "texture": "#0"},
				"west": {"uv": [0, 0, 1, 3.125], "texture": "#0"},
				"up": {"uv": [0, 0, 1, 3.125], "texture": "#0"},
				"down": {"uv": [0, 0, 1, 3.125], "texture": "#0"}
			}
		},
		{
			"name": "bass 3",
			"from": [7.29888, 0.11392, 7.5],
			"to": [8.29888, 3.23892, 8.5],
			"rotation": {"angle": -22.5, "axis": "z", "origin": [7.79888, 2.61392, 8]},
			"faces": {
				"north": {"uv": [0, 0, 1, 3.125], "texture": "#0"},
				"east": {"uv": [0, 0, 1, 3.125], "texture": "#0"},
				"south": {"uv": [0, 0, 1, 3.125], "texture": "#0"},
				"west": {"uv": [0, 0, 1, 3.125], "texture": "#0"},
				"up": {"uv": [0, 0, 1, 3.125], "texture": "#0"},
				"down": {"uv": [0, 0, 1, 3.125], "texture": "#0"}
			}
		},
		{
			"name": "bass 3",
			"from": [4.68279, 16.80134, 7.5],
			"to": [5.68279, 19.92634, 8.5],
			"rotation": {"angle": 45, "axis": "z", "origin": [5.18279, 19.30134, 8]},
			"faces": {
				"north": {"uv": [0, 0, 1, 3.125], "texture": "#0"},
				"east": {"uv": [0, 0, 1, 3.125], "texture": "#0"},
				"south": {"uv": [0, 0, 1, 3.125], "texture": "#0"},
				"west": {"uv": [0, 0, 1, 3.125], "texture": "#0"},
				"up": {"uv": [0, 0, 1, 3.125], "texture": "#0"},
				"down": {"uv": [0, 0, 1, 3.125], "texture": "#0"}
			}
		},
		{
			"name": "bass 4",
			"from": [6.00862, -2.47551, 7.5],
			"to": [7.00862, 0.64949, 8.5],
			"rotation": {"angle": -45, "axis": "z", "origin": [6.50862, 0.02449, 8]},
			"faces": {
				"north": {"uv": [0, 0, 1, 3.125], "texture": "#0"},
				"east": {"uv": [0, 0, 1, 3.125], "texture": "#0"},
				"south": {"uv": [0, 0, 1, 3.125], "texture": "#0"},
				"west": {"uv": [0, 0, 1, 3.125], "texture": "#0"},
				"up": {"uv": [0, 0, 1, 3.125], "texture": "#0"},
				"down": {"uv": [0, 0, 1, 3.125], "texture": "#0"}
			}
		},
		{
			"name": "bass 4",
			"from": [4.59441, 19.88973, 7.5],
			"to": [5.59441, 20.88973, 8.5],
			"rotation": {"angle": 45, "axis": "z", "origin": [5.09441, 19.38973, 8]},
			"faces": {
				"north": {"uv": [0, 0, 1, 3.125], "texture": "#0"},
				"east": {"uv": [0, 0, 1, 3.125], "texture": "#0"},
				"south": {"uv": [0, 0, 1, 3.125], "texture": "#0"},
				"west": {"uv": [0, 0, 1, 3.125], "texture": "#0"},
				"up": {"uv": [0, 0, 1, 3.125], "texture": "#0"},
				"down": {"uv": [0, 0, 1, 3.125], "texture": "#0"}
			}
		},
		{
			"name": "bass 5",
			"from": [4.59441, -2.30394, 7.5],
			"to": [5.59441, -1.30394, 8.5],
			"rotation": {"angle": 45, "axis": "z", "origin": [5.09441, -2.80394, 8]},
			"faces": {
				"north": {"uv": [0, 0, 1, 3.125], "texture": "#0"},
				"east": {"uv": [0, 0, 1, 3.125], "texture": "#0"},
				"south": {"uv": [0, 0, 1, 3.125], "texture": "#0"},
				"west": {"uv": [0, 0, 1, 3.125], "texture": "#0"},
				"up": {"uv": [0, 0, 1, 3.125], "texture": "#0"},
				"down": {"uv": [0, 0, 1, 3.125], "texture": "#0"}
			}
		},
		{
			"name": "bass 6",
			"from": [3.84441, -1.92894, 7.875],
			"to": [4.09441, 20.07106, 8.125],
			"rotation": {"angle": 0, "axis": "z", "origin": [5.09441, -2.80394, 8]},
			"faces": {
				"north": {"uv": [2, 0, 2.25, 16], "texture": "#0"},
				"east": {"uv": [0, 0, 1, 3.125], "texture": "#0"},
				"south": {"uv": [0, 0, 1, 3.125], "texture": "#0"},
				"west": {"uv": [0, 0, 1, 3.125], "texture": "#0"},
				"up": {"uv": [0, 0, 1, 3.125], "texture": "#0"},
				"down": {"uv": [0, 0, 1, 3.125], "texture": "#0"}
			}
		}
	],
	"display": {
		"thirdperson_righthand": {
			"rotation": [0, 90, 0]
		},
		"thirdperson_lefthand": {
			"rotation": [0, -90, 0]
		},
		"firstperson_righthand": {
			"rotation": [0, 90, 0],
			"translation": [0, 3, 0]
		},
		"firstperson_lefthand": {
			"rotation": [0, -90, 0],
			"translation": [0, 3, 0]
		},
		"ground": {
			"rotation": [-90, 0, 0],
			"translation": [0, -3.5, 0.75]
		},
		"gui": {
			"rotation": [-46, 35, 61],
			"translation": [0.5, -0.75, 0],
			"scale": [0.6, 0.6, 0.6]
		}
	},
	"groups": [
		{
			"name": "bass",
			"origin": [15.5, 10, 15.5],
			"children": [0, 1, 2, 3, 4, 5, 6, 7]
		}
	]
}