{
	"credit": "Made with Blockbench",
	"textures": {
		"0": "custom/bows/bow_3d_pulling_0"
	},
	"elements": [
		{
			"name": "bass 1",
			"from": [7.5, 3, 7.5],
			"to": [8.5, 15, 8.5],
			"rotation": {"angle": 0, "axis": "y", "origin": [8, 18.66667, 8]},
			"faces": {
				"north": {"uv": [0, 3, 1, 11], "texture": "#0"},
				"east": {"uv": [0, 3, 1, 11], "texture": "#0"},
				"south": {"uv": [0, 3, 1, 11], "texture": "#0"},
				"west": {"uv": [0, 3, 1, 11], "texture": "#0"},
				"up": {"uv": [0, 3, 1, 11], "texture": "#0"},
				"down": {"uv": [0, 3, 1, 11], "texture": "#0"}
			}
		},
		{
			"name": "bass 2",
			"from": [7.42284, 14.8488, 7.5],
			"to": [8.42284, 17.9738, 8.5],
			"rotation": {"angle": 22.5, "axis": "z", "origin": [8.08135, 15.11836, 8]},
			"faces": {
				"north": {"uv": [0, 0, 1, 3.125], "texture": "#0"},
				"east": {"uv": [0, 0, 1, 3.125], "texture": "#0"},
				"south": {"uv": [0, 0, 1, 3.125], "texture": "#0"},
				"west": {"uv": [0, 0, 1, 3.125], "texture": "#0"},
				"up": {"uv": [0, 0, 1, 3.125], "texture": "#0"},
				"down": {"uv": [0, 0, 1, 3.125], "texture": "#0"}
			}
		},
		{
			"name": "bass 3",
			"from": [7.29888, 0.11392, 7.5],
			"to": [8.29888, 3.23892, 8.5],
			"rotation": {"angle": -22.5, "axis": "z", "origin": [7.79888, 2.61392, 8]},
			"faces": {
				"north": {"uv": [0, 0, 1, 3.125], "texture": "#0"},
				"east": {"uv": [0, 0, 1, 3.125], "texture": "#0"},
				"south": {"uv": [0, 0, 1, 3.125], "texture": "#0"},
				"west": {"uv": [0, 0, 1, 3.125], "texture": "#0"},
				"up": {"uv": [0, 0, 1, 3.125], "texture": "#0"},
				"down": {"uv": [0, 0, 1, 3.125], "texture": "#0"}
			}
		},
		{
			"name": "bass 3",
			"from": [4.61428, 16.75837, 7.5],
			"to": [5.61428, 19.88337, 8.5],
			"rotation": {"angle": 45, "axis": "z", "origin": [5.09667, 19.36255, 8.0249]},
			"faces": {
				"north": {"uv": [0, 0, 1, 3.125], "texture": "#0"},
				"east": {"uv": [0, 0, 1, 3.125], "texture": "#0"},
				"south": {"uv": [0, 0, 1, 3.125], "texture": "#0"},
				"west": {"uv": [0, 0, 1, 3.125], "texture": "#0"},
				"up": {"uv": [0, 0, 1, 3.125], "texture": "#0"},
				"down": {"uv": [0, 0, 1, 3.125], "texture": "#0"}
			}
		},
		{
			"name": "bass 4",
			"from": [4.61775, -1.91191, 7.5],
			"to": [5.61775, 1.21309, 8.5],
			"rotation": {"angle": -45, "axis": "z", "origin": [5.13286, -1.37264, 7.98865]},
			"faces": {
				"north": {"uv": [0, 0, 1, 3.125], "texture": "#0"},
				"east": {"uv": [0, 0, 1, 3.125], "texture": "#0"},
				"south": {"uv": [0, 0, 1, 3.125], "texture": "#0"},
				"west": {"uv": [0, 0, 1, 3.125], "texture": "#0"},
				"up": {"uv": [0, 0, 1, 3.125], "texture": "#0"},
				"down": {"uv": [0, 0, 1, 3.125], "texture": "#0"}
			}
		},
		{
			"name": "bass 4",
			"from": [3.85658, 18.93742, 7.49961],
			"to": [4.85658, 19.93742, 8.49961],
			"rotation": {"angle": -22.5, "axis": "z", "origin": [5.3774, 19.4198, 8.02451]},
			"faces": {
				"north": {"uv": [0, 0, 1, 3.125], "rotation": 90, "texture": "#0"},
				"east": {"uv": [0, 0, 1, 3.125], "rotation": 270, "texture": "#0"},
				"south": {"uv": [0, 0, 1, 3.125], "rotation": 270, "texture": "#0"},
				"west": {"uv": [0, 0, 1, 3.125], "rotation": 270, "texture": "#0"},
				"up": {"uv": [0, 0, 1, 3.125], "rotation": 270, "texture": "#0"},
				"down": {"uv": [0, 0, 1, 3.125], "rotation": 270, "texture": "#0"}
			}
		},
		{
			"name": "bass 5",
			"from": [3.94652, -2.32179, 7.50037],
			"to": [4.94652, -1.32179, 8.50037],
			"rotation": {"angle": 22.5, "axis": "z", "origin": [4.45455, -1.8387, 7.98902]},
			"faces": {
				"north": {"uv": [0, 0, 1, 3.125], "texture": "#0"},
				"east": {"uv": [0, 0, 1, 3.125], "texture": "#0"},
				"south": {"uv": [0, 0, 1, 3.125], "texture": "#0"},
				"west": {"uv": [0, 0, 1, 3.125], "texture": "#0"},
				"up": {"uv": [0, 0, 1, 3.125], "texture": "#0"},
				"down": {"uv": [0, 0, 1, 3.125], "texture": "#0"}
			}
		},
		{
			"name": "bass 6",
			"from": [3.84441, -1.67294, 7.875],
			"to": [4.09441, 19.55906, 8.125],
			"rotation": {"angle": 0, "axis": "z", "origin": [5.09441, -2.80394, 8]},
			"faces": {
				"north": {"uv": [2, 0, 2.45, 16], "texture": "#0"},
				"east": {"uv": [2, 0, 2.45, 16], "texture": "#0"},
				"south": {"uv": [2, 0, 2.45, 16], "texture": "#0"},
				"west": {"uv": [2, 0, 2.45, 16], "texture": "#0"},
				"up": {"uv": [2, 0, 2.45, 16], "texture": "#0"},
				"down": {"uv": [2, 0, 2.45, 16], "texture": "#0"}
			}
		},
		{
			"name": "arrow",
			"from": [4, 9, 7.75],
			"to": [13, 9.5, 8.25],
			"rotation": {"angle": 0, "axis": "y", "origin": [13, 15.75, 15.75]},
			"faces": {
				"north": {"uv": [2.5, 0, 9.5, 0.5], "texture": "#0"},
				"east": {"uv": [2.5, 0, 9.5, 0.5], "texture": "#0"},
				"south": {"uv": [2.5, 0, 9.5, 0.5], "texture": "#0"},
				"west": {"uv": [2.5, 0, 9.5, 0.5], "texture": "#0"},
				"up": {"uv": [2.5, 0, 9.5, 0.5], "texture": "#0"},
				"down": {"uv": [2.5, 0, 9.5, 0.5], "texture": "#0"}
			}
		},
		{
			"name": "arrow",
			"from": [13, 9.025, 7.775],
			"to": [15, 9.475, 8.225],
			"rotation": {"angle": 0, "axis": "y", "origin": [13.5, 9.25, 8]},
			"faces": {
				"north": {"uv": [2.5, 0, 9.5, 0.5], "texture": "#0"},
				"east": {"uv": [2.5, 0, 9.5, 0.5], "texture": "#0"},
				"south": {"uv": [2.5, 0, 9.5, 0.5], "texture": "#0"},
				"west": {"uv": [2.5, 0, 9.5, 0.5], "texture": "#0"},
				"up": {"uv": [2.5, 0, 9.5, 0.5], "texture": "#0"},
				"down": {"uv": [2.5, 0, 9.5, 0.5], "texture": "#0"}
			}
		},
		{
			"name": "arrow",
			"from": [3.875, 9.5, 8],
			"to": [6, 11, 8],
			"rotation": {"angle": 0, "axis": "y", "origin": [5, 9.25, 8]},
			"faces": {
				"north": {"uv": [2.5, 0.5, 6.5, 2.5], "texture": "#0"},
				"east": {"uv": [2.5, 0.5, 6.5, 2.5], "texture": "#0"},
				"south": {"uv": [2.5, 0.5, 6.5, 2.5], "texture": "#0"},
				"west": {"uv": [2.5, 0.5, 6.5, 2.5], "texture": "#0"},
				"up": {"uv": [2.5, 0.5, 6.5, 2.5], "texture": "#0"},
				"down": {"uv": [2.5, 0.5, 6.5, 2.5], "texture": "#0"}
			}
		},
		{
			"name": "arrow",
			"from": [3.875, 7.5, 8],
			"to": [6, 9, 8],
			"rotation": {"angle": 0, "axis": "y", "origin": [5, 9.25, 8]},
			"faces": {
				"north": {"uv": [2.5, 2.5, 6.5, 0.5], "texture": "#0"},
				"east": {"uv": [2.5, 0.5, 6.5, 2.5], "rotation": 90, "texture": "#0"},
				"south": {"uv": [6.5, 2.5, 2.5, 0.5], "texture": "#0"},
				"west": {"uv": [2.5, 0.5, 6.5, 2.5], "rotation": 90, "texture": "#0"},
				"up": {"uv": [2.5, 0.5, 6.5, 2.5], "rotation": 90, "texture": "#0"},
				"down": {"uv": [2.5, 0.5, 6.5, 2.5], "rotation": 90, "texture": "#0"}
			}
		},
		{
			"name": "arrow",
			"from": [3.875, 9.25, 8.25],
			"to": [6, 9.25, 9.75],
			"rotation": {"angle": 0, "axis": "y", "origin": [5, 9.25, 8]},
			"faces": {
				"north": {"uv": [6.5, 2.5, 2.5, 0.5], "texture": "#0"},
				"east": {"uv": [6.5, 2.5, 2.5, 0.5], "texture": "#0"},
				"south": {"uv": [6.5, 2.5, 2.5, 0.5], "texture": "#0"},
				"west": {"uv": [6.5, 2.5, 2.5, 0.5], "texture": "#0"},
				"up": {"uv": [6.5, 2.5, 2.5, 0.5], "texture": "#0"},
				"down": {"uv": [6.5, 0.5, 2.5, 2.5], "texture": "#0"}
			}
		},
		{
			"name": "arrow",
			"from": [3.875, 9.25, 6.25],
			"to": [6, 9.25, 7.75],
			"rotation": {"angle": 0, "axis": "y", "origin": [5, 9.25, 8]},
			"faces": {
				"north": {"uv": [6.5, 0.5, 2.5, 2.5], "texture": "#0"},
				"east": {"uv": [6.5, 0.5, 2.5, 2.5], "texture": "#0"},
				"south": {"uv": [6.5, 0.5, 2.5, 2.5], "texture": "#0"},
				"west": {"uv": [6.5, 0.5, 2.5, 2.5], "texture": "#0"},
				"up": {"uv": [6.5, 0.5, 2.5, 2.5], "texture": "#0"},
				"down": {"uv": [2.5, 0.5, 6.5, 2.5], "rotation": 180, "texture": "#0"}
			}
		}
	],
	"display": {
		"thirdperson_righthand": {
			"rotation": [0, 90, 0]
		},
		"thirdperson_lefthand": {
			"rotation": [0, -90, 0]
		},
		"firstperson_righthand": {
			"rotation": [31, 98, -6],
			"translation": [0.75, 2.5, 0],
			"scale": [0.8, 0.8, 0.8]
		},
		"firstperson_lefthand": {
			"rotation": [31, -98, -6],
			"translation": [0.75, 2.5, 0],
			"scale": [0.8, 0.8, 0.8]
		},
		"gui": {
			"rotation": [-46, 35, 61],
			"translation": [0.5, -0.75, 0],
			"scale": [0.6, 0.6, 0.6]
		}
	},
	"groups": [
		{
			"name": "bass",
			"origin": [15.5, 10, 15.5],
			"color": 0,
			"children": [0, 1, 2, 3, 4, 5, 6, 7]
		},
		8,
		9,
		10,
		11,
		12,
		13
	]
}