{
	"credit": "Made with Blockbench",
	"textures": {
		"1": "block/bamboo_small_leaves",
		"particle": "block/bamboo_stalk",
		"all": "block/bamboo_stalk"
	},
	"elements": [
		{
			"from": [7, 0, 7],
			"to": [9, 16, 9],
			"faces": {
				"north": {"uv": [9, 0, 12, 16], "texture": "#all"},
				"east": {"uv": [9, 0, 12, 16], "texture": "#all"},
				"south": {"uv": [9, 0, 12, 16], "texture": "#all"},
				"west": {"uv": [9, 0, 12, 16], "texture": "#all"},
				"up": {"uv": [13, 0, 15, 2], "rotation": 180, "texture": "#all", "cullface": "up"},
				"down": {"uv": [13, 4, 15, 6], "rotation": 180, "texture": "#all", "cullface": "down"}
			}
		},
		{
			"from": [7.25, 0.5, 7.25],
			"to": [8.75, 12.5, 8.75],
			"rotation": {"angle": -22.5, "axis": "z", "origin": [8, 0.5, 8]},
			"faces": {
				"north": {"uv": [9, 0, 12, 16], "texture": "#all"},
				"east": {"uv": [9, 0, 12, 16], "texture": "#all"},
				"south": {"uv": [9, 0, 12, 16], "texture": "#all"},
				"west": {"uv": [9, 0, 12, 16], "texture": "#all"},
				"up": {"uv": [13, 0, 15, 2], "rotation": 180, "texture": "#all", "cullface": "up"},
				"down": {"uv": [13, 4, 15, 6], "rotation": 180, "texture": "#all", "cullface": "down"}
			}
		},
		{
			"from": [11.80462, 11.34324, 7.375],
			"to": [13.05462, 27.34324, 8.625],
			"rotation": {"angle": -45, "axis": "z", "origin": [12.42962, 11.34324, 8]},
			"faces": {
				"north": {"uv": [9, 0, 12, 16], "texture": "#all"},
				"east": {"uv": [9, 0, 12, 16], "texture": "#all"},
				"south": {"uv": [9, 0, 12, 16], "texture": "#all"},
				"west": {"uv": [9, 0, 12, 16], "texture": "#all"},
				"up": {"uv": [13, 0, 15, 2], "rotation": 180, "texture": "#all", "cullface": "up"},
				"down": {"uv": [13, 4, 15, 6], "rotation": 180, "texture": "#all", "cullface": "down"}
			}
		},
		{
			"from": [11.80462, 11.34324, 7.375],
			"to": [13.05462, 20.34324, 8.625],
			"rotation": {"angle": -45, "axis": "x", "origin": [12.42962, 11.34324, 8]},
			"faces": {
				"north": {"uv": [9, 0, 12, 16], "texture": "#all"},
				"east": {"uv": [9, 0, 12, 16], "texture": "#all"},
				"south": {"uv": [9, 0, 12, 16], "texture": "#all"},
				"west": {"uv": [9, 0, 12, 16], "texture": "#all"},
				"up": {"uv": [13, 0, 15, 2], "rotation": 180, "texture": "#all", "cullface": "up"},
				"down": {"uv": [13, 4, 15, 6], "rotation": 180, "texture": "#all", "cullface": "down"}
			}
		},
		{
			"from": [11.92962, 15.54098, -7.46568],
			"to": [12.92962, 16.54098, 1.53432],
			"rotation": {"angle": 22.5, "axis": "x", "origin": [12.42962, 16.04098, 5.53432]},
			"faces": {
				"north": {"uv": [9, 0, 12, 16], "texture": "#all", "cullface": "up"},
				"east": {"uv": [9, 0, 12, 16], "rotation": 90, "texture": "#all"},
				"south": {"uv": [9, 0, 12, 16], "rotation": 180, "texture": "#all", "cullface": "down"},
				"west": {"uv": [9, 0, 12, 16], "rotation": 270, "texture": "#all"},
				"up": {"uv": [0, 0, 2, 16], "texture": "#all"},
				"down": {"uv": [0, 0, 2, 16], "rotation": 180, "texture": "#all"}
			}
		},
		{
			"from": [11.92962, 20.47781, -12.28477],
			"to": [12.92962, 21.47781, -6.28477],
			"rotation": {"angle": 0, "axis": "x", "origin": [12.42962, 20.97781, -9.28477]},
			"faces": {
				"north": {"uv": [9, 0, 12, 16], "texture": "#all", "cullface": "up"},
				"east": {"uv": [9, 0, 12, 16], "rotation": 90, "texture": "#all"},
				"south": {"uv": [9, 0, 12, 16], "rotation": 180, "texture": "#all", "cullface": "down"},
				"west": {"uv": [9, 0, 12, 16], "rotation": 270, "texture": "#all"},
				"up": {"uv": [0, 0, 2, 16], "texture": "#all"},
				"down": {"uv": [0, 0, 2, 16], "rotation": 180, "texture": "#all"}
			}
		},
		{
			"from": [9.17962, 20.47781, -13.28477],
			"to": [16.17962, 20.47781, -5.28477],
			"rotation": {"angle": 0, "axis": "x", "origin": [12.42962, 20.97781, -9.28477]},
			"faces": {
				"up": {"uv": [0, 0, 16, 16], "texture": "#1"},
				"down": {"uv": [0, 0, 16, 16], "rotation": 180, "texture": "#1"}
			}
		},
		{
			"from": [8.92962, 21.97781, -6.28477],
			"to": [15.92962, 21.97781, 1.71523],
			"rotation": {"angle": 22.5, "axis": "x", "origin": [12.42962, 20.97781, -9.28477]},
			"faces": {
				"up": {"uv": [0, 0, 16, 16], "texture": "#1"},
				"down": {"uv": [0, 0, 16, 16], "rotation": 180, "texture": "#1"}
			}
		},
		{
			"from": [12.42962, 17.72781, -13.28477],
			"to": [12.42962, 24.72781, -5.28477],
			"rotation": {"angle": 0, "axis": "z", "origin": [12.42962, 20.97781, -9.28477]},
			"faces": {
				"east": {"uv": [0, 0, 16, 16], "rotation": 90, "texture": "#1"},
				"west": {"uv": [0, 0, 16, 16], "rotation": 270, "texture": "#1"}
			}
		},
		{
			"from": [12.42962, 19.22781, -6.28477],
			"to": [12.42962, 26.22781, 1.71523],
			"rotation": {"angle": 22.5, "axis": "x", "origin": [12.42962, 20.97781, -9.28477]},
			"faces": {
				"east": {"uv": [0, 0, 16, 16], "rotation": 90, "texture": "#1"},
				"west": {"uv": [0, 0, 16, 16], "rotation": 270, "texture": "#1"}
			}
		},
		{
			"from": [22.81259, 25.45028, 7.5],
			"to": [30.81259, 26.45028, 8.5],
			"rotation": {"angle": 22.5, "axis": "z", "origin": [31.84333, 25.95028, 8]},
			"faces": {
				"north": {"uv": [9, 0, 12, 16], "rotation": 270, "texture": "#all"},
				"east": {"uv": [9, 0, 12, 16], "rotation": 270, "texture": "#all", "cullface": "up"},
				"south": {"uv": [9, 0, 12, 16], "rotation": 90, "texture": "#all"},
				"west": {"uv": [9, 0, 12, 16], "rotation": 270, "texture": "#all", "cullface": "down"},
				"up": {"uv": [0, 0, 2, 16], "rotation": 90, "texture": "#all"},
				"down": {"uv": [0, 0, 2, 16], "rotation": 90, "texture": "#all"}
			}
		},
		{
			"from": [23.34333, 22.16045, 7.50834],
			"to": [24.34333, 23.16045, 15.50834],
			"rotation": {"angle": -22.5, "axis": "x", "origin": [23.84333, 22.95028, 8]},
			"faces": {
				"north": {"uv": [9, 0, 12, 16], "rotation": 270, "texture": "#all", "cullface": "down"},
				"east": {"uv": [9, 0, 12, 16], "rotation": 270, "texture": "#all"},
				"south": {"uv": [9, 0, 12, 16], "rotation": 270, "texture": "#all", "cullface": "up"},
				"west": {"uv": [9, 0, 12, 16], "rotation": 90, "texture": "#all"},
				"up": {"uv": [0, 0, 2, 16], "rotation": 180, "texture": "#all"},
				"down": {"uv": [0, 0, 2, 16], "texture": "#all"}
			}
		},
		{
			"from": [23.46833, 25.19165, 14.88778],
			"to": [24.21833, 25.94165, 22.88778],
			"rotation": {"angle": 0, "axis": "x", "origin": [23.84333, 25.58657, 14.74323]},
			"faces": {
				"north": {"uv": [9, 0, 12, 16], "rotation": 270, "texture": "#all", "cullface": "down"},
				"east": {"uv": [9, 0, 12, 16], "rotation": 270, "texture": "#all"},
				"south": {"uv": [9, 0, 12, 16], "rotation": 270, "texture": "#all", "cullface": "up"},
				"west": {"uv": [9, 0, 12, 16], "rotation": 90, "texture": "#all"},
				"up": {"uv": [0, 0, 2, 16], "rotation": 180, "texture": "#all"},
				"down": {"uv": [0, 0, 2, 16], "texture": "#all"}
			}
		},
		{
			"from": [20.46833, 25.56665, 14.88778],
			"to": [27.21833, 25.56665, 22.88778],
			"rotation": {"angle": 0, "axis": "x", "origin": [23.84333, 25.58657, 14.74323]},
			"faces": {
				"up": {"uv": [0, 0, 16, 16], "rotation": 180, "texture": "#1"},
				"down": {"uv": [0, 0, 16, 16], "texture": "#1"}
			}
		},
		{
			"from": [23.82342, 22.21157, 14.88778],
			"to": [23.82342, 28.96157, 22.88778],
			"rotation": {"angle": 0, "axis": "z", "origin": [23.84333, 25.58657, 14.74323]},
			"faces": {
				"east": {"uv": [0, 0, 16, 16], "rotation": 270, "texture": "#1"},
				"west": {"uv": [0, 0, 16, 16], "rotation": 90, "texture": "#1"}
			}
		},
		{
			"from": [20.46833, 25.56665, 6.88778],
			"to": [27.21833, 25.56665, 14.88778],
			"rotation": {"angle": -22.5, "axis": "x", "origin": [23.84333, 25.58657, 14.74323]},
			"faces": {
				"up": {"uv": [0, 0, 16, 16], "rotation": 180, "texture": "#1"},
				"down": {"uv": [0, 0, 16, 16], "texture": "#1"}
			}
		},
		{
			"from": [23.86325, 22.21157, 6.88778],
			"to": [23.86325, 28.96157, 14.88778],
			"rotation": {"angle": -22.5, "axis": "x", "origin": [23.84333, 25.58657, 14.74323]},
			"faces": {
				"east": {"uv": [0, 0, 16, 16], "rotation": 270, "texture": "#1"},
				"west": {"uv": [0, 0, 16, 16], "rotation": 90, "texture": "#1"}
			}
		},
		{
			"from": [21, 25.95028, 3],
			"to": [32, 25.95028, 13],
			"rotation": {"angle": 22.5, "axis": "z", "origin": [31.84333, 25.95028, 8]},
			"faces": {
				"up": {"uv": [0, 0, 16, 16], "rotation": 90, "texture": "#1"},
				"down": {"uv": [0, 0, 16, 16], "rotation": 90, "texture": "#1"}
			}
		},
		{
			"from": [21, 20.95028, 8],
			"to": [32, 30.95028, 8],
			"rotation": {"angle": 22.5, "axis": "z", "origin": [31.84333, 25.95028, 8]},
			"faces": {
				"north": {"uv": [0, 0, 16, 16], "rotation": 270, "texture": "#1"},
				"south": {"uv": [0, 0, 16, 16], "rotation": 90, "texture": "#1"}
			}
		},
		{
			"from": [14.62986, 13.17211, 8],
			"to": [22.62986, 23.17211, 8],
			"rotation": {"angle": -45, "axis": "z", "origin": [18.62986, 18.17211, 8]},
			"faces": {
				"north": {"uv": [0, 0, 16, 16], "texture": "#1"},
				"south": {"uv": [0, 0, 16, 16], "texture": "#1"}
			}
		},
		{
			"from": [19.04941, 12.75256, 4.15667],
			"to": [19.04941, 22.75256, 12.15667],
			"rotation": {"angle": -45, "axis": "z", "origin": [19.04941, 17.75256, 8.15667]},
			"faces": {
				"east": {"uv": [0, 0, 16, 16], "texture": "#1"},
				"west": {"uv": [0, 0, 16, 16], "texture": "#1"}
			}
		}
	],
	"groups": [0,
		{
			"name": "stick",
			"origin": [8, 8, 8],
			"children": [1, 2, 3, 4, 5, 6, 7, 8, 9, 10, 11, 12, 13, 14, 15, 16, 17, 18, 19, 20]
		}
	]
}