{
	"credit": "Made with Blockbench",
	"textures": {
		"1": "block/bamboo_small_leaves",
		"particle": "block/bamboo_stalk",
		"all": "block/bamboo_stalk"
	},
	"elements": [
		{
			"from": [7, 0, 7],
			"to": [9, 16, 9],
			"faces": {
				"north": {"uv": [6, 0, 9, 16], "texture": "#all"},
				"east": {"uv": [6, 0, 9, 16], "texture": "#all"},
				"south": {"uv": [6, 0, 9, 16], "texture": "#all"},
				"west": {"uv": [6, 0, 9, 16], "texture": "#all"},
				"up": {"uv": [13, 0, 15, 2], "rotation": 270, "texture": "#all", "cullface": "up"},
				"down": {"uv": [13, 4, 15, 6], "rotation": 90, "texture": "#all", "cullface": "down"}
			}
		},
		{
			"from": [7.25, 0.5, 7.25],
			"to": [8.75, 12.5, 8.75],
			"rotation": {"angle": 22.5, "axis": "x", "origin": [8, 0.5, 8]},
			"faces": {
				"north": {"uv": [6, 0, 9, 16], "texture": "#all"},
				"east": {"uv": [6, 0, 9, 16], "texture": "#all"},
				"south": {"uv": [6, 0, 9, 16], "texture": "#all"},
				"west": {"uv": [6, 0, 9, 16], "texture": "#all"},
				"up": {"uv": [13, 0, 15, 2], "rotation": 270, "texture": "#all", "cullface": "up"},
				"down": {"uv": [13, 4, 15, 6], "rotation": 90, "texture": "#all", "cullface": "down"}
			}
		},
		{
			"from": [7.375, 11.34324, 11.80462],
			"to": [8.625, 27.34324, 13.05462],
			"rotation": {"angle": 45, "axis": "x", "origin": [8, 11.34324, 12.42962]},
			"faces": {
				"north": {"uv": [6, 0, 9, 16], "texture": "#all"},
				"east": {"uv": [6, 0, 9, 16], "texture": "#all"},
				"south": {"uv": [6, 0, 9, 16], "texture": "#all"},
				"west": {"uv": [6, 0, 9, 16], "texture": "#all"},
				"up": {"uv": [13, 0, 15, 2], "rotation": 270, "texture": "#all", "cullface": "up"},
				"down": {"uv": [13, 4, 15, 6], "rotation": 90, "texture": "#all", "cullface": "down"}
			}
		},
		{
			"from": [7.375, 11.34324, 11.80462],
			"to": [8.625, 20.34324, 13.05462],
			"rotation": {"angle": -45, "axis": "z", "origin": [8, 11.34324, 12.42962]},
			"faces": {
				"north": {"uv": [6, 0, 9, 16], "texture": "#all"},
				"east": {"uv": [6, 0, 9, 16], "texture": "#all"},
				"south": {"uv": [6, 0, 9, 16], "texture": "#all"},
				"west": {"uv": [6, 0, 9, 16], "texture": "#all"},
				"up": {"uv": [13, 0, 15, 2], "rotation": 270, "texture": "#all", "cullface": "up"},
				"down": {"uv": [13, 4, 15, 6], "rotation": 90, "texture": "#all", "cullface": "down"}
			}
		},
		{
			"from": [14.46568, 15.54098, 11.92962],
			"to": [23.46568, 16.54098, 12.92962],
			"rotation": {"angle": 22.5, "axis": "z", "origin": [10.46568, 16.04098, 12.42962]},
			"faces": {
				"north": {"uv": [6, 0, 9, 16], "rotation": 270, "texture": "#all"},
				"east": {"uv": [6, 0, 9, 16], "texture": "#all", "cullface": "up"},
				"south": {"uv": [6, 0, 9, 16], "rotation": 90, "texture": "#all"},
				"west": {"uv": [6, 0, 9, 16], "rotation": 180, "texture": "#all", "cullface": "down"},
				"up": {"uv": [0, 0, 2, 16], "rotation": 90, "texture": "#all"},
				"down": {"uv": [0, 0, 2, 16], "rotation": 90, "texture": "#all"}
			}
		},
		{
			"from": [22.28477, 20.47781, 11.92962],
			"to": [28.28477, 21.47781, 12.92962],
			"rotation": {"angle": 0, "axis": "x", "origin": [25.28477, 20.97781, 12.42962]},
			"faces": {
				"north": {"uv": [6, 0, 9, 16], "rotation": 270, "texture": "#all"},
				"east": {"uv": [6, 0, 9, 16], "texture": "#all", "cullface": "up"},
				"south": {"uv": [6, 0, 9, 16], "rotation": 90, "texture": "#all"},
				"west": {"uv": [6, 0, 9, 16], "rotation": 180, "texture": "#all", "cullface": "down"},
				"up": {"uv": [0, 0, 2, 16], "rotation": 90, "texture": "#all"},
				"down": {"uv": [0, 0, 2, 16], "rotation": 90, "texture": "#all"}
			}
		},
		{
			"from": [21.28477, 20.47781, 9.17962],
			"to": [29.28477, 20.47781, 16.17962],
			"rotation": {"angle": 0, "axis": "x", "origin": [25.28477, 20.97781, 12.42962]},
			"faces": {
				"up": {"uv": [0, 0, 16, 16], "rotation": 90, "texture": "#1"},
				"down": {"uv": [0, 0, 16, 16], "rotation": 90, "texture": "#1"}
			}
		},
		{
			"from": [14.28477, 21.97781, 8.92962],
			"to": [22.28477, 21.97781, 15.92962],
			"rotation": {"angle": 22.5, "axis": "z", "origin": [25.28477, 20.97781, 12.42962]},
			"faces": {
				"up": {"uv": [0, 0, 16, 16], "rotation": 90, "texture": "#1"},
				"down": {"uv": [0, 0, 16, 16], "rotation": 90, "texture": "#1"}
			}
		},
		{
			"from": [21.28477, 17.72781, 12.42962],
			"to": [29.28477, 24.72781, 12.42962],
			"rotation": {"angle": 0, "axis": "z", "origin": [25.28477, 20.97781, 12.42962]},
			"faces": {
				"north": {"uv": [0, 0, 16, 16], "rotation": 270, "texture": "#1"},
				"south": {"uv": [0, 0, 16, 16], "rotation": 90, "texture": "#1"}
			}
		},
		{
			"from": [14.28477, 19.22781, 12.42962],
			"to": [22.28477, 26.22781, 12.42962],
			"rotation": {"angle": 22.5, "axis": "z", "origin": [25.28477, 20.97781, 12.42962]},
			"faces": {
				"north": {"uv": [0, 0, 16, 16], "rotation": 270, "texture": "#1"},
				"south": {"uv": [0, 0, 16, 16], "rotation": 90, "texture": "#1"}
			}
		},
		{
			"from": [7.5, 25.45028, 22.81259],
			"to": [8.5, 26.45028, 30.81259],
			"rotation": {"angle": -22.5, "axis": "x", "origin": [8, 25.95028, 31.84333]},
			"faces": {
				"north": {"uv": [6, 0, 9, 16], "rotation": 270, "texture": "#all", "cullface": "down"},
				"east": {"uv": [6, 0, 9, 16], "rotation": 270, "texture": "#all"},
				"south": {"uv": [6, 0, 9, 16], "rotation": 270, "texture": "#all", "cullface": "up"},
				"west": {"uv": [6, 0, 9, 16], "rotation": 90, "texture": "#all"},
				"up": {"uv": [0, 0, 2, 16], "rotation": 180, "texture": "#all"},
				"down": {"uv": [0, 0, 2, 16], "texture": "#all"}
			}
		},
		{
			"from": [0.49166, 22.16045, 23.34333],
			"to": [8.49166, 23.16045, 24.34333],
			"rotation": {"angle": -22.5, "axis": "z", "origin": [8, 22.95028, 23.84333]},
			"faces": {
				"north": {"uv": [6, 0, 9, 16], "rotation": 90, "texture": "#all"},
				"east": {"uv": [6, 0, 9, 16], "rotation": 270, "texture": "#all", "cullface": "down"},
				"south": {"uv": [6, 0, 9, 16], "rotation": 270, "texture": "#all"},
				"west": {"uv": [6, 0, 9, 16], "rotation": 270, "texture": "#all", "cullface": "up"},
				"up": {"uv": [0, 0, 2, 16], "rotation": 270, "texture": "#all"},
				"down": {"uv": [0, 0, 2, 16], "rotation": 270, "texture": "#all"}
			}
		},
		{
			"from": [-6.88778, 25.19165, 23.46833],
			"to": [1.11222, 25.94165, 24.21833],
			"rotation": {"angle": 0, "axis": "x", "origin": [1.25677, 25.58657, 23.84333]},
			"faces": {
				"north": {"uv": [6, 0, 9, 16], "rotation": 90, "texture": "#all"},
				"east": {"uv": [6, 0, 9, 16], "rotation": 270, "texture": "#all", "cullface": "down"},
				"south": {"uv": [6, 0, 9, 16], "rotation": 270, "texture": "#all"},
				"west": {"uv": [6, 0, 9, 16], "rotation": 270, "texture": "#all", "cullface": "up"},
				"up": {"uv": [0, 0, 2, 16], "rotation": 270, "texture": "#all"},
				"down": {"uv": [0, 0, 2, 16], "rotation": 270, "texture": "#all"}
			}
		},
		{
			"from": [-6.88778, 25.56665, 20.46833],
			"to": [1.11222, 25.56665, 27.21833],
			"rotation": {"angle": 0, "axis": "x", "origin": [1.25677, 25.58657, 23.84333]},
			"faces": {
				"up": {"uv": [0, 0, 16, 16], "rotation": 270, "texture": "#1"},
				"down": {"uv": [0, 0, 16, 16], "rotation": 270, "texture": "#1"}
			}
		},
		{
			"from": [-6.88778, 22.21157, 23.82342],
			"to": [1.11222, 28.96157, 23.82342],
			"rotation": {"angle": 0, "axis": "z", "origin": [1.25677, 25.58657, 23.84333]},
			"faces": {
				"north": {"uv": [0, 0, 16, 16], "rotation": 90, "texture": "#1"},
				"south": {"uv": [0, 0, 16, 16], "rotation": 270, "texture": "#1"}
			}
		},
		{
			"from": [1.11222, 25.56665, 20.46833],
			"to": [9.11222, 25.56665, 27.21833],
			"rotation": {"angle": -22.5, "axis": "z", "origin": [1.25677, 25.58657, 23.84333]},
			"faces": {
				"up": {"uv": [0, 0, 16, 16], "rotation": 270, "texture": "#1"},
				"down": {"uv": [0, 0, 16, 16], "rotation": 270, "texture": "#1"}
			}
		},
		{
			"from": [1.11222, 22.21157, 23.86325],
			"to": [9.11222, 28.96157, 23.86325],
			"rotation": {"angle": -22.5, "axis": "z", "origin": [1.25677, 25.58657, 23.84333]},
			"faces": {
				"north": {"uv": [0, 0, 16, 16], "rotation": 90, "texture": "#1"},
				"south": {"uv": [0, 0, 16, 16], "rotation": 270, "texture": "#1"}
			}
		},
		{
			"from": [3, 25.95028, 21],
			"to": [13, 25.95028, 32],
			"rotation": {"angle": -22.5, "axis": "x", "origin": [8, 25.95028, 31.84333]},
			"faces": {
				"up": {"uv": [0, 0, 16, 16], "rotation": 180, "texture": "#1"},
				"down": {"uv": [0, 0, 16, 16], "texture": "#1"}
			}
		},
		{
			"from": [8, 20.95028, 21],
			"to": [8, 30.95028, 32],
			"rotation": {"angle": -22.5, "axis": "x", "origin": [8, 25.95028, 31.84333]},
			"faces": {
				"east": {"uv": [0, 0, 16, 16], "rotation": 270, "texture": "#1"},
				"west": {"uv": [0, 0, 16, 16], "rotation": 90, "texture": "#1"}
			}
		},
		{
			"from": [8, 13.17211, 14.62986],
			"to": [8, 23.17211, 22.62986],
			"rotation": {"angle": 45, "axis": "x", "origin": [8, 18.17211, 18.62986]},
			"faces": {
				"east": {"uv": [0, 0, 16, 16], "texture": "#1"},
				"west": {"uv": [0, 0, 16, 16], "texture": "#1"}
			}
		},
		{
			"from": [3.84333, 12.75256, 19.04941],
			"to": [11.84333, 22.75256, 19.04941],
			"rotation": {"angle": 45, "axis": "x", "origin": [7.84333, 17.75256, 19.04941]},
			"faces": {
				"north": {"uv": [0, 0, 16, 16], "texture": "#1"},
				"south": {"uv": [0, 0, 16, 16], "texture": "#1"}
			}
		}
	],
	"groups": [0,
		{
			"name": "stick",
			"origin": [8, 8, 8],
			"children": [1, 2, 3, 4, 5, 6, 7, 8, 9, 10, 11, 12, 13, 14, 15, 16, 17, 18, 19, 20]
		}
	]
}