{
	"credit": "Made with Blockbench",
	"textures": {
		"0": "block/cactus_side",
		"1": "block/cactus_top",
		"2": "block/cactus_bottom",
		"particle": "block/cactus_side"
	},
	"elements": [
		{
			"name": "bass 1",
			"from": [5, 0, 5],
			"to": [11, 31, 11],
			"faces": {
				"north": {"uv": [1, 0, 15, 16], "texture": "#0"},
				"east": {"uv": [1, 0, 15, 16], "texture": "#0"},
				"south": {"uv": [1, 0, 15, 16], "texture": "#0"},
				"west": {"uv": [1, 0, 15, 16], "texture": "#0"},
				"up": {"uv": [1, 1, 15, 15], "texture": "#1"},
				"down": {"uv": [1, 1, 15, 15], "texture": "#2"}
			}
		}
	],
	"groups": [
		{
			"name": "bass",
			"children": [0]
		}
	]
}