{
    "parent": "block/daylight_detector",
    "textures":{
},
"overrides": [
    {"predicate": { "custom_model_data": 1}, "model": "item/deco/energy/sun/solar_cell_small"},
    {"predicate": { "custom_model_data": 2}, "model": "item/deco/energy/sun/solar_cell_medium"},
    {"predicate": { "custom_model_data": 3}, "model": "item/deco/energy/sun/solar_cell_big"},

    {"predicate": { "custom_model_data": 4}, "model": "item/deco/energy/wind/wind_turbine_a_small"},
    {"predicate": { "custom_model_data": 5}, "model": "item/deco/energy/wind/wind_turbine_a_medium"},
    {"predicate": { "custom_model_data": 6}, "model": "item/deco/energy/wind/wind_turbine_a_big"},

    {"predicate": { "custom_model_data": 7}, "model": "item/deco/energy/wind/wind_turbine_b_small"},
    {"predicate": { "custom_model_data": 8}, "model": "item/deco/energy/wind/wind_turbine_b_medium"},
    {"predicate": { "custom_model_data": 9}, "model": "item/deco/energy/wind/wind_turbine_b_big"}
]
}