{
    "parent": "item/generated",
    "textures": {
        "layer0": "block/glass"
    },
    "overrides": [
        {"predicate": { "custom_model_data": 1}, "model": "item/deco/windows/window_1x2_up"},
        {"predicate": { "custom_model_data": 2}, "model": "item/deco/windows/window_2x1_up"},
        {"predicate": { "custom_model_data": 3}, "model": "item/deco/windows/window_1x2_up_double"},
        {"predicate": { "custom_model_data": 4}, "model": "item/deco/windows/window_2x1_up_double"}

    ]
    }