{
	"credit": "Made with Blockbench",
	"textures": {
		"1": "item/grass",
		"particle": "item/grass"
	},
	"elements": [
		{
			"name": "grass_0",
			"from": [6.5, 0, 7.5],
			"to": [11.5, 15, 8.5],
			"rotation": {"angle": 0, "axis": "y", "origin": [0.5, 15, 7.5]},
			"faces": {
				"north": {"uv": [6, 16, 11, 1], "rotation": 180, "texture": "#1"},
				"east": {"uv": [10, 1, 11, 16], "texture": "#1"},
				"south": {"uv": [6, 1, 11, 16], "texture": "#1"},
				"west": {"uv": [6, 1, 7, 16], "texture": "#1"},
				"up": {"uv": [11, 1, 6, 2], "rotation": 180, "texture": "#1"},
				"down": {"uv": [6, 15, 11, 16], "texture": "#1"}
			}
		},
		{
			"name": "grass_1",
			"from": [5.5, 13, 7.5],
			"to": [6.5, 14, 8.5],
			"rotation": {"angle": 0, "axis": "y", "origin": [0.5, 15, 7.5]},
			"faces": {
				"north": {"uv": [5, 3, 6, 2], "rotation": 180, "texture": "#1"},
				"east": {"uv": [5, 2, 6, 3], "texture": "#1"},
				"south": {"uv": [5, 2, 6, 3], "texture": "#1"},
				"west": {"uv": [5, 2, 6, 3], "texture": "#1"},
				"up": {"uv": [6, 2, 5, 3], "rotation": 180, "texture": "#1"},
				"down": {"uv": [5, 2, 6, 3], "texture": "#1"}
			}
		},
		{
			"name": "grass_2",
			"from": [11.5, 13, 7.5],
			"to": [12.5, 14, 8.5],
			"rotation": {"angle": 0, "axis": "y", "origin": [0.5, 15, 7.5]},
			"faces": {
				"north": {"uv": [11, 3, 12, 2], "rotation": 180, "texture": "#1"},
				"east": {"uv": [11, 2, 12, 3], "texture": "#1"},
				"south": {"uv": [11, 2, 12, 3], "texture": "#1"},
				"west": {"uv": [11, 2, 12, 3], "texture": "#1"},
				"up": {"uv": [12, 2, 11, 3], "rotation": 180, "texture": "#1"},
				"down": {"uv": [11, 2, 12, 3], "texture": "#1"}
			}
		},
		{
			"name": "grass_3",
			"from": [5.5, 11, 7.5],
			"to": [6.5, 12, 8.5],
			"rotation": {"angle": 0, "axis": "y", "origin": [0.5, 15, 7.5]},
			"faces": {
				"north": {"uv": [5, 5, 6, 4], "rotation": 180, "texture": "#1"},
				"east": {"uv": [5, 4, 6, 5], "texture": "#1"},
				"south": {"uv": [5, 4, 6, 5], "texture": "#1"},
				"west": {"uv": [5, 4, 6, 5], "texture": "#1"},
				"up": {"uv": [6, 4, 5, 5], "rotation": 180, "texture": "#1"},
				"down": {"uv": [5, 4, 6, 5], "texture": "#1"}
			}
		},
		{
			"name": "grass_4",
			"from": [4.5, 10, 7.5],
			"to": [5.5, 11, 8.5],
			"rotation": {"angle": 0, "axis": "y", "origin": [0.5, 15, 7.5]},
			"faces": {
				"north": {"uv": [4, 6, 5, 5], "rotation": 180, "texture": "#1"},
				"east": {"uv": [4, 5, 5, 6], "texture": "#1"},
				"south": {"uv": [4, 5, 5, 6], "texture": "#1"},
				"west": {"uv": [4, 5, 5, 6], "texture": "#1"},
				"up": {"uv": [5, 5, 4, 6], "rotation": 180, "texture": "#1"},
				"down": {"uv": [4, 5, 5, 6], "texture": "#1"}
			}
		},
		{
			"name": "grass_5",
			"from": [5.5, 0, 7.5],
			"to": [6.5, 10, 8.5],
			"rotation": {"angle": 0, "axis": "y", "origin": [0.5, 15, 7.5]},
			"faces": {
				"north": {"uv": [5, 16, 6, 6], "rotation": 180, "texture": "#1"},
				"east": {"uv": [5, 6, 6, 16], "texture": "#1"},
				"south": {"uv": [5, 6, 6, 16], "texture": "#1"},
				"west": {"uv": [5, 6, 6, 16], "texture": "#1"},
				"up": {"uv": [6, 6, 5, 7], "rotation": 180, "texture": "#1"},
				"down": {"uv": [5, 15, 6, 16], "texture": "#1"}
			}
		},
		{
			"name": "grass_6",
			"from": [4.5, 0, 7.5],
			"to": [5.5, 9, 8.5],
			"rotation": {"angle": 0, "axis": "y", "origin": [0.5, 15, 7.5]},
			"faces": {
				"north": {"uv": [4, 16, 5, 7], "rotation": 180, "texture": "#1"},
				"east": {"uv": [4, 7, 5, 16], "texture": "#1"},
				"south": {"uv": [4, 7, 5, 16], "texture": "#1"},
				"west": {"uv": [4, 7, 5, 16], "texture": "#1"},
				"up": {"uv": [5, 7, 4, 8], "rotation": 180, "texture": "#1"},
				"down": {"uv": [4, 15, 5, 16], "texture": "#1"}
			}
		},
		{
			"name": "grass_7",
			"from": [11.5, 1, 7.5],
			"to": [12.5, 9, 8.5],
			"rotation": {"angle": 0, "axis": "y", "origin": [0.5, 15, 7.5]},
			"faces": {
				"north": {"uv": [11, 15, 12, 7], "rotation": 180, "texture": "#1"},
				"east": {"uv": [11, 7, 12, 15], "texture": "#1"},
				"south": {"uv": [11, 7, 12, 15], "texture": "#1"},
				"west": {"uv": [11, 7, 12, 15], "texture": "#1"},
				"up": {"uv": [12, 7, 11, 8], "rotation": 180, "texture": "#1"},
				"down": {"uv": [11, 14, 12, 15], "texture": "#1"}
			}
		},
		{
			"name": "grass_8",
			"from": [3.5, 1, 7.5],
			"to": [4.5, 8, 8.5],
			"rotation": {"angle": 0, "axis": "y", "origin": [0.5, 15, 7.5]},
			"faces": {
				"north": {"uv": [3, 15, 4, 8], "rotation": 180, "texture": "#1"},
				"east": {"uv": [3, 8, 4, 15], "texture": "#1"},
				"south": {"uv": [3, 8, 4, 15], "texture": "#1"},
				"west": {"uv": [3, 8, 4, 15], "texture": "#1"},
				"up": {"uv": [4, 8, 3, 9], "rotation": 180, "texture": "#1"},
				"down": {"uv": [3, 14, 4, 15], "texture": "#1"}
			}
		},
		{
			"name": "grass_9",
			"from": [12.5, 3, 7.5],
			"to": [13.5, 8, 8.5],
			"rotation": {"angle": 0, "axis": "y", "origin": [0.5, 15, 7.5]},
			"faces": {
				"north": {"uv": [12, 13, 13, 8], "rotation": 180, "texture": "#1"},
				"east": {"uv": [12, 8, 13, 13], "texture": "#1"},
				"south": {"uv": [12, 8, 13, 13], "texture": "#1"},
				"west": {"uv": [12, 8, 13, 13], "texture": "#1"},
				"up": {"uv": [13, 8, 12, 9], "rotation": 180, "texture": "#1"},
				"down": {"uv": [12, 12, 13, 13], "texture": "#1"}
			}
		},
		{
			"name": "grass_10",
			"from": [2.5, 2, 7.5],
			"to": [3.5, 7, 8.5],
			"rotation": {"angle": 0, "axis": "y", "origin": [0.5, 15, 7.5]},
			"faces": {
				"north": {"uv": [2, 14, 3, 9], "rotation": 180, "texture": "#1"},
				"east": {"uv": [2, 9, 3, 14], "texture": "#1"},
				"south": {"uv": [2, 9, 3, 14], "texture": "#1"},
				"west": {"uv": [2, 9, 3, 14], "texture": "#1"},
				"up": {"uv": [3, 9, 2, 10], "rotation": 180, "texture": "#1"},
				"down": {"uv": [2, 13, 3, 14], "texture": "#1"}
			}
		}
	],
	"gui_light": "front",
	"display": {
		"thirdperson_righthand": {
			"translation": [0, 3, 1],
			"scale": [0.55, 0.55, 0.55]
		},
		"firstperson_righthand": {
			"rotation": [0, -73, 25],
			"translation": [1.13, 3.2, 1.13],
			"scale": [0.68, 0.68, 0.68]
		},
		"firstperson_lefthand": {
			"rotation": [0, -73, 25],
			"translation": [1.13, 3.2, 1.13],
			"scale": [0.68, 0.68, 0.68]
		},
		"ground": {
			"translation": [0, 2, 0],
			"scale": [0.5, 0.5, 0.5]
		},
		"head": {
			"rotation": [0, 180, 0],
			"translation": [0, 13, 7]
		},
		"fixed": {
			"rotation": [0, 180, 0]
		}
	},
	"groups": [
		{
			"name": "grass",
			"origin": [8, 8, 8],
			"color": 0,
			"children": [0, 1, 2, 3, 4, 5, 6, 7, 8, 9, 10]
		}
	]
}