{
	"credit": "Made with Blockbench",
	"textures": {
		"0": "custom/snow/snow_man_t",
		"particle": "custom/snow/snow_man_t"
	},
	"elements": [
		{
			"name": "bass_4",
			"from": [0.5, 24.625, 2],
			"to": [12.5, 25.625, 14],
			"rotation": {"angle": 22.5, "axis": "z", "origin": [6.5, 26.625, 8]},
			"faces": {
				"north": {"uv": [12, 4, 16, 5], "texture": "#0"},
				"east": {"uv": [12, 4, 16, 5], "texture": "#0"},
				"south": {"uv": [12, 4, 16, 5], "texture": "#0"},
				"west": {"uv": [12, 4, 16, 5], "texture": "#0"},
				"up": {"uv": [12, 0, 16, 4], "texture": "#0"},
				"down": {"uv": [12, 5, 16, 9], "texture": "#0"}
			}
		},
		{
			"name": "bass_5",
			"from": [1.375, 25.625, 2.875],
			"to": [11.625, 30.625, 13.125],
			"rotation": {"angle": 22.5, "axis": "z", "origin": [6.5, 26.625, 8]},
			"faces": {
				"north": {"uv": [12, 0, 16, 4], "texture": "#0"},
				"east": {"uv": [12, 0, 16, 4], "texture": "#0"},
				"south": {"uv": [12, 0, 16, 4], "texture": "#0"},
				"west": {"uv": [12, 0, 16, 4], "texture": "#0"},
				"up": {"uv": [12, 0, 16, 3.625], "texture": "#0"},
				"down": {"uv": [12, 0, 16, 4], "texture": "#0"}
			}
		},
		{
			"name": "bass_2",
			"from": [15.43, 0.594, 7],
			"to": [16.93, 15.594, 8.5],
			"rotation": {"angle": 22.5, "axis": "z", "origin": [16.18, 8.094, 7.75]},
			"faces": {
				"north": {"uv": [0, 0, 1, 6], "texture": "#0"},
				"east": {"uv": [0, 0, 1, 6], "texture": "#0"},
				"south": {"uv": [0, 0, 1, 6], "texture": "#0"},
				"west": {"uv": [0, 0, 1, 6], "texture": "#0"},
				"up": {"uv": [0, 0, 1, 6], "texture": "#0"},
				"down": {"uv": [0, 0, 1, 6], "texture": "#0"}
			}
		},
		{
			"name": "bass_3",
			"from": [-0.93, 0.49, 7],
			"to": [0.57, 15.49, 8.5],
			"rotation": {"angle": -22.5, "axis": "z", "origin": [-0.18, 7.99, 7.75]},
			"faces": {
				"north": {"uv": [0, 0, 1, 4], "texture": "#0"},
				"east": {"uv": [0, 0, 1, 4], "texture": "#0"},
				"south": {"uv": [0, 0, 1, 4], "texture": "#0"},
				"west": {"uv": [0, 0, 1, 4], "texture": "#0"},
				"up": {"uv": [0, 0, 1, 4], "texture": "#0"},
				"down": {"uv": [0, 0, 1, 4], "texture": "#0"}
			}
		},
		{
			"name": "bass 4",
			"from": [7.5, 20.5, 2.75],
			"to": [8.5, 21.5, 3],
			"rotation": {"angle": 0, "axis": "y", "origin": [8, 22, -2]},
			"faces": {
				"north": {"uv": [1, 0, 2, 3], "texture": "#0"},
				"east": {"uv": [1, 0, 2, 3], "texture": "#0"},
				"south": {"uv": [1, 0, 2, 3], "texture": "#0"},
				"west": {"uv": [1, 0, 2, 3], "texture": "#0"},
				"up": {"uv": [1, 0, 2, 3], "texture": "#0"},
				"down": {"uv": [1, 0, 2, 3], "texture": "#0"}
			}
		},
		{
			"name": "bass 5",
			"from": [7.25, 20.25, 0.5],
			"to": [8.75, 21.75, 2.75],
			"rotation": {"angle": 0, "axis": "y", "origin": [8, 22, -2.25]},
			"faces": {
				"north": {"uv": [1, 0, 2, 3], "texture": "#0"},
				"east": {"uv": [1, 0, 2, 3], "texture": "#0"},
				"south": {"uv": [1, 0, 2, 3], "texture": "#0"},
				"west": {"uv": [1, 0, 2, 3], "texture": "#0"},
				"up": {"uv": [1, 0, 2, 3], "texture": "#0"},
				"down": {"uv": [1, 0, 2, 3], "texture": "#0"}
			}
		},
		{
			"name": "bass 6",
			"from": [7.375, 20.375, -0.75],
			"to": [8.625, 21.625, 0.5],
			"rotation": {"angle": 0, "axis": "y", "origin": [8, 22, -4.5]},
			"faces": {
				"north": {"uv": [1, 0, 2, 3], "texture": "#0"},
				"east": {"uv": [1, 0, 2, 3], "texture": "#0"},
				"south": {"uv": [1, 0, 2, 3], "texture": "#0"},
				"west": {"uv": [1, 0, 2, 3], "texture": "#0"},
				"up": {"uv": [1, 0, 2, 3], "texture": "#0"},
				"down": {"uv": [1, 0, 2, 3], "texture": "#0"}
			}
		},
		{
			"name": "bass 7",
			"from": [7.5, 20.5, -2],
			"to": [8.5, 21.5, -0.75],
			"rotation": {"angle": 0, "axis": "y", "origin": [8, 22, -5.75]},
			"faces": {
				"north": {"uv": [1, 0, 2, 3], "texture": "#0"},
				"east": {"uv": [1, 0, 2, 3], "texture": "#0"},
				"south": {"uv": [1, 0, 2, 3], "texture": "#0"},
				"west": {"uv": [1, 0, 2, 3], "texture": "#0"},
				"up": {"uv": [1, 0, 2, 3], "texture": "#0"},
				"down": {"uv": [1, 0, 2, 3], "texture": "#0"}
			}
		},
		{
			"name": "bass 1",
			"from": [1, -10, 1],
			"to": [15, 4, 15],
			"rotation": {"angle": 0, "axis": "y", "origin": [8, -2, 8]},
			"faces": {
				"north": {"uv": [0, 12, 4, 16], "texture": "#0"},
				"east": {"uv": [0, 12, 4, 16], "texture": "#0"},
				"south": {"uv": [0, 12, 4, 16], "texture": "#0"},
				"west": {"uv": [0, 12, 4, 16], "texture": "#0"},
				"up": {"uv": [0, 12, 4, 16], "texture": "#0"},
				"down": {"uv": [0, 12, 4, 16], "texture": "#0"}
			}
		},
		{
			"name": "bass 2",
			"from": [-1, -7, 1],
			"to": [1, -5, 14],
			"rotation": {"angle": 0, "axis": "y", "origin": [6, -2, 8]},
			"faces": {
				"north": {"uv": [0, 12, 4, 16], "texture": "#0"},
				"east": {"uv": [0, 12, 4, 16], "texture": "#0"},
				"south": {"uv": [0, 12, 4, 16], "texture": "#0"},
				"west": {"uv": [0, 12, 4, 16], "texture": "#0"},
				"up": {"uv": [0, 12, 4, 16], "texture": "#0"},
				"down": {"uv": [0, 12, 4, 16], "texture": "#0"}
			}
		},
		{
			"name": "bass 3",
			"from": [-3, -10, 0],
			"to": [1, -7, 15],
			"rotation": {"angle": 0, "axis": "y", "origin": [4, -2, 8]},
			"faces": {
				"north": {"uv": [0, 12, 4, 16], "texture": "#0"},
				"east": {"uv": [0, 12, 4, 16], "texture": "#0"},
				"south": {"uv": [0, 12, 4, 16], "texture": "#0"},
				"west": {"uv": [0, 12, 4, 16], "texture": "#0"},
				"up": {"uv": [0, 12, 4, 16], "texture": "#0"},
				"down": {"uv": [0, 12, 4, 16], "texture": "#0"}
			}
		},
		{
			"name": "bass 4",
			"from": [-2, -10, 15],
			"to": [14, -8, 17],
			"rotation": {"angle": 0, "axis": "y", "origin": [4, -2, 10]},
			"faces": {
				"north": {"uv": [0, 12, 4, 16], "texture": "#0"},
				"east": {"uv": [0, 12, 4, 16], "texture": "#0"},
				"south": {"uv": [0, 12, 4, 16], "texture": "#0"},
				"west": {"uv": [0, 12, 4, 16], "texture": "#0"},
				"up": {"uv": [0, 12, 4, 16], "texture": "#0"},
				"down": {"uv": [0, 12, 4, 16], "texture": "#0"}
			}
		},
		{
			"name": "bass 5",
			"from": [-3, -10, 15],
			"to": [-2, -9, 16],
			"rotation": {"angle": 0, "axis": "y", "origin": [3, -2, 10]},
			"faces": {
				"north": {"uv": [0, 12, 4, 16], "texture": "#0"},
				"east": {"uv": [0, 12, 4, 16], "texture": "#0"},
				"south": {"uv": [0, 12, 4, 16], "texture": "#0"},
				"west": {"uv": [0, 12, 4, 16], "texture": "#0"},
				"up": {"uv": [0, 12, 4, 16], "texture": "#0"},
				"down": {"uv": [0, 12, 4, 16], "texture": "#0"}
			}
		},
		{
			"name": "bass 6",
			"from": [14, -10, 15],
			"to": [18, -9, 18],
			"rotation": {"angle": 0, "axis": "y", "origin": [21, -2, 10]},
			"faces": {
				"north": {"uv": [0, 12, 4, 16], "texture": "#0"},
				"east": {"uv": [0, 12, 4, 16], "texture": "#0"},
				"south": {"uv": [0, 12, 4, 16], "texture": "#0"},
				"west": {"uv": [0, 12, 4, 16], "texture": "#0"},
				"up": {"uv": [0, 12, 4, 16], "texture": "#0"},
				"down": {"uv": [0, 12, 4, 16], "texture": "#0"}
			}
		},
		{
			"name": "bass 7",
			"from": [14, -9, 15],
			"to": [17, -8, 17],
			"rotation": {"angle": 0, "axis": "y", "origin": [21, -1, 10]},
			"faces": {
				"north": {"uv": [0, 12, 4, 16], "texture": "#0"},
				"east": {"uv": [0, 12, 4, 16], "texture": "#0"},
				"south": {"uv": [0, 12, 4, 16], "texture": "#0"},
				"west": {"uv": [0, 12, 4, 16], "texture": "#0"},
				"up": {"uv": [0, 12, 4, 16], "texture": "#0"},
				"down": {"uv": [0, 12, 4, 16], "texture": "#0"}
			}
		},
		{
			"name": "bass 8",
			"from": [14, -8, 15],
			"to": [16, -7, 16],
			"rotation": {"angle": 0, "axis": "y", "origin": [21, 0, 10]},
			"faces": {
				"north": {"uv": [0, 12, 4, 16], "texture": "#0"},
				"east": {"uv": [0, 12, 4, 16], "texture": "#0"},
				"south": {"uv": [0, 12, 4, 16], "texture": "#0"},
				"west": {"uv": [0, 12, 4, 16], "texture": "#0"},
				"up": {"uv": [0, 12, 4, 16], "texture": "#0"},
				"down": {"uv": [0, 12, 4, 16], "texture": "#0"}
			}
		},
		{
			"name": "bass 5",
			"from": [-1, -10, 17],
			"to": [13, -9, 18],
			"rotation": {"angle": 0, "axis": "y", "origin": [4, -2, 12]},
			"faces": {
				"north": {"uv": [0, 12, 4, 16], "texture": "#0"},
				"east": {"uv": [0, 12, 4, 16], "texture": "#0"},
				"south": {"uv": [0, 12, 4, 16], "texture": "#0"},
				"west": {"uv": [0, 12, 4, 16], "texture": "#0"},
				"up": {"uv": [0, 12, 4, 16], "texture": "#0"},
				"down": {"uv": [0, 12, 4, 16], "texture": "#0"}
			}
		},
		{
			"name": "bass 5",
			"from": [-1, -8, 15],
			"to": [14, -7, 16],
			"rotation": {"angle": 0, "axis": "y", "origin": [4, 0, 10]},
			"faces": {
				"north": {"uv": [0, 12, 4, 16], "texture": "#0"},
				"east": {"uv": [0, 12, 4, 16], "texture": "#0"},
				"south": {"uv": [0, 12, 4, 16], "texture": "#0"},
				"west": {"uv": [0, 12, 4, 16], "texture": "#0"},
				"up": {"uv": [0, 12, 4, 16], "texture": "#0"},
				"down": {"uv": [0, 12, 4, 16], "texture": "#0"}
			}
		},
		{
			"name": "bass 2",
			"from": [15, -10, 1],
			"to": [18, -8, 15],
			"rotation": {"angle": 0, "axis": "y", "origin": [13, -2, 8]},
			"faces": {
				"north": {"uv": [0, 12, 4, 16], "texture": "#0"},
				"east": {"uv": [0, 12, 4, 16], "texture": "#0"},
				"south": {"uv": [0, 12, 4, 16], "texture": "#0"},
				"west": {"uv": [0, 12, 4, 16], "texture": "#0"},
				"up": {"uv": [0, 12, 4, 16], "texture": "#0"},
				"down": {"uv": [0, 12, 4, 16], "texture": "#0"}
			}
		},
		{
			"name": "bass 3",
			"from": [15, -8, 1],
			"to": [17, -6, 6],
			"rotation": {"angle": 0, "axis": "y", "origin": [13, 0, 8]},
			"faces": {
				"north": {"uv": [0, 12, 4, 16], "texture": "#0"},
				"east": {"uv": [0, 12, 4, 16], "texture": "#0"},
				"south": {"uv": [0, 12, 4, 16], "texture": "#0"},
				"west": {"uv": [0, 12, 4, 16], "texture": "#0"},
				"up": {"uv": [0, 12, 4, 16], "texture": "#0"},
				"down": {"uv": [0, 12, 4, 16], "texture": "#0"}
			}
		},
		{
			"name": "bass 4",
			"from": [17, -8, 1],
			"to": [18, -7, 6],
			"rotation": {"angle": 0, "axis": "y", "origin": [14, 0, 8]},
			"faces": {
				"north": {"uv": [0, 12, 4, 16], "texture": "#0"},
				"east": {"uv": [0, 12, 4, 16], "texture": "#0"},
				"south": {"uv": [0, 12, 4, 16], "texture": "#0"},
				"west": {"uv": [0, 12, 4, 16], "texture": "#0"},
				"up": {"uv": [0, 12, 4, 16], "texture": "#0"},
				"down": {"uv": [0, 12, 4, 16], "texture": "#0"}
			}
		},
		{
			"name": "bass 3",
			"from": [15, -8, 6],
			"to": [17, -7, 15],
			"rotation": {"angle": 0, "axis": "y", "origin": [13, 0, 8]},
			"faces": {
				"north": {"uv": [0, 12, 4, 16], "texture": "#0"},
				"east": {"uv": [0, 12, 4, 16], "texture": "#0"},
				"south": {"uv": [0, 12, 4, 16], "texture": "#0"},
				"west": {"uv": [0, 12, 4, 16], "texture": "#0"},
				"up": {"uv": [0, 12, 4, 16], "texture": "#0"},
				"down": {"uv": [0, 12, 4, 16], "texture": "#0"}
			}
		},
		{
			"name": "bass 4",
			"from": [15, -7, 7],
			"to": [16, -6, 15],
			"rotation": {"angle": 0, "axis": "y", "origin": [13, 1, 8]},
			"faces": {
				"north": {"uv": [0, 12, 4, 16], "texture": "#0"},
				"east": {"uv": [0, 12, 4, 16], "texture": "#0"},
				"south": {"uv": [0, 12, 4, 16], "texture": "#0"},
				"west": {"uv": [0, 12, 4, 16], "texture": "#0"},
				"up": {"uv": [0, 12, 4, 16], "texture": "#0"},
				"down": {"uv": [0, 12, 4, 16], "texture": "#0"}
			}
		},
		{
			"name": "bass 3",
			"from": [-1, -10, -2],
			"to": [15, -8, 1],
			"rotation": {"angle": 0, "axis": "y", "origin": [10, -2, 6]},
			"faces": {
				"north": {"uv": [0, 12, 4, 16], "texture": "#0"},
				"east": {"uv": [0, 12, 4, 16], "texture": "#0"},
				"south": {"uv": [0, 12, 4, 16], "texture": "#0"},
				"west": {"uv": [0, 12, 4, 16], "texture": "#0"},
				"up": {"uv": [0, 12, 4, 16], "texture": "#0"},
				"down": {"uv": [0, 12, 4, 16], "texture": "#0"}
			}
		},
		{
			"name": "bass 4",
			"from": [-1, -10, -3],
			"to": [13, -9, -2],
			"rotation": {"angle": 0, "axis": "y", "origin": [10, -2, 5]},
			"faces": {
				"north": {"uv": [0, 12, 4, 16], "texture": "#0"},
				"east": {"uv": [0, 12, 4, 16], "texture": "#0"},
				"south": {"uv": [0, 12, 4, 16], "texture": "#0"},
				"west": {"uv": [0, 12, 4, 16], "texture": "#0"},
				"up": {"uv": [0, 12, 4, 16], "texture": "#0"},
				"down": {"uv": [0, 12, 4, 16], "texture": "#0"}
			}
		},
		{
			"name": "bass 5",
			"from": [-3, -10, -2],
			"to": [-1, -9, 0],
			"rotation": {"angle": 0, "axis": "y", "origin": [6, -2, 7]},
			"faces": {
				"north": {"uv": [0, 12, 4, 16], "texture": "#0"},
				"east": {"uv": [0, 12, 4, 16], "texture": "#0"},
				"south": {"uv": [0, 12, 4, 16], "texture": "#0"},
				"west": {"uv": [0, 12, 4, 16], "texture": "#0"},
				"up": {"uv": [0, 12, 4, 16], "texture": "#0"},
				"down": {"uv": [0, 12, 4, 16], "texture": "#0"}
			}
		},
		{
			"name": "bass 6",
			"from": [-4, -10, 1],
			"to": [-3, -9, 14],
			"rotation": {"angle": 0, "axis": "y", "origin": [4, -2, 10]},
			"faces": {
				"north": {"uv": [0, 12, 4, 16], "texture": "#0"},
				"east": {"uv": [0, 12, 4, 16], "texture": "#0"},
				"south": {"uv": [0, 12, 4, 16], "texture": "#0"},
				"west": {"uv": [0, 12, 4, 16], "texture": "#0"},
				"up": {"uv": [0, 12, 4, 16], "texture": "#0"},
				"down": {"uv": [0, 12, 4, 16], "texture": "#0"}
			}
		},
		{
			"name": "bass 7",
			"from": [-2, -7, 4],
			"to": [1, -6, 15],
			"rotation": {"angle": 0, "axis": "y", "origin": [6, 1, 11]},
			"faces": {
				"north": {"uv": [0, 12, 4, 16], "texture": "#0"},
				"east": {"uv": [0, 12, 4, 16], "texture": "#0"},
				"south": {"uv": [0, 12, 4, 16], "texture": "#0"},
				"west": {"uv": [0, 12, 4, 16], "texture": "#0"},
				"up": {"uv": [0, 12, 4, 16], "texture": "#0"},
				"down": {"uv": [0, 12, 4, 16], "texture": "#0"}
			}
		},
		{
			"name": "bass 8",
			"from": [0, -5, 2],
			"to": [1, -4, 13],
			"rotation": {"angle": 0, "axis": "y", "origin": [8, 3, 9]},
			"faces": {
				"north": {"uv": [0, 12, 4, 16], "texture": "#0"},
				"east": {"uv": [0, 12, 4, 16], "texture": "#0"},
				"south": {"uv": [0, 12, 4, 16], "texture": "#0"},
				"west": {"uv": [0, 12, 4, 16], "texture": "#0"},
				"up": {"uv": [0, 12, 4, 16], "texture": "#0"},
				"down": {"uv": [0, 12, 4, 16], "texture": "#0"}
			}
		},
		{
			"name": "bass 4",
			"from": [1, -8, -1],
			"to": [10.088, -6, 1],
			"rotation": {"angle": 0, "axis": "y", "origin": [10, 0, 6]},
			"faces": {
				"north": {"uv": [0, 12, 4, 16], "texture": "#0"},
				"east": {"uv": [0, 12, 4, 16], "texture": "#0"},
				"south": {"uv": [0, 12, 4, 16], "texture": "#0"},
				"west": {"uv": [0, 12, 4, 16], "texture": "#0"},
				"up": {"uv": [0, 12, 4, 16], "texture": "#0"},
				"down": {"uv": [0, 12, 4, 16], "texture": "#0"}
			}
		},
		{
			"name": "bass 5",
			"from": [2, -6, 0],
			"to": [9.088, -5, 1],
			"rotation": {"angle": 0, "axis": "y", "origin": [10, 2, 6]},
			"faces": {
				"north": {"uv": [0, 12, 4, 16], "texture": "#0"},
				"east": {"uv": [0, 12, 4, 16], "texture": "#0"},
				"south": {"uv": [0, 12, 4, 16], "texture": "#0"},
				"west": {"uv": [0, 12, 4, 16], "texture": "#0"},
				"up": {"uv": [0, 12, 4, 16], "texture": "#0"},
				"down": {"uv": [0, 12, 4, 16], "texture": "#0"}
			}
		},
		{
			"name": "bass 5",
			"from": [10, -8, 0],
			"to": [14.088, -7, 1],
			"rotation": {"angle": 0, "axis": "y", "origin": [15, 0, 6]},
			"faces": {
				"north": {"uv": [0, 12, 4, 16], "texture": "#0"},
				"east": {"uv": [0, 12, 4, 16], "texture": "#0"},
				"south": {"uv": [0, 12, 4, 16], "texture": "#0"},
				"west": {"uv": [0, 12, 4, 16], "texture": "#0"},
				"up": {"uv": [0, 12, 4, 16], "texture": "#0"},
				"down": {"uv": [0, 12, 4, 16], "texture": "#0"}
			}
		},
		{
			"name": "bass 4",
			"from": [15, -10, -1],
			"to": [17, -8, 1],
			"rotation": {"angle": 0, "axis": "y", "origin": [13, -2, 6]},
			"faces": {
				"north": {"uv": [0, 12, 4, 16], "texture": "#0"},
				"east": {"uv": [0, 12, 4, 16], "texture": "#0"},
				"south": {"uv": [0, 12, 4, 16], "texture": "#0"},
				"west": {"uv": [0, 12, 4, 16], "texture": "#0"},
				"up": {"uv": [0, 12, 4, 16], "texture": "#0"},
				"down": {"uv": [0, 12, 4, 16], "texture": "#0"}
			}
		},
		{
			"name": "bass 5",
			"from": [14, -8, 0],
			"to": [16, -7, 1],
			"rotation": {"angle": 0, "axis": "y", "origin": [13, 0, 6]},
			"faces": {
				"north": {"uv": [0, 12, 4, 16], "texture": "#0"},
				"east": {"uv": [0, 12, 4, 16], "texture": "#0"},
				"south": {"uv": [0, 12, 4, 16], "texture": "#0"},
				"west": {"uv": [0, 12, 4, 16], "texture": "#0"},
				"up": {"uv": [0, 12, 4, 16], "texture": "#0"},
				"down": {"uv": [0, 12, 4, 16], "texture": "#0"}
			}
		},
		{
			"name": "bass 5",
			"from": [17, -10, -1],
			"to": [18, -9, 1],
			"rotation": {"angle": 0, "axis": "y", "origin": [14, -2, 6]},
			"faces": {
				"north": {"uv": [0, 12, 4, 16], "texture": "#0"},
				"east": {"uv": [0, 12, 4, 16], "texture": "#0"},
				"south": {"uv": [0, 12, 4, 16], "texture": "#0"},
				"west": {"uv": [0, 12, 4, 16], "texture": "#0"},
				"up": {"uv": [0, 12, 4, 16], "texture": "#0"},
				"down": {"uv": [0, 12, 4, 16], "texture": "#0"}
			}
		},
		{
			"name": "bass 6",
			"from": [18, -10, 2],
			"to": [19, -9, 15],
			"rotation": {"angle": 0, "axis": "y", "origin": [15, -2, 9]},
			"faces": {
				"north": {"uv": [0, 12, 4, 16], "texture": "#0"},
				"east": {"uv": [0, 12, 4, 16], "texture": "#0"},
				"south": {"uv": [0, 12, 4, 16], "texture": "#0"},
				"west": {"uv": [0, 12, 4, 16], "texture": "#0"},
				"up": {"uv": [0, 12, 4, 16], "texture": "#0"},
				"down": {"uv": [0, 12, 4, 16], "texture": "#0"}
			}
		},
		{
			"name": "bass 6",
			"from": [15, -10, -2],
			"to": [16, -9, -1],
			"rotation": {"angle": 0, "axis": "y", "origin": [12, -2, 5]},
			"faces": {
				"north": {"uv": [0, 12, 4, 16], "texture": "#0"},
				"east": {"uv": [0, 12, 4, 16], "texture": "#0"},
				"south": {"uv": [0, 12, 4, 16], "texture": "#0"},
				"west": {"uv": [0, 12, 4, 16], "texture": "#0"},
				"up": {"uv": [0, 12, 4, 16], "texture": "#0"},
				"down": {"uv": [0, 12, 4, 16], "texture": "#0"}
			}
		},
		{
			"name": "bass 2",
			"from": [2, 4, 2],
			"to": [14, 16, 14],
			"rotation": {"angle": 0, "axis": "y", "origin": [8, 12, 8]},
			"faces": {
				"north": {"uv": [0, 12, 4, 16], "texture": "#0"},
				"east": {"uv": [0, 12, 4, 16], "texture": "#0"},
				"south": {"uv": [0, 12, 4, 16], "texture": "#0"},
				"west": {"uv": [0, 12, 4, 16], "texture": "#0"},
				"up": {"uv": [0, 12, 4, 16], "texture": "#0"},
				"down": {"uv": [0, 12, 4, 16], "texture": "#0"}
			}
		},
		{
			"name": "bass 3",
			"from": [7, 14, 1.9375],
			"to": [8, 15, 2],
			"rotation": {"angle": 0, "axis": "y", "origin": [2, 22, 8]},
			"faces": {
				"north": {"uv": [4, 14, 6, 16], "texture": "#0"},
				"east": {"uv": [4, 14, 6, 16], "texture": "#0"},
				"south": {"uv": [4, 14, 6, 16], "texture": "#0"},
				"west": {"uv": [4, 14, 6, 16], "texture": "#0"},
				"up": {"uv": [4, 14, 6, 16], "texture": "#0"},
				"down": {"uv": [4, 14, 6, 16], "texture": "#0"}
			}
		},
		{
			"name": "bass 4",
			"from": [7, 12, 1.9375],
			"to": [8, 13, 2],
			"rotation": {"angle": 0, "axis": "y", "origin": [2, 20, 8]},
			"faces": {
				"north": {"uv": [4, 14, 6, 16], "texture": "#0"},
				"east": {"uv": [0, 12, 4, 16], "texture": "#0"},
				"south": {"uv": [0, 12, 4, 16], "texture": "#0"},
				"west": {"uv": [0, 12, 4, 16], "texture": "#0"},
				"up": {"uv": [0, 12, 4, 16], "texture": "#0"},
				"down": {"uv": [0, 12, 4, 16], "texture": "#0"}
			}
		},
		{
			"name": "bass 5",
			"from": [7, 10, 1.9375],
			"to": [8, 11, 2],
			"rotation": {"angle": 0, "axis": "y", "origin": [2, 18, 8]},
			"faces": {
				"north": {"uv": [4, 14, 6, 16], "texture": "#0"},
				"east": {"uv": [0, 12, 4, 16], "texture": "#0"},
				"south": {"uv": [0, 12, 4, 16], "texture": "#0"},
				"west": {"uv": [0, 12, 4, 16], "texture": "#0"},
				"up": {"uv": [0, 12, 4, 16], "texture": "#0"},
				"down": {"uv": [0, 12, 4, 16], "texture": "#0"}
			}
		},
		{
			"name": "bass 6",
			"from": [7, 8, 1.9375],
			"to": [8, 9, 2],
			"rotation": {"angle": 0, "axis": "y", "origin": [2, 16, 8]},
			"faces": {
				"north": {"uv": [4, 14, 6, 16], "texture": "#0"},
				"east": {"uv": [0, 12, 4, 16], "texture": "#0"},
				"south": {"uv": [0, 12, 4, 16], "texture": "#0"},
				"west": {"uv": [0, 12, 4, 16], "texture": "#0"},
				"up": {"uv": [0, 12, 4, 16], "texture": "#0"},
				"down": {"uv": [0, 12, 4, 16], "texture": "#0"}
			}
		},
		{
			"name": "bass 7",
			"from": [7, 6, 1.9375],
			"to": [8, 7, 2],
			"rotation": {"angle": 0, "axis": "y", "origin": [2, 14, 8]},
			"faces": {
				"north": {"uv": [4, 14, 6, 16], "texture": "#0"},
				"east": {"uv": [0, 12, 4, 16], "texture": "#0"},
				"south": {"uv": [0, 12, 4, 16], "texture": "#0"},
				"west": {"uv": [0, 12, 4, 16], "texture": "#0"},
				"up": {"uv": [0, 12, 4, 16], "texture": "#0"},
				"down": {"uv": [0, 12, 4, 16], "texture": "#0"}
			}
		},
		{
			"name": "bass 8",
			"from": [7, 4, 1.9375],
			"to": [8, 5, 2],
			"rotation": {"angle": 0, "axis": "y", "origin": [2, 12, 8]},
			"faces": {
				"north": {"uv": [4, 14, 6, 16], "texture": "#0"},
				"east": {"uv": [0, 12, 4, 16], "texture": "#0"},
				"south": {"uv": [0, 12, 4, 16], "texture": "#0"},
				"west": {"uv": [0, 12, 4, 16], "texture": "#0"},
				"up": {"uv": [0, 12, 4, 16], "texture": "#0"},
				"down": {"uv": [0, 12, 4, 16], "texture": "#0"}
			}
		},
		{
			"name": "bass 3",
			"from": [3, 16, 3],
			"to": [13, 26, 13],
			"rotation": {"angle": 0, "axis": "y", "origin": [8, 22, 8]},
			"faces": {
				"north": {"uv": [0, 12, 4, 16], "texture": "#0"},
				"east": {"uv": [0, 12, 4, 16], "texture": "#0"},
				"south": {"uv": [0, 12, 4, 16], "texture": "#0"},
				"west": {"uv": [0, 12, 4, 16], "texture": "#0"},
				"up": {"uv": [0, 12, 4, 16], "texture": "#0"},
				"down": {"uv": [0, 12, 4, 16], "texture": "#0"}
			}
		},
		{
			"name": "bass 4",
			"from": [10, 22, 2.9375],
			"to": [12, 24, 3],
			"rotation": {"angle": 0, "axis": "y", "origin": [7, 28, 7.9375]},
			"faces": {
				"north": {"uv": [4, 14, 6, 16], "texture": "#0"},
				"east": {"uv": [4, 14, 6, 16], "texture": "#0"},
				"south": {"uv": [4, 14, 6, 16], "texture": "#0"},
				"west": {"uv": [4, 14, 6, 16], "texture": "#0"},
				"up": {"uv": [4, 14, 6, 16], "texture": "#0"},
				"down": {"uv": [4, 14, 6, 16], "texture": "#0"}
			}
		},
		{
			"name": "bass 5",
			"from": [10, 20, 2.9375],
			"to": [11, 21, 3],
			"rotation": {"angle": 0, "axis": "y", "origin": [7, 26, 7.9375]},
			"faces": {
				"north": {"uv": [4, 14, 6, 16], "texture": "#0"},
				"east": {"uv": [4, 14, 6, 16], "texture": "#0"},
				"south": {"uv": [4, 14, 6, 16], "texture": "#0"},
				"west": {"uv": [4, 14, 6, 16], "texture": "#0"},
				"up": {"uv": [4, 14, 6, 16], "texture": "#0"},
				"down": {"uv": [4, 14, 6, 16], "texture": "#0"}
			}
		},
		{
			"name": "bass 6",
			"from": [9, 19, 2.9375],
			"to": [10, 20, 3],
			"rotation": {"angle": 0, "axis": "y", "origin": [6, 25, 7.9375]},
			"faces": {
				"north": {"uv": [4, 14, 6, 16], "texture": "#0"},
				"east": {"uv": [4, 14, 6, 16], "texture": "#0"},
				"south": {"uv": [4, 14, 6, 16], "texture": "#0"},
				"west": {"uv": [4, 14, 6, 16], "texture": "#0"},
				"up": {"uv": [4, 14, 6, 16], "texture": "#0"},
				"down": {"uv": [4, 14, 6, 16], "texture": "#0"}
			}
		},
		{
			"name": "bass 7",
			"from": [6, 18, 2.9375],
			"to": [9, 19, 3],
			"rotation": {"angle": 0, "axis": "y", "origin": [5, 24, 7.9375]},
			"faces": {
				"north": {"uv": [4, 14, 6, 16], "texture": "#0"},
				"east": {"uv": [4, 14, 6, 16], "texture": "#0"},
				"south": {"uv": [4, 14, 6, 16], "texture": "#0"},
				"west": {"uv": [4, 14, 6, 16], "texture": "#0"},
				"up": {"uv": [4, 14, 6, 16], "texture": "#0"},
				"down": {"uv": [4, 14, 6, 16], "texture": "#0"}
			}
		},
		{
			"name": "bass 10",
			"from": [5, 19, 2.9375],
			"to": [6, 20, 3],
			"rotation": {"angle": 0, "axis": "y", "origin": [2, 25, 7.9375]},
			"faces": {
				"north": {"uv": [4, 14, 6, 16], "texture": "#0"},
				"east": {"uv": [4, 14, 6, 16], "texture": "#0"},
				"south": {"uv": [4, 14, 6, 16], "texture": "#0"},
				"west": {"uv": [4, 14, 6, 16], "texture": "#0"},
				"up": {"uv": [4, 14, 6, 16], "texture": "#0"},
				"down": {"uv": [4, 14, 6, 16], "texture": "#0"}
			}
		},
		{
			"name": "bass 11",
			"from": [4, 20, 2.9375],
			"to": [5, 21, 3],
			"rotation": {"angle": 0, "axis": "y", "origin": [1, 26, 7.9375]},
			"faces": {
				"north": {"uv": [4, 14, 6, 16], "texture": "#0"},
				"east": {"uv": [4, 14, 6, 16], "texture": "#0"},
				"south": {"uv": [4, 14, 6, 16], "texture": "#0"},
				"west": {"uv": [4, 14, 6, 16], "texture": "#0"},
				"up": {"uv": [4, 14, 6, 16], "texture": "#0"},
				"down": {"uv": [4, 14, 6, 16], "texture": "#0"}
			}
		},
		{
			"name": "bass 5",
			"from": [4, 22, 2.9375],
			"to": [6, 24, 3],
			"rotation": {"angle": 0, "axis": "y", "origin": [1, 28, 7.9375]},
			"faces": {
				"north": {"uv": [4, 14, 6, 16], "texture": "#0"},
				"east": {"uv": [4, 14, 6, 16], "texture": "#0"},
				"south": {"uv": [4, 14, 6, 16], "texture": "#0"},
				"west": {"uv": [4, 14, 6, 16], "texture": "#0"},
				"up": {"uv": [4, 14, 6, 16], "texture": "#0"},
				"down": {"uv": [4, 14, 6, 16], "texture": "#0"}
			}
		}
	],
	"display": {
		"thirdperson_righthand": {
			"scale": [0.25, 0.25, 0.25]
		},
		"thirdperson_lefthand": {
			"scale": [0.25, 0.25, 0.25]
		},
		"firstperson_righthand": {
			"scale": [0.25, 0.25, 0.25]
		},
		"firstperson_lefthand": {
			"scale": [0.25, 0.25, 0.25]
		},
		"ground": {
			"translation": [0, 0.75, 0],
			"scale": [0.25, 0.25, 0.25]
		},
		"gui": {
			"rotation": [22, 168, 0],
			"translation": [0, -0.5, 0],
			"scale": [0.35, 0.35, 0.35]
		},
		"head": {
			"translation": [0, -0.5, 0],
			"scale": [2.5, 2.5, 2.5]
		},
		"fixed": {
			"rotation": [-90, 0, 0],
			"translation": [0, 0, -24.75],
			"scale": [1.5, 1.5, 1.5]
		}
	},
	"groups": [
		{
			"name": "bass",
			"origin": [8, 8, 8],
			"children": [
				{
					"name": "H",
					"origin": [8, 28, 8],
					"children": [0, 1]
				},
				{
					"name": "A",
					"origin": [8, 8, 8],
					"children": [2, 3]
				},
				{
					"name": "carrot",
					"origin": [8, 28, -2],
					"children": [4, 5, 6, 7]
				}, 8, 9, 10, 11, 12, 13, 14, 15, 16, 17, 18, 19, 20, 21, 22, 23, 24, 25, 26, 27, 28, 29, 30, 31, 32, 33, 34, 35, 36, 37, 38, 39, 40, 41, 42, 43, 44, 45, 46, 47, 48, 49, 50, 51]
		}
	]
}