{
	"credit": "Made with Blockbench",
	"textures": {
		"0": "block/gold_block",
		"1": "block/birch_planks",
		"2": "block/iron_block",
		"particle": "block/gold_block"
	},
	"elements": [
		{
			"name": "bass 1",
			"from": [7.5, 0, 7.5],
			"to": [8.5, 5, 8.5],
			"faces": {
				"north": {"uv": [0, 0, 1, 5], "texture": "#1"},
				"east": {"uv": [0, 0, 1, 5], "texture": "#1"},
				"south": {"uv": [0, 0, 1, 5], "texture": "#1"},
				"west": {"uv": [0, 0, 1, 5], "texture": "#1"},
				"up": {"uv": [0, 0, 1, 5], "texture": "#1"},
				"down": {"uv": [0, 0, 1, 5], "texture": "#1"}
			}
		},
		{
			"name": "bass 2",
			"from": [7.5, 5, 6],
			"to": [8.5, 6, 10],
			"faces": {
				"north": {"uv": [0, 0, 16, 16], "texture": "#2"},
				"east": {"uv": [0, 0, 16, 16], "texture": "#2"},
				"south": {"uv": [0, 0, 16, 16], "texture": "#2"},
				"west": {"uv": [0, 0, 16, 16], "texture": "#2"},
				"up": {"uv": [0, 0, 16, 16], "texture": "#2"},
				"down": {"uv": [0, 0, 16, 16], "texture": "#2"}
			}
		},
		{
			"name": "bass 3",
			"from": [7.6, 6, 7],
			"to": [8.4, 30, 9],
			"faces": {
				"north": {"uv": [1, 1, 3, 11], "texture": "#0"},
				"east": {"uv": [1, 1, 3, 11], "texture": "#0"},
				"south": {"uv": [1, 1, 3, 11], "texture": "#0"},
				"west": {"uv": [1, 1, 3, 11], "texture": "#0"},
				"up": {"uv": [1, 1, 3, 11], "texture": "#0"},
				"down": {"uv": [1, 1, 3, 11], "texture": "#0"}
			}
		},
		{
			"name": "bass 3",
			"from": [7.5, -1, 6.5],
			"to": [8.5, 0, 9.5],
			"faces": {
				"north": {"uv": [0, 0, 16, 16], "texture": "#2"},
				"east": {"uv": [0, 0, 16, 16], "texture": "#2"},
				"south": {"uv": [0, 0, 16, 16], "texture": "#2"},
				"west": {"uv": [0, 0, 16, 16], "texture": "#2"},
				"up": {"uv": [0, 0, 16, 16], "texture": "#2"},
				"down": {"uv": [0, 0, 16, 16], "texture": "#2"}
			}
		},
		{
			"name": "bass 4",
			"from": [7.6, 29.86627, 8.32769],
			"to": [8.4, 31.86627, 8.82769],
			"rotation": {"angle": -22.5, "axis": "x", "origin": [8, 30.36627, 8.57769]},
			"faces": {
				"north": {"uv": [1, 1, 3, 11], "texture": "#0"},
				"east": {"uv": [1, 1, 3, 11], "texture": "#0"},
				"south": {"uv": [1, 1, 3, 11], "texture": "#0"},
				"west": {"uv": [1, 1, 3, 11], "texture": "#0"},
				"up": {"uv": [1, 1, 3, 11], "texture": "#0"},
				"down": {"uv": [1, 1, 3, 11], "texture": "#0"}
			}
		},
		{
			"name": "bass 5",
			"from": [7.6, 29.86627, 7.17231],
			"to": [8.4, 31.86627, 7.67231],
			"rotation": {"angle": 22.5, "axis": "x", "origin": [8, 30.36627, 7.42231]},
			"faces": {
				"north": {"uv": [1, 1, 3, 11], "texture": "#0"},
				"east": {"uv": [1, 1, 3, 11], "texture": "#0"},
				"south": {"uv": [1, 1, 3, 11], "texture": "#0"},
				"west": {"uv": [1, 1, 3, 11], "texture": "#0"},
				"up": {"uv": [1, 1, 3, 11], "texture": "#0"},
				"down": {"uv": [1, 1, 3, 11], "texture": "#0"}
			}
		},
		{
			"name": "bass 4",
			"from": [7.6, 30, 7.5],
			"to": [8.4, 31.11, 8.5],
			"rotation": {"angle": 0, "axis": "y", "origin": [8, 22, 8]},
			"faces": {
				"north": {"uv": [1, 1, 3, 11], "texture": "#0"},
				"east": {"uv": [1, 1, 3, 11], "texture": "#0"},
				"south": {"uv": [1, 1, 3, 11], "texture": "#0"},
				"west": {"uv": [1, 1, 3, 11], "texture": "#0"},
				"up": {"uv": [1, 1, 3, 11], "texture": "#0"},
				"down": {"uv": [1, 1, 3, 11], "texture": "#0"}
			}
		},
		{
			"name": "bass 6",
			"from": [7.59539, 31.38569, 8.37531],
			"to": [8.39539, 31.78569, 8.77531],
			"rotation": {"angle": 45, "axis": "x", "origin": [7.99539, 32.38569, 8.57531]},
			"faces": {
				"north": {"uv": [1, 1, 3, 11], "texture": "#0"},
				"east": {"uv": [1, 1, 3, 11], "texture": "#0"},
				"south": {"uv": [1, 1, 3, 11], "texture": "#0"},
				"west": {"uv": [1, 1, 3, 11], "texture": "#0"},
				"up": {"uv": [1, 1, 3, 11], "texture": "#0"},
				"down": {"uv": [1, 1, 3, 11], "texture": "#0"}
			}
		}
	],
	"display": {
		"thirdperson_righthand": {
			"translation": [0, 7.75, 0],
			"scale": [2, 2, 2]
		},
		"thirdperson_lefthand": {
			"translation": [0, 7.75, 0],
			"scale": [2, 2, 2]
		},
		"firstperson_righthand": {
			"rotation": [-6, 0, 0],
			"translation": [0.5, 6.25, 0.5],
			"scale": [1.5, 2, 2]
		},
		"firstperson_lefthand": {
			"rotation": [-6, 0, 0],
			"translation": [0.5, 6.25, 0.5],
			"scale": [1.5, 2, 2]
		},
		"ground": {
			"rotation": [0, 0, -90],
			"translation": [0, -3.25, 0],
			"scale": [2, 2, 2]
		},
		"gui": {
			"rotation": [-85, -133, -95],
			"scale": [0.9, 0.9, 0.9]
		},
		"fixed": {
			"rotation": [85, 17, 0],
			"translation": [0, -5, -61.75],
			"scale": [3, 3, 3]
		}
	},
	"groups": [
		{
			"name": "bass",
			"origin": [8, 8, 8],
			"children": [0, 1, 2, 3, 4, 5, 6, 7]
		}
	]
}