{
	"credit": "Made with Blockbench",
	"textures": {
		"0": "block/grass",
		"particle": "block/grass"
	},
	"elements": [
		{
			"name": "grass",
			"from": [4.18896, -2, 11.2639],
			"to": [4.18896, 12, 13.0139],
			"rotation": {"angle": -22.5, "axis": "y", "origin": [8.59403, 3.53959, 8.158]},
			"faces": {
				"east": {"uv": [3, 0, 6, 3], "texture": "#0", "tintindex": 0},
				"west": {"uv": [3, 0, 6, 3], "texture": "#0", "tintindex": 0}
			}
		},
		{
			"name": "grass",
			"from": [8.79382, -2, 0.10632],
			"to": [8.79382, 10, 1.85632],
			"rotation": {"angle": 0, "axis": "y", "origin": [7.59403, 3.53959, 7.4705]},
			"faces": {
				"east": {"uv": [0, 0, 3, 3], "texture": "#0", "tintindex": 0},
				"west": {"uv": [0, 0, 3, 3], "texture": "#0", "tintindex": 0}
			}
		},
		{
			"name": "grass",
			"from": [8.31907, 0, 3.06524],
			"to": [8.31907, 10, 4.75274],
			"rotation": {"angle": 45, "axis": "y", "origin": [8.59403, 3.53959, 8.158]},
			"faces": {
				"east": {"uv": [9, 0, 12, 3], "texture": "#0", "tintindex": 0},
				"west": {"uv": [9, 0, 12, 3], "texture": "#0", "tintindex": 0}
			}
		},
		{
			"name": "grass",
			"from": [10.17083, -1, 5.37646],
			"to": [10.17083, 13, 7.12646],
			"rotation": {"angle": -22.5, "axis": "y", "origin": [8.59403, 3.53959, 8.158]},
			"faces": {
				"east": {"uv": [3, 0, 6, 3], "texture": "#0", "tintindex": 0},
				"west": {"uv": [3, 0, 6, 3], "texture": "#0", "tintindex": 0}
			}
		},
		{
			"name": "grass",
			"from": [8.22433, -2, 13.07342],
			"to": [9.97433, 9, 13.07342],
			"rotation": {"angle": -22.5, "axis": "y", "origin": [8.59403, 3.53959, 8.158]},
			"faces": {
				"north": {"uv": [6, 0, 9, 3], "texture": "#0", "tintindex": 0},
				"south": {"uv": [6, 0, 9, 3], "texture": "#0", "tintindex": 0}
			}
		},
		{
			"name": "grass",
			"from": [9.34375, -2, 9],
			"to": [10.90625, 11, 9],
			"rotation": {"angle": 0, "axis": "y", "origin": [8.59403, 3.53959, 8.158]},
			"faces": {
				"north": {"uv": [0, 0, 3, 3], "texture": "#0", "tintindex": 0},
				"south": {"uv": [0, 0, 3, 3], "texture": "#0", "tintindex": 0}
			}
		},
		{
			"name": "grass",
			"from": [2.51797, -3, 9.94826],
			"to": [3.98672, 6, 9.94826],
			"rotation": {"angle": 22.5, "axis": "y", "origin": [8.59403, 3.53959, 8.158]},
			"faces": {
				"north": {"uv": [0, 0, 3, 3], "texture": "#0", "tintindex": 0},
				"south": {"uv": [0, 0, 3, 3], "texture": "#0", "tintindex": 0}
			}
		},
		{
			"name": "grass",
			"from": [11.54366, -2, 13.98731],
			"to": [13.29366, 7, 13.98731],
			"rotation": {"angle": -22.5, "axis": "y", "origin": [8.59403, 3.53959, 8.158]},
			"faces": {
				"north": {"uv": [0, 0, 3, 3], "texture": "#0", "tintindex": 0},
				"south": {"uv": [0, 0, 3, 3], "texture": "#0", "tintindex": 0}
			}
		},
		{
			"name": "grass",
			"from": [13.91882, -4, 10.66882],
			"to": [15.66882, 4, 10.66882],
			"rotation": {"angle": 0, "axis": "y", "origin": [8.59403, 3.53959, 8.158]},
			"faces": {
				"north": {"uv": [6, 0, 9, 3], "texture": "#0", "tintindex": 0},
				"south": {"uv": [6, 0, 9, 3], "texture": "#0", "tintindex": 0}
			}
		},
		{
			"name": "grass",
			"from": [7.81938, -3, 6.95899],
			"to": [7.81938, 8, 8.42774],
			"rotation": {"angle": -22.5, "axis": "y", "origin": [8.59403, 3.53959, 8.158]},
			"faces": {
				"east": {"uv": [3, 0, 6, 3], "texture": "#0", "tintindex": 0},
				"west": {"uv": [3, 0, 6, 3], "texture": "#0", "tintindex": 0}
			}
		},
		{
			"name": "grass",
			"from": [14.07786, -4, 4.8245],
			"to": [15.82786, 5, 4.8245],
			"rotation": {"angle": 22.5, "axis": "y", "origin": [8.59403, 3.53959, 8.158]},
			"faces": {
				"north": {"uv": [9, 0, 12, 3], "texture": "#0", "tintindex": 0},
				"south": {"uv": [9, 0, 12, 3], "texture": "#0", "tintindex": 0}
			}
		},
		{
			"name": "grass",
			"from": [3.91255, -6, 1.92568],
			"to": [3.91255, 3, 3.67568],
			"rotation": {"angle": 22.5, "axis": "y", "origin": [8.59403, 3.53959, 8.158]},
			"faces": {
				"east": {"uv": [6, 0, 9, 3], "texture": "#0", "tintindex": 0},
				"west": {"uv": [6, 0, 9, 3], "texture": "#0", "tintindex": 0}
			}
		},
		{
			"name": "grass",
			"from": [0.64368, -4.45672, 14.87117],
			"to": [2.64368, 8.54328, 14.87117],
			"rotation": {"angle": 22.5, "axis": "x", "origin": [1.64368, 1.54328, 14.87117]},
			"faces": {
				"north": {"uv": [6, 0, 9, 3], "texture": "#0", "tintindex": 0},
				"south": {"uv": [6, 0, 9, 3], "texture": "#0", "tintindex": 0}
			}
		},
		{
			"name": "grass",
			"from": [13.98779, -6.38098, 7.53987],
			"to": [15.98779, 9.61902, 7.53987],
			"rotation": {"angle": -22.5, "axis": "x", "origin": [14.98779, -1.38098, 7.53987]},
			"faces": {
				"north": {"uv": [0, 0, 3, 3], "texture": "#0", "tintindex": 0},
				"south": {"uv": [0, 0, 3, 3], "texture": "#0", "tintindex": 0}
			}
		},
		{
			"name": "grass",
			"from": [3.2664, -4.45672, 2],
			"to": [3.2664, 9.54328, 4],
			"rotation": {"angle": 22.5, "axis": "z", "origin": [3.2664, 1.54328, 3]},
			"faces": {
				"east": {"uv": [6, 0, 9, 3], "texture": "#0", "tintindex": 0},
				"west": {"uv": [6, 0, 9, 3], "texture": "#0", "tintindex": 0}
			}
		},
		{
			"name": "grass",
			"from": [9.57102, -6.3806, 8.87814],
			"to": [9.57102, 7.6194, 10.87814],
			"rotation": {"angle": -22.5, "axis": "z", "origin": [9.57102, -1.3806, 9.87814]},
			"faces": {
				"east": {"uv": [0, 0, 3, 3], "texture": "#0", "tintindex": 0},
				"west": {"uv": [0, 0, 3, 3], "texture": "#0", "tintindex": 0}
			}
		},
		{
			"name": "grass",
			"from": [-6.40675, -7.29772, 6.25559],
			"to": [-6.40675, 3.70228, 8.25559],
			"rotation": {"angle": 45, "axis": "z", "origin": [-6.40675, -1.29772, 7.25559]},
			"faces": {
				"east": {"uv": [9, 0, 12, 3], "texture": "#0", "tintindex": 0},
				"west": {"uv": [9, 0, 12, 3], "texture": "#0", "tintindex": 0}
			}
		},
		{
			"name": "grass",
			"from": [10.27548, -9.81054, 20.30854],
			"to": [12.27548, 0.18946, 20.30854],
			"rotation": {"angle": 45, "axis": "x", "origin": [11.27548, -5.81054, 20.30854]},
			"faces": {
				"north": {"uv": [6, 0, 9, 3], "texture": "#0", "tintindex": 0},
				"south": {"uv": [6, 0, 9, 3], "texture": "#0", "tintindex": 0}
			}
		},
		{
			"name": "grass",
			"from": [7.40101, -4.58954, -4.84915],
			"to": [9.40101, 2.41046, -4.84915],
			"rotation": {"angle": -45, "axis": "x", "origin": [7.59403, -3.06366, 2.35281]},
			"faces": {
				"north": {"uv": [9, 0, 12, 3], "texture": "#0", "tintindex": 0},
				"south": {"uv": [9, 0, 12, 3], "texture": "#0", "tintindex": 0}
			}
		},
		{
			"name": "grass",
			"from": [2.28125, -6.96689, -5.7767],
			"to": [4.28125, 4.03311, -5.7767],
			"rotation": {"angle": -45, "axis": "x", "origin": [3.28125, -0.96689, -5.7767]},
			"faces": {
				"north": {"uv": [6, 0, 9, 3], "texture": "#0", "tintindex": 0},
				"south": {"uv": [6, 0, 9, 3], "texture": "#0", "tintindex": 0}
			}
		},
		{
			"name": "grass",
			"from": [11.5625, -5.91533, -0.5287],
			"to": [13.5625, 6.49092, -0.5287],
			"rotation": {"angle": -45, "axis": "x", "origin": [12.5625, 0.78779, -0.5287]},
			"faces": {
				"north": {"uv": [0, 0, 3, 3], "texture": "#0", "tintindex": 0},
				"south": {"uv": [0, 0, 3, 3], "texture": "#0", "tintindex": 0}
			}
		},
		{
			"name": "grass",
			"from": [15.69, -5.44728, 4.29382],
			"to": [15.69, 7.55272, 6.29382],
			"rotation": {"angle": -45, "axis": "z", "origin": [15.69, 1.55272, 5.29382]},
			"faces": {
				"east": {"uv": [0, 0, 3, 3], "texture": "#0", "tintindex": 0},
				"west": {"uv": [0, 0, 3, 3], "texture": "#0", "tintindex": 0}
			}
		},
		{
			"name": "grass",
			"from": [17.4296, -9.66297, 10],
			"to": [17.4296, -1.66297, 12],
			"rotation": {"angle": -45, "axis": "z", "origin": [17.4296, -5.66297, 11]},
			"faces": {
				"east": {"uv": [0, 0, 3, 3], "texture": "#0", "tintindex": 0},
				"west": {"uv": [0, 0, 3, 3], "texture": "#0", "tintindex": 0}
			}
		},
		{
			"name": "grass",
			"from": [10.27548, -9.81054, 20.30854],
			"to": [12.27548, 0.18946, 20.30854],
			"rotation": {"angle": 45, "axis": "x", "origin": [11.27548, -5.81054, 20.30854]},
			"faces": {
				"north": {"uv": [6, 0, 9, 3], "texture": "#0", "tintindex": 0},
				"south": {"uv": [6, 0, 9, 3], "texture": "#0", "tintindex": 0}
			}
		},
		{
			"name": "grass",
			"from": [4.5625, -6.55356, 15.21808],
			"to": [6.5625, 5.44644, 15.21808],
			"rotation": {"angle": 45, "axis": "x", "origin": [5.5625, -0.55356, 15.21808]},
			"faces": {
				"north": {"uv": [0, 0, 3, 3], "texture": "#0", "tintindex": 0},
				"south": {"uv": [0, 0, 3, 3], "texture": "#0", "tintindex": 0}
			}
		}
	],
	"groups": [
		{
			"name": "top",
			"origin": [8.59403, 17.53959, 8.158],
			"color": 0,
			"children": [0, 1, 2, 3, 4, 5, 6, 7, 8, 9, 10, 11]
		},
		{
			"name": "tops",
			"origin": [8.59403, 3.53959, 8.158],
			"color": 0,
			"children": [12, 13, 14, 15, 16, 17, 18, 19, 20, 21, 22, 23, 24]
		}
	]
}